ISO-10303-21;
HEADER;
FILE_DESCRIPTION(('Open CASCADE Model'),'2;1');
FILE_NAME('Open CASCADE Shape Model','2026-08-28T21:32:48',('Author'),(
    'Open CASCADE'),'Open CASCADE STEP processor 7.8','Open CASCADE 7.8'
  ,'Unknown');
FILE_SCHEMA(('AUTOMOTIVE_DESIGN { 1 0 10303 214 1 1 1 1 }'));
ENDSEC;
DATA;
#1 = APPLICATION_PROTOCOL_DEFINITION('international standard',
  'automotive_design',2000,#2);
#2 = APPLICATION_CONTEXT(
  'core data for automotive mechanical design processes');
#3 = SHAPE_DEFINITION_REPRESENTATION(#4,#10);
#4 = PRODUCT_DEFINITION_SHAPE('','',#5);
#5 = PRODUCT_DEFINITION('design','',#6,#9);
#6 = PRODUCT_DEFINITION_FORMATION('','',#7);
#7 = PRODUCT('C270_PanTilt_Printable_Assembly',
  'C270_PanTilt_Printable_Assembly','',(#8));
#8 = PRODUCT_CONTEXT('',#2,'mechanical');
#9 = PRODUCT_DEFINITION_CONTEXT('part definition',#2,'design');
#10 = SHAPE_REPRESENTATION('',(#11,#15,#19,#23,#27),#31);
#11 = AXIS2_PLACEMENT_3D('',#12,#13,#14);
#12 = CARTESIAN_POINT('',(0.,0.,0.));
#13 = DIRECTION('',(0.,0.,1.));
#14 = DIRECTION('',(1.,0.,-0.));
#15 = AXIS2_PLACEMENT_3D('',#16,#17,#18);
#16 = CARTESIAN_POINT('',(0.,0.,0.));
#17 = DIRECTION('',(0.,0.,1.));
#18 = DIRECTION('',(1.,0.,-0.));
#19 = AXIS2_PLACEMENT_3D('',#20,#21,#22);
#20 = CARTESIAN_POINT('',(0.,0.,0.));
#21 = DIRECTION('',(0.,0.,1.));
#22 = DIRECTION('',(1.,0.,-0.));
#23 = AXIS2_PLACEMENT_3D('',#24,#25,#26);
#24 = CARTESIAN_POINT('',(0.,0.,0.));
#25 = DIRECTION('',(0.,0.,1.));
#26 = DIRECTION('',(1.,0.,-0.));
#27 = AXIS2_PLACEMENT_3D('',#28,#29,#30);
#28 = CARTESIAN_POINT('',(0.,31.,94.));
#29 = DIRECTION('',(0.,0.,1.));
#30 = DIRECTION('',(1.,0.,-0.));
#31 = ( GEOMETRIC_REPRESENTATION_CONTEXT(3) 
GLOBAL_UNCERTAINTY_ASSIGNED_CONTEXT((#35)) GLOBAL_UNIT_ASSIGNED_CONTEXT(
(#32,#33,#34)) REPRESENTATION_CONTEXT('Context #1',
  '3D Context with UNIT and UNCERTAINTY') );
#32 = ( LENGTH_UNIT() NAMED_UNIT(*) SI_UNIT(.MILLI.,.METRE.) );
#33 = ( NAMED_UNIT(*) PLANE_ANGLE_UNIT() SI_UNIT($,.RADIAN.) );
#34 = ( NAMED_UNIT(*) SI_UNIT($,.STERADIAN.) SOLID_ANGLE_UNIT() );
#35 = UNCERTAINTY_MEASURE_WITH_UNIT(LENGTH_MEASURE(2.E-07),#32,
  'distance_accuracy_value','confusion accuracy');
#36 = PRODUCT_RELATED_PRODUCT_CATEGORY('part',$,(#7));
#37 = SHAPE_DEFINITION_REPRESENTATION(#38,#44);
#38 = PRODUCT_DEFINITION_SHAPE('','',#39);
#39 = PRODUCT_DEFINITION('design','',#40,#43);
#40 = PRODUCT_DEFINITION_FORMATION('','',#41);
#41 = PRODUCT('PanServo_StabilityBase','PanServo_StabilityBase','',(#42)
  );
#42 = PRODUCT_CONTEXT('',#2,'mechanical');
#43 = PRODUCT_DEFINITION_CONTEXT('part definition',#2,'design');
#44 = ADVANCED_BREP_SHAPE_REPRESENTATION('',(#11,#45),#5393);
#45 = MANIFOLD_SOLID_BREP('',#46);
#46 = CLOSED_SHELL('',(#47,#360,#435,#565,#676,#749,#796,#921,#1032,
    #1078,#1132,#1255,#1990,#2063,#2319,#2346,#2373,#2553,#2600,#2647,
    #2825,#2928,#3021,#3090,#3097,#3104,#3178,#3281,#3374,#3576,#3623,
    #3670,#3781,#3836,#3891,#3946,#4001,#4051,#4101,#4151,#4201,#4322,
    #4369,#4396,#4454,#4461,#4488,#4515,#4522,#4549,#4576,#4583,#4704,
    #4751,#4778,#4805,#4843,#4850,#4857,#4864,#4871,#4947,#4996,#5045,
    #5072,#5122,#5198,#5247,#5296,#5323,#5373,#5383));
#47 = ADVANCED_FACE('',(#48),#62,.T.);
#48 = FACE_BOUND('',#49,.F.);
#49 = EDGE_LOOP('',(#50,#80,#107,#108,#141,#167,#195,#221,#254,#280,#308
    ,#334));
#50 = ORIENTED_EDGE('',*,*,#51,.F.);
#51 = EDGE_CURVE('',#52,#54,#56,.T.);
#52 = VERTEX_POINT('',#53);
#53 = CARTESIAN_POINT('',(70.,0.,-25.2));
#54 = VERTEX_POINT('',#55);
#55 = CARTESIAN_POINT('',(70.,0.,-25.));
#56 = SEAM_CURVE('',#57,(#61,#73),.PCURVE_S1.);
#57 = LINE('',#58,#59);
#58 = CARTESIAN_POINT('',(70.,0.,-27.));
#59 = VECTOR('',#60,1.);
#60 = DIRECTION('',(0.,0.,1.));
#61 = PCURVE('',#62,#67);
#62 = CYLINDRICAL_SURFACE('',#63,70.);
#63 = AXIS2_PLACEMENT_3D('',#64,#65,#66);
#64 = CARTESIAN_POINT('',(0.,0.,-27.));
#65 = DIRECTION('',(-0.,-0.,-1.));
#66 = DIRECTION('',(1.,0.,0.));
#67 = DEFINITIONAL_REPRESENTATION('',(#68),#72);
#68 = LINE('',#69,#70);
#69 = CARTESIAN_POINT('',(-6.28318530718,0.));
#70 = VECTOR('',#71,1.);
#71 = DIRECTION('',(-0.,-1.));
#72 = ( GEOMETRIC_REPRESENTATION_CONTEXT(2) 
PARAMETRIC_REPRESENTATION_CONTEXT() REPRESENTATION_CONTEXT('2D SPACE',''
  ) );
#73 = PCURVE('',#62,#74);
#74 = DEFINITIONAL_REPRESENTATION('',(#75),#79);
#75 = LINE('',#76,#77);
#76 = CARTESIAN_POINT('',(-0.,0.));
#77 = VECTOR('',#78,1.);
#78 = DIRECTION('',(-0.,-1.));
#79 = ( GEOMETRIC_REPRESENTATION_CONTEXT(2) 
PARAMETRIC_REPRESENTATION_CONTEXT() REPRESENTATION_CONTEXT('2D SPACE',''
  ) );
#80 = ORIENTED_EDGE('',*,*,#81,.F.);
#81 = EDGE_CURVE('',#52,#52,#82,.T.);
#82 = SURFACE_CURVE('',#83,(#88,#95),.PCURVE_S1.);
#83 = CIRCLE('',#84,70.);
#84 = AXIS2_PLACEMENT_3D('',#85,#86,#87);
#85 = CARTESIAN_POINT('',(0.,0.,-25.2));
#86 = DIRECTION('',(0.,0.,1.));
#87 = DIRECTION('',(1.,0.,-0.));
#88 = PCURVE('',#62,#89);
#89 = DEFINITIONAL_REPRESENTATION('',(#90),#94);
#90 = LINE('',#91,#92);
#91 = CARTESIAN_POINT('',(-0.,-1.8));
#92 = VECTOR('',#93,1.);
#93 = DIRECTION('',(-1.,0.));
#94 = ( GEOMETRIC_REPRESENTATION_CONTEXT(2) 
PARAMETRIC_REPRESENTATION_CONTEXT() REPRESENTATION_CONTEXT('2D SPACE',''
  ) );
#95 = PCURVE('',#96,#101);
#96 = TOROIDAL_SURFACE('',#97,68.2,1.8);
#97 = AXIS2_PLACEMENT_3D('',#98,#99,#100);
#98 = CARTESIAN_POINT('',(0.,0.,-25.2));
#99 = DIRECTION('',(-0.,-0.,-1.));
#100 = DIRECTION('',(1.,0.,-0.));
#101 = DEFINITIONAL_REPRESENTATION('',(#102),#106);
#102 = LINE('',#103,#104);
#103 = CARTESIAN_POINT('',(-0.,0.));
#104 = VECTOR('',#105,1.);
#105 = DIRECTION('',(-1.,0.));
#106 = ( GEOMETRIC_REPRESENTATION_CONTEXT(2) 
PARAMETRIC_REPRESENTATION_CONTEXT() REPRESENTATION_CONTEXT('2D SPACE',''
  ) );
#107 = ORIENTED_EDGE('',*,*,#51,.T.);
#108 = ORIENTED_EDGE('',*,*,#109,.F.);
#109 = EDGE_CURVE('',#110,#54,#112,.T.);
#110 = VERTEX_POINT('',#111);
#111 = CARTESIAN_POINT('',(69.649120597463,7.,-25.));
#112 = SURFACE_CURVE('',#113,(#118,#125),.PCURVE_S1.);
#113 = CIRCLE('',#114,70.);
#114 = AXIS2_PLACEMENT_3D('',#115,#116,#117);
#115 = CARTESIAN_POINT('',(0.,0.,-25.));
#116 = DIRECTION('',(0.,0.,-1.));
#117 = DIRECTION('',(1.,0.,0.));
#118 = PCURVE('',#62,#119);
#119 = DEFINITIONAL_REPRESENTATION('',(#120),#124);
#120 = LINE('',#121,#122);
#121 = CARTESIAN_POINT('',(-6.28318530718,-2.));
#122 = VECTOR('',#123,1.);
#123 = DIRECTION('',(1.,-0.));
#124 = ( GEOMETRIC_REPRESENTATION_CONTEXT(2) 
PARAMETRIC_REPRESENTATION_CONTEXT() REPRESENTATION_CONTEXT('2D SPACE',''
  ) );
#125 = PCURVE('',#126,#131);
#126 = PLANE('',#127);
#127 = AXIS2_PLACEMENT_3D('',#128,#129,#130);
#128 = CARTESIAN_POINT('',(18.,-7.,-25.));
#129 = DIRECTION('',(0.,0.,1.));
#130 = DIRECTION('',(1.,0.,0.));
#131 = DEFINITIONAL_REPRESENTATION('',(#132),#140);
#132 = ( BOUNDED_CURVE() B_SPLINE_CURVE(2,(#133,#134,#135,#136,#137,#138
,#139),.UNSPECIFIED.,.T.,.F.) B_SPLINE_CURVE_WITH_KNOTS((1,2,2,2,2,1),(
    -2.094395102393,0.,2.094395102393,4.188790204786,6.28318530718,
8.377580409573),.UNSPECIFIED.) CURVE() GEOMETRIC_REPRESENTATION_ITEM() 
RATIONAL_B_SPLINE_CURVE((1.,0.5,1.,0.5,1.,0.5,1.)) REPRESENTATION_ITEM(
  '') );
#133 = CARTESIAN_POINT('',(52.,7.));
#134 = CARTESIAN_POINT('',(52.,-114.2435565298));
#135 = CARTESIAN_POINT('',(-53.,-53.62177826491));
#136 = CARTESIAN_POINT('',(-158.,7.));
#137 = CARTESIAN_POINT('',(-53.,67.621778264911));
#138 = CARTESIAN_POINT('',(52.,128.24355652982));
#139 = CARTESIAN_POINT('',(52.,7.));
#140 = ( GEOMETRIC_REPRESENTATION_CONTEXT(2) 
PARAMETRIC_REPRESENTATION_CONTEXT() REPRESENTATION_CONTEXT('2D SPACE',''
  ) );
#141 = ORIENTED_EDGE('',*,*,#142,.F.);
#142 = EDGE_CURVE('',#143,#110,#145,.T.);
#143 = VERTEX_POINT('',#144);
#144 = CARTESIAN_POINT('',(69.649120597463,7.,-22.8));
#145 = SURFACE_CURVE('',#146,(#150,#156),.PCURVE_S1.);
#146 = LINE('',#147,#148);
#147 = CARTESIAN_POINT('',(69.649120597463,7.,-27.));
#148 = VECTOR('',#149,1.);
#149 = DIRECTION('',(-0.,-0.,-1.));
#150 = PCURVE('',#62,#151);
#151 = DEFINITIONAL_REPRESENTATION('',(#152),#155);
#152 = B_SPLINE_CURVE_WITH_KNOTS('',1,(#153,#154),.UNSPECIFIED.,.F.,.F.,
  (2,2),(-4.2000006,-1.7999994),.PIECEWISE_BEZIER_KNOTS.);
#153 = CARTESIAN_POINT('',(-0.100167421162,-4.2000006));
#154 = CARTESIAN_POINT('',(-0.100167421162,-1.7999994));
#155 = ( GEOMETRIC_REPRESENTATION_CONTEXT(2) 
PARAMETRIC_REPRESENTATION_CONTEXT() REPRESENTATION_CONTEXT('2D SPACE',''
  ) );
#156 = PCURVE('',#157,#162);
#157 = PLANE('',#158);
#158 = AXIS2_PLACEMENT_3D('',#159,#160,#161);
#159 = CARTESIAN_POINT('',(18.,7.,-25.));
#160 = DIRECTION('',(0.,1.,0.));
#161 = DIRECTION('',(0.,0.,1.));
#162 = DEFINITIONAL_REPRESENTATION('',(#163),#166);
#163 = B_SPLINE_CURVE_WITH_KNOTS('',1,(#164,#165),.UNSPECIFIED.,.F.,.F.,
  (2,2),(-4.2000006,-1.7999994),.PIECEWISE_BEZIER_KNOTS.);
#164 = CARTESIAN_POINT('',(2.2000006,51.649120597463));
#165 = CARTESIAN_POINT('',(-0.2000006,51.649120597463));
#166 = ( GEOMETRIC_REPRESENTATION_CONTEXT(2) 
PARAMETRIC_REPRESENTATION_CONTEXT() REPRESENTATION_CONTEXT('2D SPACE',''
  ) );
#167 = ORIENTED_EDGE('',*,*,#168,.T.);
#168 = EDGE_CURVE('',#143,#169,#171,.T.);
#169 = VERTEX_POINT('',#170);
#170 = CARTESIAN_POINT('',(-69.64912059746,7.,-22.8));
#171 = SURFACE_CURVE('',#172,(#177,#184),.PCURVE_S1.);
#172 = CIRCLE('',#173,70.);
#173 = AXIS2_PLACEMENT_3D('',#174,#175,#176);
#174 = CARTESIAN_POINT('',(0.,0.,-22.8));
#175 = DIRECTION('',(0.,0.,1.));
#176 = DIRECTION('',(1.,0.,-0.));
#177 = PCURVE('',#62,#178);
#178 = DEFINITIONAL_REPRESENTATION('',(#179),#183);
#179 = LINE('',#180,#181);
#180 = CARTESIAN_POINT('',(-0.,-4.2));
#181 = VECTOR('',#182,1.);
#182 = DIRECTION('',(-1.,0.));
#183 = ( GEOMETRIC_REPRESENTATION_CONTEXT(2) 
PARAMETRIC_REPRESENTATION_CONTEXT() REPRESENTATION_CONTEXT('2D SPACE',''
  ) );
#184 = PCURVE('',#185,#190);
#185 = TOROIDAL_SURFACE('',#186,68.2,1.8);
#186 = AXIS2_PLACEMENT_3D('',#187,#188,#189);
#187 = CARTESIAN_POINT('',(0.,0.,-22.8));
#188 = DIRECTION('',(0.,0.,1.));
#189 = DIRECTION('',(1.,0.,-0.));
#190 = DEFINITIONAL_REPRESENTATION('',(#191),#194);
#191 = B_SPLINE_CURVE_WITH_KNOTS('',1,(#192,#193),.UNSPECIFIED.,.F.,.F.,
  (2,2),(0.,3.041425232428),.PIECEWISE_BEZIER_KNOTS.);
#192 = CARTESIAN_POINT('',(6.28318530718,0.));
#193 = CARTESIAN_POINT('',(9.324610539608,0.));
#194 = ( GEOMETRIC_REPRESENTATION_CONTEXT(2) 
PARAMETRIC_REPRESENTATION_CONTEXT() REPRESENTATION_CONTEXT('2D SPACE',''
  ) );
#195 = ORIENTED_EDGE('',*,*,#196,.T.);
#196 = EDGE_CURVE('',#169,#197,#199,.T.);
#197 = VERTEX_POINT('',#198);
#198 = CARTESIAN_POINT('',(-69.64912059746,7.,-25.));
#199 = SURFACE_CURVE('',#200,(#204,#210),.PCURVE_S1.);
#200 = LINE('',#201,#202);
#201 = CARTESIAN_POINT('',(-69.64912059746,7.,-27.));
#202 = VECTOR('',#203,1.);
#203 = DIRECTION('',(-0.,-0.,-1.));
#204 = PCURVE('',#62,#205);
#205 = DEFINITIONAL_REPRESENTATION('',(#206),#209);
#206 = B_SPLINE_CURVE_WITH_KNOTS('',1,(#207,#208),.UNSPECIFIED.,.F.,.F.,
  (2,2),(-4.2000006,-1.7999994),.PIECEWISE_BEZIER_KNOTS.);
#207 = CARTESIAN_POINT('',(-3.041425232428,-4.2000006));
#208 = CARTESIAN_POINT('',(-3.041425232428,-1.7999994));
#209 = ( GEOMETRIC_REPRESENTATION_CONTEXT(2) 
PARAMETRIC_REPRESENTATION_CONTEXT() REPRESENTATION_CONTEXT('2D SPACE',''
  ) );
#210 = PCURVE('',#211,#216);
#211 = PLANE('',#212);
#212 = AXIS2_PLACEMENT_3D('',#213,#214,#215);
#213 = CARTESIAN_POINT('',(-71.,7.,-25.));
#214 = DIRECTION('',(0.,1.,0.));
#215 = DIRECTION('',(0.,0.,1.));
#216 = DEFINITIONAL_REPRESENTATION('',(#217),#220);
#217 = B_SPLINE_CURVE_WITH_KNOTS('',1,(#218,#219),.UNSPECIFIED.,.F.,.F.,
  (2,2),(-4.2000006,-1.7999994),.PIECEWISE_BEZIER_KNOTS.);
#218 = CARTESIAN_POINT('',(2.2000006,1.350879402537));
#219 = CARTESIAN_POINT('',(-0.2000006,1.350879402537));
#220 = ( GEOMETRIC_REPRESENTATION_CONTEXT(2) 
PARAMETRIC_REPRESENTATION_CONTEXT() REPRESENTATION_CONTEXT('2D SPACE',''
  ) );
#221 = ORIENTED_EDGE('',*,*,#222,.F.);
#222 = EDGE_CURVE('',#223,#197,#225,.T.);
#223 = VERTEX_POINT('',#224);
#224 = CARTESIAN_POINT('',(-69.64912059746,-7.,-25.));
#225 = SURFACE_CURVE('',#226,(#231,#238),.PCURVE_S1.);
#226 = CIRCLE('',#227,70.);
#227 = AXIS2_PLACEMENT_3D('',#228,#229,#230);
#228 = CARTESIAN_POINT('',(0.,0.,-25.));
#229 = DIRECTION('',(0.,0.,-1.));
#230 = DIRECTION('',(1.,0.,0.));
#231 = PCURVE('',#62,#232);
#232 = DEFINITIONAL_REPRESENTATION('',(#233),#237);
#233 = LINE('',#234,#235);
#234 = CARTESIAN_POINT('',(-6.28318530718,-2.));
#235 = VECTOR('',#236,1.);
#236 = DIRECTION('',(1.,-0.));
#237 = ( GEOMETRIC_REPRESENTATION_CONTEXT(2) 
PARAMETRIC_REPRESENTATION_CONTEXT() REPRESENTATION_CONTEXT('2D SPACE',''
  ) );
#238 = PCURVE('',#239,#244);
#239 = PLANE('',#240);
#240 = AXIS2_PLACEMENT_3D('',#241,#242,#243);
#241 = CARTESIAN_POINT('',(-71.,-7.,-25.));
#242 = DIRECTION('',(0.,0.,1.));
#243 = DIRECTION('',(1.,0.,0.));
#244 = DEFINITIONAL_REPRESENTATION('',(#245),#253);
#245 = ( BOUNDED_CURVE() B_SPLINE_CURVE(2,(#246,#247,#248,#249,#250,#251
,#252),.UNSPECIFIED.,.T.,.F.) B_SPLINE_CURVE_WITH_KNOTS((1,2,2,2,2,1),(
    -2.094395102393,0.,2.094395102393,4.188790204786,6.28318530718,
8.377580409573),.UNSPECIFIED.) CURVE() GEOMETRIC_REPRESENTATION_ITEM() 
RATIONAL_B_SPLINE_CURVE((1.,0.5,1.,0.5,1.,0.5,1.)) REPRESENTATION_ITEM(
  '') );
#246 = CARTESIAN_POINT('',(141.,7.));
#247 = CARTESIAN_POINT('',(141.,-114.2435565298));
#248 = CARTESIAN_POINT('',(36.,-53.62177826491));
#249 = CARTESIAN_POINT('',(-69.,7.));
#250 = CARTESIAN_POINT('',(36.,67.621778264911));
#251 = CARTESIAN_POINT('',(141.,128.24355652982));
#252 = CARTESIAN_POINT('',(141.,7.));
#253 = ( GEOMETRIC_REPRESENTATION_CONTEXT(2) 
PARAMETRIC_REPRESENTATION_CONTEXT() REPRESENTATION_CONTEXT('2D SPACE',''
  ) );
#254 = ORIENTED_EDGE('',*,*,#255,.F.);
#255 = EDGE_CURVE('',#256,#223,#258,.T.);
#256 = VERTEX_POINT('',#257);
#257 = CARTESIAN_POINT('',(-69.64912059746,-7.,-22.8));
#258 = SURFACE_CURVE('',#259,(#263,#269),.PCURVE_S1.);
#259 = LINE('',#260,#261);
#260 = CARTESIAN_POINT('',(-69.64912059746,-7.,-27.));
#261 = VECTOR('',#262,1.);
#262 = DIRECTION('',(-0.,-0.,-1.));
#263 = PCURVE('',#62,#264);
#264 = DEFINITIONAL_REPRESENTATION('',(#265),#268);
#265 = B_SPLINE_CURVE_WITH_KNOTS('',1,(#266,#267),.UNSPECIFIED.,.F.,.F.,
  (2,2),(-4.2000006,-1.7999994),.PIECEWISE_BEZIER_KNOTS.);
#266 = CARTESIAN_POINT('',(-3.241760074751,-4.2000006));
#267 = CARTESIAN_POINT('',(-3.241760074751,-1.7999994));
#268 = ( GEOMETRIC_REPRESENTATION_CONTEXT(2) 
PARAMETRIC_REPRESENTATION_CONTEXT() REPRESENTATION_CONTEXT('2D SPACE',''
  ) );
#269 = PCURVE('',#270,#275);
#270 = PLANE('',#271);
#271 = AXIS2_PLACEMENT_3D('',#272,#273,#274);
#272 = CARTESIAN_POINT('',(-71.,-7.,-25.));
#273 = DIRECTION('',(0.,1.,0.));
#274 = DIRECTION('',(0.,0.,1.));
#275 = DEFINITIONAL_REPRESENTATION('',(#276),#279);
#276 = B_SPLINE_CURVE_WITH_KNOTS('',1,(#277,#278),.UNSPECIFIED.,.F.,.F.,
  (2,2),(-4.2000006,-1.7999994),.PIECEWISE_BEZIER_KNOTS.);
#277 = CARTESIAN_POINT('',(2.2000006,1.350879402537));
#278 = CARTESIAN_POINT('',(-0.2000006,1.350879402537));
#279 = ( GEOMETRIC_REPRESENTATION_CONTEXT(2) 
PARAMETRIC_REPRESENTATION_CONTEXT() REPRESENTATION_CONTEXT('2D SPACE',''
  ) );
#280 = ORIENTED_EDGE('',*,*,#281,.T.);
#281 = EDGE_CURVE('',#256,#282,#284,.T.);
#282 = VERTEX_POINT('',#283);
#283 = CARTESIAN_POINT('',(69.649120597463,-7.,-22.8));
#284 = SURFACE_CURVE('',#285,(#290,#297),.PCURVE_S1.);
#285 = CIRCLE('',#286,70.);
#286 = AXIS2_PLACEMENT_3D('',#287,#288,#289);
#287 = CARTESIAN_POINT('',(0.,0.,-22.8));
#288 = DIRECTION('',(0.,0.,1.));
#289 = DIRECTION('',(1.,0.,-0.));
#290 = PCURVE('',#62,#291);
#291 = DEFINITIONAL_REPRESENTATION('',(#292),#296);
#292 = LINE('',#293,#294);
#293 = CARTESIAN_POINT('',(-0.,-4.2));
#294 = VECTOR('',#295,1.);
#295 = DIRECTION('',(-1.,0.));
#296 = ( GEOMETRIC_REPRESENTATION_CONTEXT(2) 
PARAMETRIC_REPRESENTATION_CONTEXT() REPRESENTATION_CONTEXT('2D SPACE',''
  ) );
#297 = PCURVE('',#298,#303);
#298 = TOROIDAL_SURFACE('',#299,68.2,1.8);
#299 = AXIS2_PLACEMENT_3D('',#300,#301,#302);
#300 = CARTESIAN_POINT('',(0.,0.,-22.8));
#301 = DIRECTION('',(0.,0.,1.));
#302 = DIRECTION('',(1.,0.,-0.));
#303 = DEFINITIONAL_REPRESENTATION('',(#304),#307);
#304 = B_SPLINE_CURVE_WITH_KNOTS('',1,(#305,#306),.UNSPECIFIED.,.F.,.F.,
  (2,2),(3.241760074751,6.28318530718),.PIECEWISE_BEZIER_KNOTS.);
#305 = CARTESIAN_POINT('',(3.241760074751,0.));
#306 = CARTESIAN_POINT('',(6.28318530718,0.));
#307 = ( GEOMETRIC_REPRESENTATION_CONTEXT(2) 
PARAMETRIC_REPRESENTATION_CONTEXT() REPRESENTATION_CONTEXT('2D SPACE',''
  ) );
#308 = ORIENTED_EDGE('',*,*,#309,.T.);
#309 = EDGE_CURVE('',#282,#310,#312,.T.);
#310 = VERTEX_POINT('',#311);
#311 = CARTESIAN_POINT('',(69.649120597463,-7.,-25.));
#312 = SURFACE_CURVE('',#313,(#317,#323),.PCURVE_S1.);
#313 = LINE('',#314,#315);
#314 = CARTESIAN_POINT('',(69.649120597463,-7.,-27.));
#315 = VECTOR('',#316,1.);
#316 = DIRECTION('',(-0.,-0.,-1.));
#317 = PCURVE('',#62,#318);
#318 = DEFINITIONAL_REPRESENTATION('',(#319),#322);
#319 = B_SPLINE_CURVE_WITH_KNOTS('',1,(#320,#321),.UNSPECIFIED.,.F.,.F.,
  (2,2),(-4.2000006,-1.7999994),.PIECEWISE_BEZIER_KNOTS.);
#320 = CARTESIAN_POINT('',(-6.183017886018,-4.2000006));
#321 = CARTESIAN_POINT('',(-6.183017886018,-1.7999994));
#322 = ( GEOMETRIC_REPRESENTATION_CONTEXT(2) 
PARAMETRIC_REPRESENTATION_CONTEXT() REPRESENTATION_CONTEXT('2D SPACE',''
  ) );
#323 = PCURVE('',#324,#329);
#324 = PLANE('',#325);
#325 = AXIS2_PLACEMENT_3D('',#326,#327,#328);
#326 = CARTESIAN_POINT('',(18.,-7.,-25.));
#327 = DIRECTION('',(0.,1.,0.));
#328 = DIRECTION('',(0.,0.,1.));
#329 = DEFINITIONAL_REPRESENTATION('',(#330),#333);
#330 = B_SPLINE_CURVE_WITH_KNOTS('',1,(#331,#332),.UNSPECIFIED.,.F.,.F.,
  (2,2),(-4.2000006,-1.7999994),.PIECEWISE_BEZIER_KNOTS.);
#331 = CARTESIAN_POINT('',(2.2000006,51.649120597463));
#332 = CARTESIAN_POINT('',(-0.2000006,51.649120597463));
#333 = ( GEOMETRIC_REPRESENTATION_CONTEXT(2) 
PARAMETRIC_REPRESENTATION_CONTEXT() REPRESENTATION_CONTEXT('2D SPACE',''
  ) );
#334 = ORIENTED_EDGE('',*,*,#335,.F.);
#335 = EDGE_CURVE('',#54,#310,#336,.T.);
#336 = SURFACE_CURVE('',#337,(#342,#349),.PCURVE_S1.);
#337 = CIRCLE('',#338,70.);
#338 = AXIS2_PLACEMENT_3D('',#339,#340,#341);
#339 = CARTESIAN_POINT('',(0.,0.,-25.));
#340 = DIRECTION('',(0.,0.,-1.));
#341 = DIRECTION('',(1.,0.,0.));
#342 = PCURVE('',#62,#343);
#343 = DEFINITIONAL_REPRESENTATION('',(#344),#348);
#344 = LINE('',#345,#346);
#345 = CARTESIAN_POINT('',(-6.28318530718,-2.));
#346 = VECTOR('',#347,1.);
#347 = DIRECTION('',(1.,-0.));
#348 = ( GEOMETRIC_REPRESENTATION_CONTEXT(2) 
PARAMETRIC_REPRESENTATION_CONTEXT() REPRESENTATION_CONTEXT('2D SPACE',''
  ) );
#349 = PCURVE('',#126,#350);
#350 = DEFINITIONAL_REPRESENTATION('',(#351),#359);
#351 = ( BOUNDED_CURVE() B_SPLINE_CURVE(2,(#352,#353,#354,#355,#356,#357
,#358),.UNSPECIFIED.,.T.,.F.) B_SPLINE_CURVE_WITH_KNOTS((1,2,2,2,2,1),(
    -2.094395102393,0.,2.094395102393,4.188790204786,6.28318530718,
8.377580409573),.UNSPECIFIED.) CURVE() GEOMETRIC_REPRESENTATION_ITEM() 
RATIONAL_B_SPLINE_CURVE((1.,0.5,1.,0.5,1.,0.5,1.)) REPRESENTATION_ITEM(
  '') );
#352 = CARTESIAN_POINT('',(52.,7.));
#353 = CARTESIAN_POINT('',(52.,-114.2435565298));
#354 = CARTESIAN_POINT('',(-53.,-53.62177826491));
#355 = CARTESIAN_POINT('',(-158.,7.));
#356 = CARTESIAN_POINT('',(-53.,67.621778264911));
#357 = CARTESIAN_POINT('',(52.,128.24355652982));
#358 = CARTESIAN_POINT('',(52.,7.));
#359 = ( GEOMETRIC_REPRESENTATION_CONTEXT(2) 
PARAMETRIC_REPRESENTATION_CONTEXT() REPRESENTATION_CONTEXT('2D SPACE',''
  ) );
#360 = ADVANCED_FACE('',(#361),#126,.T.);
#361 = FACE_BOUND('',#362,.T.);
#362 = EDGE_LOOP('',(#363,#386,#412,#433,#434));
#363 = ORIENTED_EDGE('',*,*,#364,.F.);
#364 = EDGE_CURVE('',#365,#110,#367,.T.);
#365 = VERTEX_POINT('',#366);
#366 = CARTESIAN_POINT('',(24.5,7.,-25.));
#367 = SURFACE_CURVE('',#368,(#372,#379),.PCURVE_S1.);
#368 = LINE('',#369,#370);
#369 = CARTESIAN_POINT('',(18.,7.,-25.));
#370 = VECTOR('',#371,1.);
#371 = DIRECTION('',(1.,0.,0.));
#372 = PCURVE('',#126,#373);
#373 = DEFINITIONAL_REPRESENTATION('',(#374),#378);
#374 = LINE('',#375,#376);
#375 = CARTESIAN_POINT('',(0.,14.));
#376 = VECTOR('',#377,1.);
#377 = DIRECTION('',(1.,0.));
#378 = ( GEOMETRIC_REPRESENTATION_CONTEXT(2) 
PARAMETRIC_REPRESENTATION_CONTEXT() REPRESENTATION_CONTEXT('2D SPACE',''
  ) );
#379 = PCURVE('',#157,#380);
#380 = DEFINITIONAL_REPRESENTATION('',(#381),#385);
#381 = LINE('',#382,#383);
#382 = CARTESIAN_POINT('',(0.,0.));
#383 = VECTOR('',#384,1.);
#384 = DIRECTION('',(0.,1.));
#385 = ( GEOMETRIC_REPRESENTATION_CONTEXT(2) 
PARAMETRIC_REPRESENTATION_CONTEXT() REPRESENTATION_CONTEXT('2D SPACE',''
  ) );
#386 = ORIENTED_EDGE('',*,*,#387,.F.);
#387 = EDGE_CURVE('',#388,#365,#390,.T.);
#388 = VERTEX_POINT('',#389);
#389 = CARTESIAN_POINT('',(24.5,-7.,-25.));
#390 = SURFACE_CURVE('',#391,(#395,#401),.PCURVE_S1.);
#391 = LINE('',#392,#393);
#392 = CARTESIAN_POINT('',(24.5,-7.5,-25.));
#393 = VECTOR('',#394,1.);
#394 = DIRECTION('',(0.,1.,0.));
#395 = PCURVE('',#126,#396);
#396 = DEFINITIONAL_REPRESENTATION('',(#397),#400);
#397 = B_SPLINE_CURVE_WITH_KNOTS('',1,(#398,#399),.UNSPECIFIED.,.F.,.F.,
  (2,2),(0.5,14.5),.PIECEWISE_BEZIER_KNOTS.);
#398 = CARTESIAN_POINT('',(6.5,0.));
#399 = CARTESIAN_POINT('',(6.5,14.));
#400 = ( GEOMETRIC_REPRESENTATION_CONTEXT(2) 
PARAMETRIC_REPRESENTATION_CONTEXT() REPRESENTATION_CONTEXT('2D SPACE',''
  ) );
#401 = PCURVE('',#402,#407);
#402 = PLANE('',#403);
#403 = AXIS2_PLACEMENT_3D('',#404,#405,#406);
#404 = CARTESIAN_POINT('',(24.5,-8.,-27.5));
#405 = DIRECTION('',(1.,0.,0.));
#406 = DIRECTION('',(0.,0.,1.));
#407 = DEFINITIONAL_REPRESENTATION('',(#408),#411);
#408 = B_SPLINE_CURVE_WITH_KNOTS('',1,(#409,#410),.UNSPECIFIED.,.F.,.F.,
  (2,2),(0.5,14.5),.PIECEWISE_BEZIER_KNOTS.);
#409 = CARTESIAN_POINT('',(2.5,-1.));
#410 = CARTESIAN_POINT('',(2.5,-15.));
#411 = ( GEOMETRIC_REPRESENTATION_CONTEXT(2) 
PARAMETRIC_REPRESENTATION_CONTEXT() REPRESENTATION_CONTEXT('2D SPACE',''
  ) );
#412 = ORIENTED_EDGE('',*,*,#413,.T.);
#413 = EDGE_CURVE('',#388,#310,#414,.T.);
#414 = SURFACE_CURVE('',#415,(#419,#426),.PCURVE_S1.);
#415 = LINE('',#416,#417);
#416 = CARTESIAN_POINT('',(18.,-7.,-25.));
#417 = VECTOR('',#418,1.);
#418 = DIRECTION('',(1.,0.,0.));
#419 = PCURVE('',#126,#420);
#420 = DEFINITIONAL_REPRESENTATION('',(#421),#425);
#421 = LINE('',#422,#423);
#422 = CARTESIAN_POINT('',(0.,0.));
#423 = VECTOR('',#424,1.);
#424 = DIRECTION('',(1.,0.));
#425 = ( GEOMETRIC_REPRESENTATION_CONTEXT(2) 
PARAMETRIC_REPRESENTATION_CONTEXT() REPRESENTATION_CONTEXT('2D SPACE',''
  ) );
#426 = PCURVE('',#324,#427);
#427 = DEFINITIONAL_REPRESENTATION('',(#428),#432);
#428 = LINE('',#429,#430);
#429 = CARTESIAN_POINT('',(0.,0.));
#430 = VECTOR('',#431,1.);
#431 = DIRECTION('',(0.,1.));
#432 = ( GEOMETRIC_REPRESENTATION_CONTEXT(2) 
PARAMETRIC_REPRESENTATION_CONTEXT() REPRESENTATION_CONTEXT('2D SPACE',''
  ) );
#433 = ORIENTED_EDGE('',*,*,#335,.F.);
#434 = ORIENTED_EDGE('',*,*,#109,.F.);
#435 = ADVANCED_FACE('',(#436),#324,.T.);
#436 = FACE_BOUND('',#437,.T.);
#437 = EDGE_LOOP('',(#438,#439,#460,#486,#564));
#438 = ORIENTED_EDGE('',*,*,#413,.F.);
#439 = ORIENTED_EDGE('',*,*,#440,.F.);
#440 = EDGE_CURVE('',#441,#388,#443,.T.);
#441 = VERTEX_POINT('',#442);
#442 = CARTESIAN_POINT('',(24.5,-7.,-21.));
#443 = SURFACE_CURVE('',#444,(#448,#454),.PCURVE_S1.);
#444 = LINE('',#445,#446);
#445 = CARTESIAN_POINT('',(24.5,-7.,-26.25));
#446 = VECTOR('',#447,1.);
#447 = DIRECTION('',(0.,0.,-1.));
#448 = PCURVE('',#324,#449);
#449 = DEFINITIONAL_REPRESENTATION('',(#450),#453);
#450 = B_SPLINE_CURVE_WITH_KNOTS('',1,(#451,#452),.UNSPECIFIED.,.F.,.F.,
  (2,2),(-5.75,-1.25),.PIECEWISE_BEZIER_KNOTS.);
#451 = CARTESIAN_POINT('',(4.5,6.5));
#452 = CARTESIAN_POINT('',(0.,6.5));
#453 = ( GEOMETRIC_REPRESENTATION_CONTEXT(2) 
PARAMETRIC_REPRESENTATION_CONTEXT() REPRESENTATION_CONTEXT('2D SPACE',''
  ) );
#454 = PCURVE('',#402,#455);
#455 = DEFINITIONAL_REPRESENTATION('',(#456),#459);
#456 = B_SPLINE_CURVE_WITH_KNOTS('',1,(#457,#458),.UNSPECIFIED.,.F.,.F.,
  (2,2),(-5.75,-1.25),.PIECEWISE_BEZIER_KNOTS.);
#457 = CARTESIAN_POINT('',(7.,-1.));
#458 = CARTESIAN_POINT('',(2.5,-1.));
#459 = ( GEOMETRIC_REPRESENTATION_CONTEXT(2) 
PARAMETRIC_REPRESENTATION_CONTEXT() REPRESENTATION_CONTEXT('2D SPACE',''
  ) );
#460 = ORIENTED_EDGE('',*,*,#461,.F.);
#461 = EDGE_CURVE('',#462,#441,#464,.T.);
#462 = VERTEX_POINT('',#463);
#463 = CARTESIAN_POINT('',(67.839811320492,-7.,-21.));
#464 = SURFACE_CURVE('',#465,(#469,#475),.PCURVE_S1.);
#465 = LINE('',#466,#467);
#466 = CARTESIAN_POINT('',(9.,-7.,-21.));
#467 = VECTOR('',#468,1.);
#468 = DIRECTION('',(-1.,0.,0.));
#469 = PCURVE('',#324,#470);
#470 = DEFINITIONAL_REPRESENTATION('',(#471),#474);
#471 = B_SPLINE_CURVE_WITH_KNOTS('',1,(#472,#473),.UNSPECIFIED.,.F.,.F.,
  (2,2),(-59.2,-9.),.PIECEWISE_BEZIER_KNOTS.);
#472 = CARTESIAN_POINT('',(4.,50.2));
#473 = CARTESIAN_POINT('',(4.,0.));
#474 = ( GEOMETRIC_REPRESENTATION_CONTEXT(2) 
PARAMETRIC_REPRESENTATION_CONTEXT() REPRESENTATION_CONTEXT('2D SPACE',''
  ) );
#475 = PCURVE('',#476,#481);
#476 = PLANE('',#477);
#477 = AXIS2_PLACEMENT_3D('',#478,#479,#480);
#478 = CARTESIAN_POINT('',(-2.500461956644E-15,2.143414715277E-15,-21.)
  );
#479 = DIRECTION('',(0.,0.,1.));
#480 = DIRECTION('',(1.,0.,-0.));
#481 = DEFINITIONAL_REPRESENTATION('',(#482),#485);
#482 = B_SPLINE_CURVE_WITH_KNOTS('',1,(#483,#484),.UNSPECIFIED.,.F.,.F.,
  (2,2),(-59.2,-9.),.PIECEWISE_BEZIER_KNOTS.);
#483 = CARTESIAN_POINT('',(68.2,-7.));
#484 = CARTESIAN_POINT('',(18.,-7.));
#485 = ( GEOMETRIC_REPRESENTATION_CONTEXT(2) 
PARAMETRIC_REPRESENTATION_CONTEXT() REPRESENTATION_CONTEXT('2D SPACE',''
  ) );
#486 = ORIENTED_EDGE('',*,*,#487,.F.);
#487 = EDGE_CURVE('',#282,#462,#488,.T.);
#488 = SURFACE_CURVE('',#489,(#512,#538),.PCURVE_S1.);
#489 = B_SPLINE_CURVE_WITH_KNOTS('',6,(#490,#491,#492,#493,#494,#495,
    #496,#497,#498,#499,#500,#501,#502,#503,#504,#505,#506,#507,#508,
    #509,#510,#511),.UNSPECIFIED.,.F.,.F.,(7,5,5,5,7),(0.,0.342067675927
    ,0.511992040975,0.681092006665,1.),.UNSPECIFIED.);
#490 = CARTESIAN_POINT('',(69.649120597463,-7.,-22.8));
#491 = CARTESIAN_POINT('',(69.649120597463,-7.,-22.63848789038));
#492 = CARTESIAN_POINT('',(69.631642129202,-7.,-22.47694829101));
#493 = CARTESIAN_POINT('',(69.596674744221,-7.,-22.31780261345));
#494 = CARTESIAN_POINT('',(69.544683902229,-7.,-22.1633691227));
#495 = CARTESIAN_POINT('',(69.476491168038,-7.,-22.01586011412));
#496 = CARTESIAN_POINT('',(69.352072061951,-7.,-21.80850399535));
#497 = CARTESIAN_POINT('',(69.307089734266,-7.,-21.74189218007));
#498 = CARTESIAN_POINT('',(69.258569695339,-7.,-21.67773414087));
#499 = CARTESIAN_POINT('',(69.206683708422,-7.,-21.61626011338));
#500 = CARTESIAN_POINT('',(69.151623126965,-7.,-21.55768364309));
#501 = CARTESIAN_POINT('',(69.03585447468,-7.,-21.4469877371));
#502 = CARTESIAN_POINT('',(68.975174030249,-7.,-21.39483732888));
#503 = CARTESIAN_POINT('',(68.911763772817,-7.,-21.3459432106));
#504 = CARTESIAN_POINT('',(68.845845575733,-7.,-21.30047850901));
#505 = CARTESIAN_POINT('',(68.777655230677,-7.,-21.25859593217));
#506 = CARTESIAN_POINT('',(68.575024598535,-7.,-21.14844528572));
#507 = CARTESIAN_POINT('',(68.43539536566,-7.,-21.08966440909));
#508 = CARTESIAN_POINT('',(68.290242675222,-7.,-21.04498735799));
#509 = CARTESIAN_POINT('',(68.14135322227,-7.,-21.01499343218));
#510 = CARTESIAN_POINT('',(67.99057457763,-7.,-21.));
#511 = CARTESIAN_POINT('',(67.839811320492,-7.,-21.));
#512 = PCURVE('',#324,#513);
#513 = DEFINITIONAL_REPRESENTATION('',(#514),#537);
#514 = B_SPLINE_CURVE_WITH_KNOTS('',6,(#515,#516,#517,#518,#519,#520,
    #521,#522,#523,#524,#525,#526,#527,#528,#529,#530,#531,#532,#533,
    #534,#535,#536),.UNSPECIFIED.,.F.,.F.,(7,5,5,5,7),(0.,0.342067675927
    ,0.511992040975,0.681092006665,1.),.UNSPECIFIED.);
#515 = CARTESIAN_POINT('',(2.2,51.649120597463));
#516 = CARTESIAN_POINT('',(2.361512109615,51.649120597463));
#517 = CARTESIAN_POINT('',(2.52305170899,51.631642129202));
#518 = CARTESIAN_POINT('',(2.682197386544,51.596674744221));
#519 = CARTESIAN_POINT('',(2.836630877297,51.544683902229));
#520 = CARTESIAN_POINT('',(2.984139885878,51.476491168038));
#521 = CARTESIAN_POINT('',(3.191496004649,51.352072061951));
#522 = CARTESIAN_POINT('',(3.258107819924,51.307089734266));
#523 = CARTESIAN_POINT('',(3.322265859123,51.258569695339));
#524 = CARTESIAN_POINT('',(3.383739886618,51.206683708422));
#525 = CARTESIAN_POINT('',(3.442316356905,51.151623126965));
#526 = CARTESIAN_POINT('',(3.553012262893,51.03585447468));
#527 = CARTESIAN_POINT('',(3.605162671111,50.975174030249));
#528 = CARTESIAN_POINT('',(3.654056789396,50.911763772817));
#529 = CARTESIAN_POINT('',(3.699521490983,50.845845575733));
#530 = CARTESIAN_POINT('',(3.74140406783,50.777655230677));
#531 = CARTESIAN_POINT('',(3.851554714279,50.575024598535));
#532 = CARTESIAN_POINT('',(3.910335590906,50.43539536566));
#533 = CARTESIAN_POINT('',(3.955012642005,50.290242675222));
#534 = CARTESIAN_POINT('',(3.985006567817,50.14135322227));
#535 = CARTESIAN_POINT('',(4.,49.99057457763));
#536 = CARTESIAN_POINT('',(4.,49.839811320492));
#537 = ( GEOMETRIC_REPRESENTATION_CONTEXT(2) 
PARAMETRIC_REPRESENTATION_CONTEXT() REPRESENTATION_CONTEXT('2D SPACE',''
  ) );
#538 = PCURVE('',#298,#539);
#539 = DEFINITIONAL_REPRESENTATION('',(#540),#563);
#540 = B_SPLINE_CURVE_WITH_KNOTS('',6,(#541,#542,#543,#544,#545,#546,
    #547,#548,#549,#550,#551,#552,#553,#554,#555,#556,#557,#558,#559,
    #560,#561,#562),.UNSPECIFIED.,.F.,.F.,(7,5,5,5,7),(0.,0.342067675927
    ,0.511992040975,0.681092006665,1.),.UNSPECIFIED.);
#541 = CARTESIAN_POINT('',(6.183017886018,0.));
#542 = CARTESIAN_POINT('',(6.183017886018,8.972894978625E-02));
#543 = CARTESIAN_POINT('',(6.182992916769,0.1794729215));
#544 = CARTESIAN_POINT('',(6.182942963414,0.269188797251));
#545 = CARTESIAN_POINT('',(6.182868597531,0.358885126422));
#546 = CARTESIAN_POINT('',(6.182770807611,0.448571007658));
#547 = CARTESIAN_POINT('',(6.182591766674,0.582735938815));
#548 = CARTESIAN_POINT('',(6.182526952425,0.627255990247));
#549 = CARTESIAN_POINT('',(6.182456935004,0.671766730819));
#550 = CARTESIAN_POINT('',(6.182381930823,0.716268245227));
#551 = CARTESIAN_POINT('',(6.182302183847,0.760760815042));
#552 = CARTESIAN_POINT('',(6.182134157076,0.849510356554));
#553 = CARTESIAN_POINT('',(6.182045919009,0.893768247725));
#554 = CARTESIAN_POINT('',(6.18195352014,0.938016318582));
#555 = CARTESIAN_POINT('',(6.181857251117,0.982255250675));
#556 = CARTESIAN_POINT('',(6.181757425529,1.026485920965));
#557 = CARTESIAN_POINT('',(6.181460046092,1.154107239079));
#558 = CARTESIAN_POINT('',(6.181254237458,1.237486059536));
#559 = CARTESIAN_POINT('',(6.181039243732,1.320829781327));
#560 = CARTESIAN_POINT('',(6.180817552368,1.404155593877));
#561 = CARTESIAN_POINT('',(6.180591831688,1.487481314427));
#562 = CARTESIAN_POINT('',(6.180364936752,1.570796326795));
#563 = ( GEOMETRIC_REPRESENTATION_CONTEXT(2) 
PARAMETRIC_REPRESENTATION_CONTEXT() REPRESENTATION_CONTEXT('2D SPACE',''
  ) );
#564 = ORIENTED_EDGE('',*,*,#309,.T.);
#565 = ADVANCED_FACE('',(#566),#298,.T.);
#566 = FACE_BOUND('',#567,.T.);
#567 = EDGE_LOOP('',(#568,#648,#649,#650));
#568 = ORIENTED_EDGE('',*,*,#569,.F.);
#569 = EDGE_CURVE('',#256,#570,#572,.T.);
#570 = VERTEX_POINT('',#571);
#571 = CARTESIAN_POINT('',(-67.83981132049,-7.,-21.));
#572 = SURFACE_CURVE('',#573,(#596,#622),.PCURVE_S1.);
#573 = B_SPLINE_CURVE_WITH_KNOTS('',6,(#574,#575,#576,#577,#578,#579,
    #580,#581,#582,#583,#584,#585,#586,#587,#588,#589,#590,#591,#592,
    #593,#594,#595),.UNSPECIFIED.,.F.,.F.,(7,5,5,5,7),(0.,0.342067676269
    ,0.511992041317,0.681092007007,1.),.UNSPECIFIED.);
#574 = CARTESIAN_POINT('',(-69.64912059746,-7.,-22.8));
#575 = CARTESIAN_POINT('',(-69.64912059746,-7.,-22.63848789022));
#576 = CARTESIAN_POINT('',(-69.63164212916,-7.,-22.47694829068));
#577 = CARTESIAN_POINT('',(-69.59667474411,-7.,-22.31780261297));
#578 = CARTESIAN_POINT('',(-69.54468390202,-7.,-22.16336912208));
#579 = CARTESIAN_POINT('',(-69.47649116769,-7.,-22.01586011338));
#580 = CARTESIAN_POINT('',(-69.35207206141,-7.,-21.80850399454));
#581 = CARTESIAN_POINT('',(-69.30708973369,-7.,-21.74189217929));
#582 = CARTESIAN_POINT('',(-69.25856969473,-7.,-21.67773414011));
#583 = CARTESIAN_POINT('',(-69.20668370778,-7.,-21.61626011265));
#584 = CARTESIAN_POINT('',(-69.15162312629,-7.,-21.55768364239));
#585 = CARTESIAN_POINT('',(-69.03585447394,-7.,-21.44698773646));
#586 = CARTESIAN_POINT('',(-68.97517402949,-7.,-21.39483732828));
#587 = CARTESIAN_POINT('',(-68.91176377203,-7.,-21.34594321003));
#588 = CARTESIAN_POINT('',(-68.84584557492,-7.,-21.30047850847));
#589 = CARTESIAN_POINT('',(-68.77765522984,-7.,-21.25859593166));
#590 = CARTESIAN_POINT('',(-68.57502459778,-7.,-21.1484452854));
#591 = CARTESIAN_POINT('',(-68.43539536503,-7.,-21.0896644089));
#592 = CARTESIAN_POINT('',(-68.29024267474,-7.,-21.04498735789));
#593 = CARTESIAN_POINT('',(-68.14135322194,-7.,-21.01499343215));
#594 = CARTESIAN_POINT('',(-67.99057457746,-7.,-21.));
#595 = CARTESIAN_POINT('',(-67.83981132049,-7.,-21.));
#596 = PCURVE('',#298,#597);
#597 = DEFINITIONAL_REPRESENTATION('',(#598),#621);
#598 = B_SPLINE_CURVE_WITH_KNOTS('',6,(#599,#600,#601,#602,#603,#604,
    #605,#606,#607,#608,#609,#610,#611,#612,#613,#614,#615,#616,#617,
    #618,#619,#620),.UNSPECIFIED.,.F.,.F.,(7,5,5,5,7),(0.,0.342067676269
    ,0.511992041317,0.681092007007,1.),.UNSPECIFIED.);
#599 = CARTESIAN_POINT('',(3.241760074751,0.));
#600 = CARTESIAN_POINT('',(3.241760074751,8.972894987593E-02));
#601 = CARTESIAN_POINT('',(3.241785044,0.17947292168));
#602 = CARTESIAN_POINT('',(3.241834997356,0.26918879752));
#603 = CARTESIAN_POINT('',(3.241909363239,0.35888512678));
#604 = CARTESIAN_POINT('',(3.242007153159,0.448571008106));
#605 = CARTESIAN_POINT('',(3.242186194096,0.582735939353));
#606 = CARTESIAN_POINT('',(3.242251008346,0.627255990785));
#607 = CARTESIAN_POINT('',(3.242321025766,0.671766731357));
#608 = CARTESIAN_POINT('',(3.242396029947,0.716268245765));
#609 = CARTESIAN_POINT('',(3.242475776923,0.760760815579));
#610 = CARTESIAN_POINT('',(3.242643803694,0.849510357092));
#611 = CARTESIAN_POINT('',(3.242732041762,0.893768248263));
#612 = CARTESIAN_POINT('',(3.24282444063,0.93801631912));
#613 = CARTESIAN_POINT('',(3.242920709653,0.982255251212));
#614 = CARTESIAN_POINT('',(3.243020535241,1.026485921503));
#615 = CARTESIAN_POINT('',(3.243317914678,1.154107239527));
#616 = CARTESIAN_POINT('',(3.243523723312,1.237486059894));
#617 = CARTESIAN_POINT('',(3.243738717038,1.320829781595));
#618 = CARTESIAN_POINT('',(3.243960408402,1.404155594056));
#619 = CARTESIAN_POINT('',(3.244186129082,1.487481314516));
#620 = CARTESIAN_POINT('',(3.244413024017,1.570796326795));
#621 = ( GEOMETRIC_REPRESENTATION_CONTEXT(2) 
PARAMETRIC_REPRESENTATION_CONTEXT() REPRESENTATION_CONTEXT('2D SPACE',''
  ) );
#622 = PCURVE('',#270,#623);
#623 = DEFINITIONAL_REPRESENTATION('',(#624),#647);
#624 = B_SPLINE_CURVE_WITH_KNOTS('',6,(#625,#626,#627,#628,#629,#630,
    #631,#632,#633,#634,#635,#636,#637,#638,#639,#640,#641,#642,#643,
    #644,#645,#646),.UNSPECIFIED.,.F.,.F.,(7,5,5,5,7),(0.,0.342067676269
    ,0.511992041317,0.681092007007,1.),.UNSPECIFIED.);
#625 = CARTESIAN_POINT('',(2.2,1.350879402537));
#626 = CARTESIAN_POINT('',(2.361512109777,1.350879402537));
#627 = CARTESIAN_POINT('',(2.523051709312,1.368357870832));
#628 = CARTESIAN_POINT('',(2.682197387021,1.403325255884));
#629 = CARTESIAN_POINT('',(2.836630877914,1.455316097978));
#630 = CARTESIAN_POINT('',(2.984139886615,1.523508832303));
#631 = CARTESIAN_POINT('',(3.191496005457,1.647927938584));
#632 = CARTESIAN_POINT('',(3.258107820708,1.692910266306));
#633 = CARTESIAN_POINT('',(3.322265859881,1.741430305267));
#634 = CARTESIAN_POINT('',(3.383739887349,1.793316292217));
#635 = CARTESIAN_POINT('',(3.442316357606,1.848376873706));
#636 = CARTESIAN_POINT('',(3.553012263532,1.964145526051));
#637 = CARTESIAN_POINT('',(3.605162671718,2.02482597051));
#638 = CARTESIAN_POINT('',(3.654056789969,2.088236227968));
#639 = CARTESIAN_POINT('',(3.699521491521,2.154154425078));
#640 = CARTESIAN_POINT('',(3.741404068331,2.222344770155));
#641 = CARTESIAN_POINT('',(3.851554714595,2.424975402214));
#642 = CARTESIAN_POINT('',(3.910335591098,2.564604634964));
#643 = CARTESIAN_POINT('',(3.955012642101,2.709757325258));
#644 = CARTESIAN_POINT('',(3.985006567849,2.858646778054));
#645 = CARTESIAN_POINT('',(4.,3.009425422532));
#646 = CARTESIAN_POINT('',(4.,3.160188679508));
#647 = ( GEOMETRIC_REPRESENTATION_CONTEXT(2) 
PARAMETRIC_REPRESENTATION_CONTEXT() REPRESENTATION_CONTEXT('2D SPACE',''
  ) );
#648 = ORIENTED_EDGE('',*,*,#281,.T.);
#649 = ORIENTED_EDGE('',*,*,#487,.T.);
#650 = ORIENTED_EDGE('',*,*,#651,.T.);
#651 = EDGE_CURVE('',#462,#570,#652,.T.);
#652 = SURFACE_CURVE('',#653,(#658,#665),.PCURVE_S1.);
#653 = CIRCLE('',#654,68.2);
#654 = AXIS2_PLACEMENT_3D('',#655,#656,#657);
#655 = CARTESIAN_POINT('',(0.,0.,-21.));
#656 = DIRECTION('',(0.,0.,-1.));
#657 = DIRECTION('',(-0.994718641063,0.102639296188,0.));
#658 = PCURVE('',#298,#659);
#659 = DEFINITIONAL_REPRESENTATION('',(#660),#664);
#660 = LINE('',#661,#662);
#661 = CARTESIAN_POINT('',(9.321957590342,1.570796326795));
#662 = VECTOR('',#663,1.);
#663 = DIRECTION('',(-1.,-0.));
#664 = ( GEOMETRIC_REPRESENTATION_CONTEXT(2) 
PARAMETRIC_REPRESENTATION_CONTEXT() REPRESENTATION_CONTEXT('2D SPACE',''
  ) );
#665 = PCURVE('',#476,#666);
#666 = DEFINITIONAL_REPRESENTATION('',(#667),#675);
#667 = ( BOUNDED_CURVE() B_SPLINE_CURVE(2,(#668,#669,#670,#671,#672,#673
,#674),.UNSPECIFIED.,.T.,.F.) B_SPLINE_CURVE_WITH_KNOTS((1,2,2,2,2,1),(
    -2.094395102393,0.,2.094395102393,4.188790204786,6.28318530718,
8.377580409573),.UNSPECIFIED.) CURVE() GEOMETRIC_REPRESENTATION_ITEM() 
RATIONAL_B_SPLINE_CURVE((1.,0.5,1.,0.5,1.,0.5,1.)) REPRESENTATION_ITEM(
  '') );
#668 = CARTESIAN_POINT('',(-67.83981132049,7.));
#669 = CARTESIAN_POINT('',(-55.71545566751,124.50199998297));
#670 = CARTESIAN_POINT('',(39.982083486737,55.25099999149));
#671 = CARTESIAN_POINT('',(135.67962264098,-14.));
#672 = CARTESIAN_POINT('',(27.857727833755,-62.25099999149));
#673 = CARTESIAN_POINT('',(-79.96416697347,-110.5019999829));
#674 = CARTESIAN_POINT('',(-67.83981132049,7.));
#675 = ( GEOMETRIC_REPRESENTATION_CONTEXT(2) 
PARAMETRIC_REPRESENTATION_CONTEXT() REPRESENTATION_CONTEXT('2D SPACE',''
  ) );
#676 = ADVANCED_FACE('',(#677),#270,.T.);
#677 = FACE_BOUND('',#678,.T.);
#678 = EDGE_LOOP('',(#679,#702,#703,#704,#725));
#679 = ORIENTED_EDGE('',*,*,#680,.F.);
#680 = EDGE_CURVE('',#223,#681,#683,.T.);
#681 = VERTEX_POINT('',#682);
#682 = CARTESIAN_POINT('',(-24.5,-7.,-25.));
#683 = SURFACE_CURVE('',#684,(#688,#695),.PCURVE_S1.);
#684 = LINE('',#685,#686);
#685 = CARTESIAN_POINT('',(-71.,-7.,-25.));
#686 = VECTOR('',#687,1.);
#687 = DIRECTION('',(1.,0.,0.));
#688 = PCURVE('',#270,#689);
#689 = DEFINITIONAL_REPRESENTATION('',(#690),#694);
#690 = LINE('',#691,#692);
#691 = CARTESIAN_POINT('',(0.,0.));
#692 = VECTOR('',#693,1.);
#693 = DIRECTION('',(0.,1.));
#694 = ( GEOMETRIC_REPRESENTATION_CONTEXT(2) 
PARAMETRIC_REPRESENTATION_CONTEXT() REPRESENTATION_CONTEXT('2D SPACE',''
  ) );
#695 = PCURVE('',#239,#696);
#696 = DEFINITIONAL_REPRESENTATION('',(#697),#701);
#697 = LINE('',#698,#699);
#698 = CARTESIAN_POINT('',(0.,0.));
#699 = VECTOR('',#700,1.);
#700 = DIRECTION('',(1.,0.));
#701 = ( GEOMETRIC_REPRESENTATION_CONTEXT(2) 
PARAMETRIC_REPRESENTATION_CONTEXT() REPRESENTATION_CONTEXT('2D SPACE',''
  ) );
#702 = ORIENTED_EDGE('',*,*,#255,.F.);
#703 = ORIENTED_EDGE('',*,*,#569,.T.);
#704 = ORIENTED_EDGE('',*,*,#705,.F.);
#705 = EDGE_CURVE('',#706,#570,#708,.T.);
#706 = VERTEX_POINT('',#707);
#707 = CARTESIAN_POINT('',(-24.5,-7.,-21.));
#708 = SURFACE_CURVE('',#709,(#713,#719),.PCURVE_S1.);
#709 = LINE('',#710,#711);
#710 = CARTESIAN_POINT('',(-35.5,-7.,-21.));
#711 = VECTOR('',#712,1.);
#712 = DIRECTION('',(-1.,0.,0.));
#713 = PCURVE('',#270,#714);
#714 = DEFINITIONAL_REPRESENTATION('',(#715),#718);
#715 = B_SPLINE_CURVE_WITH_KNOTS('',1,(#716,#717),.UNSPECIFIED.,.F.,.F.,
  (2,2),(-17.5,32.7),.PIECEWISE_BEZIER_KNOTS.);
#716 = CARTESIAN_POINT('',(4.,53.));
#717 = CARTESIAN_POINT('',(4.,2.8));
#718 = ( GEOMETRIC_REPRESENTATION_CONTEXT(2) 
PARAMETRIC_REPRESENTATION_CONTEXT() REPRESENTATION_CONTEXT('2D SPACE',''
  ) );
#719 = PCURVE('',#476,#720);
#720 = DEFINITIONAL_REPRESENTATION('',(#721),#724);
#721 = B_SPLINE_CURVE_WITH_KNOTS('',1,(#722,#723),.UNSPECIFIED.,.F.,.F.,
  (2,2),(-17.5,32.7),.PIECEWISE_BEZIER_KNOTS.);
#722 = CARTESIAN_POINT('',(-18.,-7.));
#723 = CARTESIAN_POINT('',(-68.2,-7.));
#724 = ( GEOMETRIC_REPRESENTATION_CONTEXT(2) 
PARAMETRIC_REPRESENTATION_CONTEXT() REPRESENTATION_CONTEXT('2D SPACE',''
  ) );
#725 = ORIENTED_EDGE('',*,*,#726,.T.);
#726 = EDGE_CURVE('',#706,#681,#727,.T.);
#727 = SURFACE_CURVE('',#728,(#732,#738),.PCURVE_S1.);
#728 = LINE('',#729,#730);
#729 = CARTESIAN_POINT('',(-24.5,-7.,-26.25));
#730 = VECTOR('',#731,1.);
#731 = DIRECTION('',(0.,0.,-1.));
#732 = PCURVE('',#270,#733);
#733 = DEFINITIONAL_REPRESENTATION('',(#734),#737);
#734 = B_SPLINE_CURVE_WITH_KNOTS('',1,(#735,#736),.UNSPECIFIED.,.F.,.F.,
  (2,2),(-5.75,-1.25),.PIECEWISE_BEZIER_KNOTS.);
#735 = CARTESIAN_POINT('',(4.5,46.5));
#736 = CARTESIAN_POINT('',(0.,46.5));
#737 = ( GEOMETRIC_REPRESENTATION_CONTEXT(2) 
PARAMETRIC_REPRESENTATION_CONTEXT() REPRESENTATION_CONTEXT('2D SPACE',''
  ) );
#738 = PCURVE('',#739,#744);
#739 = PLANE('',#740);
#740 = AXIS2_PLACEMENT_3D('',#741,#742,#743);
#741 = CARTESIAN_POINT('',(-24.5,-8.,-27.5));
#742 = DIRECTION('',(1.,0.,0.));
#743 = DIRECTION('',(0.,0.,1.));
#744 = DEFINITIONAL_REPRESENTATION('',(#745),#748);
#745 = B_SPLINE_CURVE_WITH_KNOTS('',1,(#746,#747),.UNSPECIFIED.,.F.,.F.,
  (2,2),(-5.75,-1.25),.PIECEWISE_BEZIER_KNOTS.);
#746 = CARTESIAN_POINT('',(7.,-1.));
#747 = CARTESIAN_POINT('',(2.5,-1.));
#748 = ( GEOMETRIC_REPRESENTATION_CONTEXT(2) 
PARAMETRIC_REPRESENTATION_CONTEXT() REPRESENTATION_CONTEXT('2D SPACE',''
  ) );
#749 = ADVANCED_FACE('',(#750),#239,.T.);
#750 = FACE_BOUND('',#751,.T.);
#751 = EDGE_LOOP('',(#752,#775,#776,#777));
#752 = ORIENTED_EDGE('',*,*,#753,.F.);
#753 = EDGE_CURVE('',#197,#754,#756,.T.);
#754 = VERTEX_POINT('',#755);
#755 = CARTESIAN_POINT('',(-24.5,7.,-25.));
#756 = SURFACE_CURVE('',#757,(#761,#768),.PCURVE_S1.);
#757 = LINE('',#758,#759);
#758 = CARTESIAN_POINT('',(-71.,7.,-25.));
#759 = VECTOR('',#760,1.);
#760 = DIRECTION('',(1.,0.,0.));
#761 = PCURVE('',#239,#762);
#762 = DEFINITIONAL_REPRESENTATION('',(#763),#767);
#763 = LINE('',#764,#765);
#764 = CARTESIAN_POINT('',(0.,14.));
#765 = VECTOR('',#766,1.);
#766 = DIRECTION('',(1.,0.));
#767 = ( GEOMETRIC_REPRESENTATION_CONTEXT(2) 
PARAMETRIC_REPRESENTATION_CONTEXT() REPRESENTATION_CONTEXT('2D SPACE',''
  ) );
#768 = PCURVE('',#211,#769);
#769 = DEFINITIONAL_REPRESENTATION('',(#770),#774);
#770 = LINE('',#771,#772);
#771 = CARTESIAN_POINT('',(0.,0.));
#772 = VECTOR('',#773,1.);
#773 = DIRECTION('',(0.,1.));
#774 = ( GEOMETRIC_REPRESENTATION_CONTEXT(2) 
PARAMETRIC_REPRESENTATION_CONTEXT() REPRESENTATION_CONTEXT('2D SPACE',''
  ) );
#775 = ORIENTED_EDGE('',*,*,#222,.F.);
#776 = ORIENTED_EDGE('',*,*,#680,.T.);
#777 = ORIENTED_EDGE('',*,*,#778,.T.);
#778 = EDGE_CURVE('',#681,#754,#779,.T.);
#779 = SURFACE_CURVE('',#780,(#784,#790),.PCURVE_S1.);
#780 = LINE('',#781,#782);
#781 = CARTESIAN_POINT('',(-24.5,-7.5,-25.));
#782 = VECTOR('',#783,1.);
#783 = DIRECTION('',(0.,1.,0.));
#784 = PCURVE('',#239,#785);
#785 = DEFINITIONAL_REPRESENTATION('',(#786),#789);
#786 = B_SPLINE_CURVE_WITH_KNOTS('',1,(#787,#788),.UNSPECIFIED.,.F.,.F.,
  (2,2),(0.5,14.5),.PIECEWISE_BEZIER_KNOTS.);
#787 = CARTESIAN_POINT('',(46.5,-5.329070518201E-15));
#788 = CARTESIAN_POINT('',(46.5,14.));
#789 = ( GEOMETRIC_REPRESENTATION_CONTEXT(2) 
PARAMETRIC_REPRESENTATION_CONTEXT() REPRESENTATION_CONTEXT('2D SPACE',''
  ) );
#790 = PCURVE('',#739,#791);
#791 = DEFINITIONAL_REPRESENTATION('',(#792),#795);
#792 = B_SPLINE_CURVE_WITH_KNOTS('',1,(#793,#794),.UNSPECIFIED.,.F.,.F.,
  (2,2),(0.5,14.5),.PIECEWISE_BEZIER_KNOTS.);
#793 = CARTESIAN_POINT('',(2.5,-1.));
#794 = CARTESIAN_POINT('',(2.5,-15.));
#795 = ( GEOMETRIC_REPRESENTATION_CONTEXT(2) 
PARAMETRIC_REPRESENTATION_CONTEXT() REPRESENTATION_CONTEXT('2D SPACE',''
  ) );
#796 = ADVANCED_FACE('',(#797),#211,.F.);
#797 = FACE_BOUND('',#798,.F.);
#798 = EDGE_LOOP('',(#799,#800,#801,#881,#902));
#799 = ORIENTED_EDGE('',*,*,#753,.F.);
#800 = ORIENTED_EDGE('',*,*,#196,.F.);
#801 = ORIENTED_EDGE('',*,*,#802,.T.);
#802 = EDGE_CURVE('',#169,#803,#805,.T.);
#803 = VERTEX_POINT('',#804);
#804 = CARTESIAN_POINT('',(-67.83981132049,7.,-21.));
#805 = SURFACE_CURVE('',#806,(#829,#855),.PCURVE_S1.);
#806 = B_SPLINE_CURVE_WITH_KNOTS('',6,(#807,#808,#809,#810,#811,#812,
    #813,#814,#815,#816,#817,#818,#819,#820,#821,#822,#823,#824,#825,
    #826,#827,#828),.UNSPECIFIED.,.F.,.F.,(7,5,5,5,7),(0.,0.342067676098
    ,0.511992041146,0.681092006836,1.),.UNSPECIFIED.);
#807 = CARTESIAN_POINT('',(-69.64912059746,7.,-22.8));
#808 = CARTESIAN_POINT('',(-69.64912059746,7.,-22.6384878903));
#809 = CARTESIAN_POINT('',(-69.63164212918,7.,-22.47694829084));
#810 = CARTESIAN_POINT('',(-69.59667474416,7.,-22.31780261321));
#811 = CARTESIAN_POINT('',(-69.54468390212,7.,-22.16336912239));
#812 = CARTESIAN_POINT('',(-69.47649116786,7.,-22.01586011375));
#813 = CARTESIAN_POINT('',(-69.35207206168,7.,-21.80850399494));
#814 = CARTESIAN_POINT('',(-69.30708973398,7.,-21.74189217968));
#815 = CARTESIAN_POINT('',(-69.25856969503,7.,-21.67773414049));
#816 = CARTESIAN_POINT('',(-69.2066837081,7.,-21.61626011301));
#817 = CARTESIAN_POINT('',(-69.15162312663,7.,-21.55768364274));
#818 = CARTESIAN_POINT('',(-69.03585447431,7.,-21.44698773678));
#819 = CARTESIAN_POINT('',(-68.97517402986,7.,-21.39483732858));
#820 = CARTESIAN_POINT('',(-68.91176377242,7.,-21.34594321031));
#821 = CARTESIAN_POINT('',(-68.84584557532,7.,-21.30047850874));
#822 = CARTESIAN_POINT('',(-68.77765523026,7.,-21.25859593192));
#823 = CARTESIAN_POINT('',(-68.57502459816,7.,-21.14844528556));
#824 = CARTESIAN_POINT('',(-68.43539536534,7.,-21.08966440899));
#825 = CARTESIAN_POINT('',(-68.29024267498,7.,-21.04498735794));
#826 = CARTESIAN_POINT('',(-68.1413532221,7.,-21.01499343216));
#827 = CARTESIAN_POINT('',(-67.99057457754,7.,-21.));
#828 = CARTESIAN_POINT('',(-67.83981132049,7.,-21.));
#829 = PCURVE('',#211,#830);
#830 = DEFINITIONAL_REPRESENTATION('',(#831),#854);
#831 = B_SPLINE_CURVE_WITH_KNOTS('',6,(#832,#833,#834,#835,#836,#837,
    #838,#839,#840,#841,#842,#843,#844,#845,#846,#847,#848,#849,#850,
    #851,#852,#853),.UNSPECIFIED.,.F.,.F.,(7,5,5,5,7),(0.,0.342067676098
    ,0.511992041146,0.681092006836,1.),.UNSPECIFIED.);
#832 = CARTESIAN_POINT('',(2.2,1.350879402537));
#833 = CARTESIAN_POINT('',(2.361512109696,1.350879402537));
#834 = CARTESIAN_POINT('',(2.523051709151,1.368357870815));
#835 = CARTESIAN_POINT('',(2.682197386783,1.403325255831));
#836 = CARTESIAN_POINT('',(2.836630877606,1.455316097874));
#837 = CARTESIAN_POINT('',(2.984139886246,1.523508832133));
#838 = CARTESIAN_POINT('',(3.191496005053,1.647927938316));
#839 = CARTESIAN_POINT('',(3.258107820316,1.69291026602));
#840 = CARTESIAN_POINT('',(3.322265859502,1.741430304964));
#841 = CARTESIAN_POINT('',(3.383739886983,1.793316291897));
#842 = CARTESIAN_POINT('',(3.442316357255,1.84837687337));
#843 = CARTESIAN_POINT('',(3.553012263213,1.964145525686));
#844 = CARTESIAN_POINT('',(3.605162671415,2.024825970131));
#845 = CARTESIAN_POINT('',(3.654056789682,2.088236227575));
#846 = CARTESIAN_POINT('',(3.699521491252,2.154154424672));
#847 = CARTESIAN_POINT('',(3.74140406808,2.222344769739));
#848 = CARTESIAN_POINT('',(3.851554714437,2.424975401839));
#849 = CARTESIAN_POINT('',(3.910335591002,2.564604634652));
#850 = CARTESIAN_POINT('',(3.955012642053,2.709757325018));
#851 = CARTESIAN_POINT('',(3.985006567833,2.858646777892));
#852 = CARTESIAN_POINT('',(4.,3.009425422451));
#853 = CARTESIAN_POINT('',(4.,3.160188679508));
#854 = ( GEOMETRIC_REPRESENTATION_CONTEXT(2) 
PARAMETRIC_REPRESENTATION_CONTEXT() REPRESENTATION_CONTEXT('2D SPACE',''
  ) );
#855 = PCURVE('',#185,#856);
#856 = DEFINITIONAL_REPRESENTATION('',(#857),#880);
#857 = B_SPLINE_CURVE_WITH_KNOTS('',6,(#858,#859,#860,#861,#862,#863,
    #864,#865,#866,#867,#868,#869,#870,#871,#872,#873,#874,#875,#876,
    #877,#878,#879),.UNSPECIFIED.,.F.,.F.,(7,5,5,5,7),(0.,0.342067676098
    ,0.511992041146,0.681092006836,1.),.UNSPECIFIED.);
#858 = CARTESIAN_POINT('',(9.324610539608,0.));
#859 = CARTESIAN_POINT('',(9.324610539608,8.97289498311E-02));
#860 = CARTESIAN_POINT('',(9.324585570359,0.17947292159));
#861 = CARTESIAN_POINT('',(9.324535617004,0.269188797386));
#862 = CARTESIAN_POINT('',(9.32446125112,0.358885126601));
#863 = CARTESIAN_POINT('',(9.3243634612,0.448571007882));
#864 = CARTESIAN_POINT('',(9.324184420263,0.582735939084));
#865 = CARTESIAN_POINT('',(9.324119606014,0.627255990516));
#866 = CARTESIAN_POINT('',(9.324049588594,0.671766731088));
#867 = CARTESIAN_POINT('',(9.323974584412,0.716268245496));
#868 = CARTESIAN_POINT('',(9.323894837437,0.760760815311));
#869 = CARTESIAN_POINT('',(9.323726810665,0.849510356823));
#870 = CARTESIAN_POINT('',(9.323638572598,0.893768247994));
#871 = CARTESIAN_POINT('',(9.32354617373,0.938016318851));
#872 = CARTESIAN_POINT('',(9.323449904706,0.982255250944));
#873 = CARTESIAN_POINT('',(9.323350079119,1.026485921234));
#874 = CARTESIAN_POINT('',(9.323052699682,1.154107239303));
#875 = CARTESIAN_POINT('',(9.322846891047,1.237486059715));
#876 = CARTESIAN_POINT('',(9.322631897321,1.320829781461));
#877 = CARTESIAN_POINT('',(9.322410205957,1.404155593967));
#878 = CARTESIAN_POINT('',(9.322184485277,1.487481314472));
#879 = CARTESIAN_POINT('',(9.321957590342,1.570796326795));
#880 = ( GEOMETRIC_REPRESENTATION_CONTEXT(2) 
PARAMETRIC_REPRESENTATION_CONTEXT() REPRESENTATION_CONTEXT('2D SPACE',''
  ) );
#881 = ORIENTED_EDGE('',*,*,#882,.F.);
#882 = EDGE_CURVE('',#883,#803,#885,.T.);
#883 = VERTEX_POINT('',#884);
#884 = CARTESIAN_POINT('',(-24.5,7.,-21.));
#885 = SURFACE_CURVE('',#886,(#890,#896),.PCURVE_S1.);
#886 = LINE('',#887,#888);
#887 = CARTESIAN_POINT('',(-35.5,7.,-21.));
#888 = VECTOR('',#889,1.);
#889 = DIRECTION('',(-1.,0.,0.));
#890 = PCURVE('',#211,#891);
#891 = DEFINITIONAL_REPRESENTATION('',(#892),#895);
#892 = B_SPLINE_CURVE_WITH_KNOTS('',1,(#893,#894),.UNSPECIFIED.,.F.,.F.,
  (2,2),(-17.5,32.7),.PIECEWISE_BEZIER_KNOTS.);
#893 = CARTESIAN_POINT('',(4.,53.));
#894 = CARTESIAN_POINT('',(4.,2.8));
#895 = ( GEOMETRIC_REPRESENTATION_CONTEXT(2) 
PARAMETRIC_REPRESENTATION_CONTEXT() REPRESENTATION_CONTEXT('2D SPACE',''
  ) );
#896 = PCURVE('',#476,#897);
#897 = DEFINITIONAL_REPRESENTATION('',(#898),#901);
#898 = B_SPLINE_CURVE_WITH_KNOTS('',1,(#899,#900),.UNSPECIFIED.,.F.,.F.,
  (2,2),(-17.5,32.7),.PIECEWISE_BEZIER_KNOTS.);
#899 = CARTESIAN_POINT('',(-18.,7.));
#900 = CARTESIAN_POINT('',(-68.2,7.));
#901 = ( GEOMETRIC_REPRESENTATION_CONTEXT(2) 
PARAMETRIC_REPRESENTATION_CONTEXT() REPRESENTATION_CONTEXT('2D SPACE',''
  ) );
#902 = ORIENTED_EDGE('',*,*,#903,.T.);
#903 = EDGE_CURVE('',#883,#754,#904,.T.);
#904 = SURFACE_CURVE('',#905,(#909,#915),.PCURVE_S1.);
#905 = LINE('',#906,#907);
#906 = CARTESIAN_POINT('',(-24.5,7.,-26.25));
#907 = VECTOR('',#908,1.);
#908 = DIRECTION('',(0.,0.,-1.));
#909 = PCURVE('',#211,#910);
#910 = DEFINITIONAL_REPRESENTATION('',(#911),#914);
#911 = B_SPLINE_CURVE_WITH_KNOTS('',1,(#912,#913),.UNSPECIFIED.,.F.,.F.,
  (2,2),(-5.75,-1.25),.PIECEWISE_BEZIER_KNOTS.);
#912 = CARTESIAN_POINT('',(4.5,46.5));
#913 = CARTESIAN_POINT('',(0.,46.5));
#914 = ( GEOMETRIC_REPRESENTATION_CONTEXT(2) 
PARAMETRIC_REPRESENTATION_CONTEXT() REPRESENTATION_CONTEXT('2D SPACE',''
  ) );
#915 = PCURVE('',#739,#916);
#916 = DEFINITIONAL_REPRESENTATION('',(#917),#920);
#917 = B_SPLINE_CURVE_WITH_KNOTS('',1,(#918,#919),.UNSPECIFIED.,.F.,.F.,
  (2,2),(-5.75,-1.25),.PIECEWISE_BEZIER_KNOTS.);
#918 = CARTESIAN_POINT('',(7.,-15.));
#919 = CARTESIAN_POINT('',(2.5,-15.));
#920 = ( GEOMETRIC_REPRESENTATION_CONTEXT(2) 
PARAMETRIC_REPRESENTATION_CONTEXT() REPRESENTATION_CONTEXT('2D SPACE',''
  ) );
#921 = ADVANCED_FACE('',(#922),#185,.T.);
#922 = FACE_BOUND('',#923,.T.);
#923 = EDGE_LOOP('',(#924,#1004,#1005,#1006));
#924 = ORIENTED_EDGE('',*,*,#925,.F.);
#925 = EDGE_CURVE('',#143,#926,#928,.T.);
#926 = VERTEX_POINT('',#927);
#927 = CARTESIAN_POINT('',(67.839811320492,7.,-21.));
#928 = SURFACE_CURVE('',#929,(#952,#978),.PCURVE_S1.);
#929 = B_SPLINE_CURVE_WITH_KNOTS('',6,(#930,#931,#932,#933,#934,#935,
    #936,#937,#938,#939,#940,#941,#942,#943,#944,#945,#946,#947,#948,
    #949,#950,#951),.UNSPECIFIED.,.F.,.F.,(7,5,5,5,7),(0.,0.342067676269
    ,0.511992041317,0.681092007007,1.),.UNSPECIFIED.);
#930 = CARTESIAN_POINT('',(69.649120597463,7.,-22.8));
#931 = CARTESIAN_POINT('',(69.649120597463,7.,-22.63848789022));
#932 = CARTESIAN_POINT('',(69.631642129168,7.,-22.47694829068));
#933 = CARTESIAN_POINT('',(69.596674744116,7.,-22.31780261297));
#934 = CARTESIAN_POINT('',(69.544683902022,7.,-22.16336912208));
#935 = CARTESIAN_POINT('',(69.476491167697,7.,-22.01586011338));
#936 = CARTESIAN_POINT('',(69.352072061416,7.,-21.80850399454));
#937 = CARTESIAN_POINT('',(69.307089733694,7.,-21.74189217929));
#938 = CARTESIAN_POINT('',(69.258569694733,7.,-21.67773414011));
#939 = CARTESIAN_POINT('',(69.206683707783,7.,-21.61626011265));
#940 = CARTESIAN_POINT('',(69.151623126294,7.,-21.55768364239));
#941 = CARTESIAN_POINT('',(69.035854473949,7.,-21.44698773646));
#942 = CARTESIAN_POINT('',(68.97517402949,7.,-21.39483732828));
#943 = CARTESIAN_POINT('',(68.911763772032,7.,-21.34594321003));
#944 = CARTESIAN_POINT('',(68.845845574923,7.,-21.30047850847));
#945 = CARTESIAN_POINT('',(68.777655229844,7.,-21.25859593166));
#946 = CARTESIAN_POINT('',(68.575024597786,7.,-21.1484452854));
#947 = CARTESIAN_POINT('',(68.435395365036,7.,-21.0896644089));
#948 = CARTESIAN_POINT('',(68.290242674742,7.,-21.04498735789));
#949 = CARTESIAN_POINT('',(68.141353221946,7.,-21.01499343215));
#950 = CARTESIAN_POINT('',(67.990574577468,7.,-21.));
#951 = CARTESIAN_POINT('',(67.839811320492,7.,-21.));
#952 = PCURVE('',#185,#953);
#953 = DEFINITIONAL_REPRESENTATION('',(#954),#977);
#954 = B_SPLINE_CURVE_WITH_KNOTS('',6,(#955,#956,#957,#958,#959,#960,
    #961,#962,#963,#964,#965,#966,#967,#968,#969,#970,#971,#972,#973,
    #974,#975,#976),.UNSPECIFIED.,.F.,.F.,(7,5,5,5,7),(0.,0.342067676269
    ,0.511992041317,0.681092007007,1.),.UNSPECIFIED.);
#955 = CARTESIAN_POINT('',(6.383352728341,0.));
#956 = CARTESIAN_POINT('',(6.383352728341,8.97289498759E-02));
#957 = CARTESIAN_POINT('',(6.38337769759,0.17947292168));
#958 = CARTESIAN_POINT('',(6.383427650945,0.26918879752));
#959 = CARTESIAN_POINT('',(6.383502016829,0.35888512678));
#960 = CARTESIAN_POINT('',(6.383599806749,0.448571008106));
#961 = CARTESIAN_POINT('',(6.383778847686,0.582735939353));
#962 = CARTESIAN_POINT('',(6.383843661935,0.627255990785));
#963 = CARTESIAN_POINT('',(6.383913679356,0.671766731357));
#964 = CARTESIAN_POINT('',(6.383988683537,0.716268245765));
#965 = CARTESIAN_POINT('',(6.384068430513,0.760760815579));
#966 = CARTESIAN_POINT('',(6.384236457284,0.849510357092));
#967 = CARTESIAN_POINT('',(6.384324695351,0.893768248263));
#968 = CARTESIAN_POINT('',(6.38441709422,0.93801631912));
#969 = CARTESIAN_POINT('',(6.384513363243,0.982255251212));
#970 = CARTESIAN_POINT('',(6.384613188831,1.026485921503));
#971 = CARTESIAN_POINT('',(6.384910568268,1.154107239527));
#972 = CARTESIAN_POINT('',(6.385116376902,1.237486059894));
#973 = CARTESIAN_POINT('',(6.385331370628,1.320829781595));
#974 = CARTESIAN_POINT('',(6.385553061992,1.404155594056));
#975 = CARTESIAN_POINT('',(6.385778782672,1.487481314516));
#976 = CARTESIAN_POINT('',(6.386005677607,1.570796326795));
#977 = ( GEOMETRIC_REPRESENTATION_CONTEXT(2) 
PARAMETRIC_REPRESENTATION_CONTEXT() REPRESENTATION_CONTEXT('2D SPACE',''
  ) );
#978 = PCURVE('',#157,#979);
#979 = DEFINITIONAL_REPRESENTATION('',(#980),#1003);
#980 = B_SPLINE_CURVE_WITH_KNOTS('',6,(#981,#982,#983,#984,#985,#986,
    #987,#988,#989,#990,#991,#992,#993,#994,#995,#996,#997,#998,#999,
    #1000,#1001,#1002),.UNSPECIFIED.,.F.,.F.,(7,5,5,5,7),(0.,
    0.342067676269,0.511992041317,0.681092007007,1.),.UNSPECIFIED.);
#981 = CARTESIAN_POINT('',(2.2,51.649120597463));
#982 = CARTESIAN_POINT('',(2.361512109777,51.649120597463));
#983 = CARTESIAN_POINT('',(2.523051709313,51.631642129168));
#984 = CARTESIAN_POINT('',(2.682197387021,51.596674744116));
#985 = CARTESIAN_POINT('',(2.836630877914,51.544683902022));
#986 = CARTESIAN_POINT('',(2.984139886615,51.476491167697));
#987 = CARTESIAN_POINT('',(3.191496005457,51.352072061416));
#988 = CARTESIAN_POINT('',(3.258107820708,51.307089733694));
#989 = CARTESIAN_POINT('',(3.322265859881,51.258569694733));
#990 = CARTESIAN_POINT('',(3.383739887349,51.206683707783));
#991 = CARTESIAN_POINT('',(3.442316357606,51.151623126294));
#992 = CARTESIAN_POINT('',(3.553012263532,51.035854473949));
#993 = CARTESIAN_POINT('',(3.605162671718,50.97517402949));
#994 = CARTESIAN_POINT('',(3.654056789969,50.911763772032));
#995 = CARTESIAN_POINT('',(3.699521491521,50.845845574923));
#996 = CARTESIAN_POINT('',(3.741404068331,50.777655229845));
#997 = CARTESIAN_POINT('',(3.851554714595,50.575024597786));
#998 = CARTESIAN_POINT('',(3.910335591098,50.435395365036));
#999 = CARTESIAN_POINT('',(3.955012642101,50.290242674742));
#1000 = CARTESIAN_POINT('',(3.985006567849,50.141353221946));
#1001 = CARTESIAN_POINT('',(4.,49.990574577468));
#1002 = CARTESIAN_POINT('',(4.,49.839811320492));
#1003 = ( GEOMETRIC_REPRESENTATION_CONTEXT(2) 
PARAMETRIC_REPRESENTATION_CONTEXT() REPRESENTATION_CONTEXT('2D SPACE',''
  ) );
#1004 = ORIENTED_EDGE('',*,*,#168,.T.);
#1005 = ORIENTED_EDGE('',*,*,#802,.T.);
#1006 = ORIENTED_EDGE('',*,*,#1007,.T.);
#1007 = EDGE_CURVE('',#803,#926,#1008,.T.);
#1008 = SURFACE_CURVE('',#1009,(#1014,#1021),.PCURVE_S1.);
#1009 = CIRCLE('',#1010,68.2);
#1010 = AXIS2_PLACEMENT_3D('',#1011,#1012,#1013);
#1011 = CARTESIAN_POINT('',(0.,0.,-21.));
#1012 = DIRECTION('',(0.,0.,-1.));
#1013 = DIRECTION('',(-0.994718641063,0.102639296188,0.));
#1014 = PCURVE('',#185,#1015);
#1015 = DEFINITIONAL_REPRESENTATION('',(#1016),#1020);
#1016 = LINE('',#1017,#1018);
#1017 = CARTESIAN_POINT('',(9.321957590342,1.570796326795));
#1018 = VECTOR('',#1019,1.);
#1019 = DIRECTION('',(-1.,-0.));
#1020 = ( GEOMETRIC_REPRESENTATION_CONTEXT(2) 
PARAMETRIC_REPRESENTATION_CONTEXT() REPRESENTATION_CONTEXT('2D SPACE',''
  ) );
#1021 = PCURVE('',#476,#1022);
#1022 = DEFINITIONAL_REPRESENTATION('',(#1023),#1031);
#1023 = ( BOUNDED_CURVE() B_SPLINE_CURVE(2,(#1024,#1025,#1026,#1027,
#1028,#1029,#1030),.UNSPECIFIED.,.T.,.F.) B_SPLINE_CURVE_WITH_KNOTS((1,2
    ,2,2,2,1),(-2.094395102393,0.,2.094395102393,4.188790204786,
6.28318530718,8.377580409573),.UNSPECIFIED.) CURVE() 
GEOMETRIC_REPRESENTATION_ITEM() RATIONAL_B_SPLINE_CURVE((1.,0.5,1.,0.5,
1.,0.5,1.)) REPRESENTATION_ITEM('') );
#1024 = CARTESIAN_POINT('',(-67.83981132049,7.));
#1025 = CARTESIAN_POINT('',(-55.71545566751,124.50199998297));
#1026 = CARTESIAN_POINT('',(39.982083486737,55.25099999149));
#1027 = CARTESIAN_POINT('',(135.67962264098,-14.));
#1028 = CARTESIAN_POINT('',(27.857727833755,-62.25099999149));
#1029 = CARTESIAN_POINT('',(-79.96416697347,-110.5019999829));
#1030 = CARTESIAN_POINT('',(-67.83981132049,7.));
#1031 = ( GEOMETRIC_REPRESENTATION_CONTEXT(2) 
PARAMETRIC_REPRESENTATION_CONTEXT() REPRESENTATION_CONTEXT('2D SPACE',''
  ) );
#1032 = ADVANCED_FACE('',(#1033),#157,.F.);
#1033 = FACE_BOUND('',#1034,.F.);
#1034 = EDGE_LOOP('',(#1035,#1036,#1057,#1076,#1077));
#1035 = ORIENTED_EDGE('',*,*,#364,.F.);
#1036 = ORIENTED_EDGE('',*,*,#1037,.F.);
#1037 = EDGE_CURVE('',#1038,#365,#1040,.T.);
#1038 = VERTEX_POINT('',#1039);
#1039 = CARTESIAN_POINT('',(24.5,7.,-21.));
#1040 = SURFACE_CURVE('',#1041,(#1045,#1051),.PCURVE_S1.);
#1041 = LINE('',#1042,#1043);
#1042 = CARTESIAN_POINT('',(24.5,7.,-26.25));
#1043 = VECTOR('',#1044,1.);
#1044 = DIRECTION('',(0.,0.,-1.));
#1045 = PCURVE('',#157,#1046);
#1046 = DEFINITIONAL_REPRESENTATION('',(#1047),#1050);
#1047 = B_SPLINE_CURVE_WITH_KNOTS('',1,(#1048,#1049),.UNSPECIFIED.,.F.,
  .F.,(2,2),(-5.75,-1.25),.PIECEWISE_BEZIER_KNOTS.);
#1048 = CARTESIAN_POINT('',(4.5,6.5));
#1049 = CARTESIAN_POINT('',(0.,6.5));
#1050 = ( GEOMETRIC_REPRESENTATION_CONTEXT(2) 
PARAMETRIC_REPRESENTATION_CONTEXT() REPRESENTATION_CONTEXT('2D SPACE',''
  ) );
#1051 = PCURVE('',#402,#1052);
#1052 = DEFINITIONAL_REPRESENTATION('',(#1053),#1056);
#1053 = B_SPLINE_CURVE_WITH_KNOTS('',1,(#1054,#1055),.UNSPECIFIED.,.F.,
  .F.,(2,2),(-5.75,-1.25),.PIECEWISE_BEZIER_KNOTS.);
#1054 = CARTESIAN_POINT('',(7.,-15.));
#1055 = CARTESIAN_POINT('',(2.5,-15.));
#1056 = ( GEOMETRIC_REPRESENTATION_CONTEXT(2) 
PARAMETRIC_REPRESENTATION_CONTEXT() REPRESENTATION_CONTEXT('2D SPACE',''
  ) );
#1057 = ORIENTED_EDGE('',*,*,#1058,.F.);
#1058 = EDGE_CURVE('',#926,#1038,#1059,.T.);
#1059 = SURFACE_CURVE('',#1060,(#1064,#1070),.PCURVE_S1.);
#1060 = LINE('',#1061,#1062);
#1061 = CARTESIAN_POINT('',(9.,7.,-21.));
#1062 = VECTOR('',#1063,1.);
#1063 = DIRECTION('',(-1.,0.,0.));
#1064 = PCURVE('',#157,#1065);
#1065 = DEFINITIONAL_REPRESENTATION('',(#1066),#1069);
#1066 = B_SPLINE_CURVE_WITH_KNOTS('',1,(#1067,#1068),.UNSPECIFIED.,.F.,
  .F.,(2,2),(-59.2,-9.),.PIECEWISE_BEZIER_KNOTS.);
#1067 = CARTESIAN_POINT('',(4.,50.2));
#1068 = CARTESIAN_POINT('',(4.,0.));
#1069 = ( GEOMETRIC_REPRESENTATION_CONTEXT(2) 
PARAMETRIC_REPRESENTATION_CONTEXT() REPRESENTATION_CONTEXT('2D SPACE',''
  ) );
#1070 = PCURVE('',#476,#1071);
#1071 = DEFINITIONAL_REPRESENTATION('',(#1072),#1075);
#1072 = B_SPLINE_CURVE_WITH_KNOTS('',1,(#1073,#1074),.UNSPECIFIED.,.F.,
  .F.,(2,2),(-59.2,-9.),.PIECEWISE_BEZIER_KNOTS.);
#1073 = CARTESIAN_POINT('',(68.2,7.));
#1074 = CARTESIAN_POINT('',(18.,7.));
#1075 = ( GEOMETRIC_REPRESENTATION_CONTEXT(2) 
PARAMETRIC_REPRESENTATION_CONTEXT() REPRESENTATION_CONTEXT('2D SPACE',''
  ) );
#1076 = ORIENTED_EDGE('',*,*,#925,.F.);
#1077 = ORIENTED_EDGE('',*,*,#142,.T.);
#1078 = ADVANCED_FACE('',(#1079),#96,.T.);
#1079 = FACE_BOUND('',#1080,.F.);
#1080 = EDGE_LOOP('',(#1081,#1103,#1104,#1105));
#1081 = ORIENTED_EDGE('',*,*,#1082,.F.);
#1082 = EDGE_CURVE('',#52,#1083,#1085,.T.);
#1083 = VERTEX_POINT('',#1084);
#1084 = CARTESIAN_POINT('',(68.2,0.,-27.));
#1085 = SEAM_CURVE('',#1086,(#1091,#1097),.PCURVE_S1.);
#1086 = CIRCLE('',#1087,1.8);
#1087 = AXIS2_PLACEMENT_3D('',#1088,#1089,#1090);
#1088 = CARTESIAN_POINT('',(68.2,0.,-25.2));
#1089 = DIRECTION('',(0.,1.,0.));
#1090 = DIRECTION('',(1.,0.,-0.));
#1091 = PCURVE('',#96,#1092);
#1092 = DEFINITIONAL_REPRESENTATION('',(#1093),#1096);
#1093 = B_SPLINE_CURVE_WITH_KNOTS('',1,(#1094,#1095),.UNSPECIFIED.,.F.,
  .F.,(2,2),(0.,1.570796326795),.PIECEWISE_BEZIER_KNOTS.);
#1094 = CARTESIAN_POINT('',(0.,0.));
#1095 = CARTESIAN_POINT('',(0.,1.570796326795));
#1096 = ( GEOMETRIC_REPRESENTATION_CONTEXT(2) 
PARAMETRIC_REPRESENTATION_CONTEXT() REPRESENTATION_CONTEXT('2D SPACE',''
  ) );
#1097 = PCURVE('',#96,#1098);
#1098 = DEFINITIONAL_REPRESENTATION('',(#1099),#1102);
#1099 = B_SPLINE_CURVE_WITH_KNOTS('',1,(#1100,#1101),.UNSPECIFIED.,.F.,
  .F.,(2,2),(0.,1.570796326795),.PIECEWISE_BEZIER_KNOTS.);
#1100 = CARTESIAN_POINT('',(-6.28318530718,0.));
#1101 = CARTESIAN_POINT('',(-6.28318530718,1.570796326795));
#1102 = ( GEOMETRIC_REPRESENTATION_CONTEXT(2) 
PARAMETRIC_REPRESENTATION_CONTEXT() REPRESENTATION_CONTEXT('2D SPACE',''
  ) );
#1103 = ORIENTED_EDGE('',*,*,#81,.F.);
#1104 = ORIENTED_EDGE('',*,*,#1082,.T.);
#1105 = ORIENTED_EDGE('',*,*,#1106,.T.);
#1106 = EDGE_CURVE('',#1083,#1083,#1107,.T.);
#1107 = SURFACE_CURVE('',#1108,(#1113,#1120),.PCURVE_S1.);
#1108 = CIRCLE('',#1109,68.2);
#1109 = AXIS2_PLACEMENT_3D('',#1110,#1111,#1112);
#1110 = CARTESIAN_POINT('',(0.,0.,-27.));
#1111 = DIRECTION('',(0.,0.,1.));
#1112 = DIRECTION('',(1.,0.,-0.));
#1113 = PCURVE('',#96,#1114);
#1114 = DEFINITIONAL_REPRESENTATION('',(#1115),#1119);
#1115 = LINE('',#1116,#1117);
#1116 = CARTESIAN_POINT('',(-0.,1.570796326795));
#1117 = VECTOR('',#1118,1.);
#1118 = DIRECTION('',(-1.,0.));
#1119 = ( GEOMETRIC_REPRESENTATION_CONTEXT(2) 
PARAMETRIC_REPRESENTATION_CONTEXT() REPRESENTATION_CONTEXT('2D SPACE',''
  ) );
#1120 = PCURVE('',#1121,#1126);
#1121 = PLANE('',#1122);
#1122 = AXIS2_PLACEMENT_3D('',#1123,#1124,#1125);
#1123 = CARTESIAN_POINT('',(-2.500461956644E-15,2.143414715277E-15,-27.)
  );
#1124 = DIRECTION('',(0.,0.,1.));
#1125 = DIRECTION('',(1.,0.,-0.));
#1126 = DEFINITIONAL_REPRESENTATION('',(#1127),#1131);
#1127 = CIRCLE('',#1128,68.2);
#1128 = AXIS2_PLACEMENT_2D('',#1129,#1130);
#1129 = CARTESIAN_POINT('',(2.500461956644E-15,-2.143414715277E-15));
#1130 = DIRECTION('',(1.,0.));
#1131 = ( GEOMETRIC_REPRESENTATION_CONTEXT(2) 
PARAMETRIC_REPRESENTATION_CONTEXT() REPRESENTATION_CONTEXT('2D SPACE',''
  ) );
#1132 = ADVANCED_FACE('',(#1133),#402,.F.);
#1133 = FACE_BOUND('',#1134,.F.);
#1134 = EDGE_LOOP('',(#1135,#1165,#1186,#1214,#1233,#1234,#1235,#1236));
#1135 = ORIENTED_EDGE('',*,*,#1136,.F.);
#1136 = EDGE_CURVE('',#1137,#1139,#1141,.T.);
#1137 = VERTEX_POINT('',#1138);
#1138 = CARTESIAN_POINT('',(24.5,-8.,-27.));
#1139 = VERTEX_POINT('',#1140);
#1140 = CARTESIAN_POINT('',(24.5,-8.,-21.));
#1141 = SURFACE_CURVE('',#1142,(#1146,#1153),.PCURVE_S1.);
#1142 = LINE('',#1143,#1144);
#1143 = CARTESIAN_POINT('',(24.5,-8.,-27.5));
#1144 = VECTOR('',#1145,1.);
#1145 = DIRECTION('',(0.,0.,1.));
#1146 = PCURVE('',#402,#1147);
#1147 = DEFINITIONAL_REPRESENTATION('',(#1148),#1152);
#1148 = LINE('',#1149,#1150);
#1149 = CARTESIAN_POINT('',(0.,0.));
#1150 = VECTOR('',#1151,1.);
#1151 = DIRECTION('',(1.,0.));
#1152 = ( GEOMETRIC_REPRESENTATION_CONTEXT(2) 
PARAMETRIC_REPRESENTATION_CONTEXT() REPRESENTATION_CONTEXT('2D SPACE',''
  ) );
#1153 = PCURVE('',#1154,#1159);
#1154 = PLANE('',#1155);
#1155 = AXIS2_PLACEMENT_3D('',#1156,#1157,#1158);
#1156 = CARTESIAN_POINT('',(21.5,-8.,-27.5));
#1157 = DIRECTION('',(0.,1.,0.));
#1158 = DIRECTION('',(0.,0.,1.));
#1159 = DEFINITIONAL_REPRESENTATION('',(#1160),#1164);
#1160 = LINE('',#1161,#1162);
#1161 = CARTESIAN_POINT('',(0.,3.));
#1162 = VECTOR('',#1163,1.);
#1163 = DIRECTION('',(1.,0.));
#1164 = ( GEOMETRIC_REPRESENTATION_CONTEXT(2) 
PARAMETRIC_REPRESENTATION_CONTEXT() REPRESENTATION_CONTEXT('2D SPACE',''
  ) );
#1165 = ORIENTED_EDGE('',*,*,#1166,.T.);
#1166 = EDGE_CURVE('',#1137,#1167,#1169,.T.);
#1167 = VERTEX_POINT('',#1168);
#1168 = CARTESIAN_POINT('',(24.5,8.,-27.));
#1169 = SURFACE_CURVE('',#1170,(#1174,#1180),.PCURVE_S1.);
#1170 = LINE('',#1171,#1172);
#1171 = CARTESIAN_POINT('',(24.5,-4.,-27.));
#1172 = VECTOR('',#1173,1.);
#1173 = DIRECTION('',(0.,1.,0.));
#1174 = PCURVE('',#402,#1175);
#1175 = DEFINITIONAL_REPRESENTATION('',(#1176),#1179);
#1176 = B_SPLINE_CURVE_WITH_KNOTS('',1,(#1177,#1178),.UNSPECIFIED.,.F.,
  .F.,(2,2),(-4.,12.),.PIECEWISE_BEZIER_KNOTS.);
#1177 = CARTESIAN_POINT('',(0.5,0.));
#1178 = CARTESIAN_POINT('',(0.5,-16.));
#1179 = ( GEOMETRIC_REPRESENTATION_CONTEXT(2) 
PARAMETRIC_REPRESENTATION_CONTEXT() REPRESENTATION_CONTEXT('2D SPACE',''
  ) );
#1180 = PCURVE('',#1121,#1181);
#1181 = DEFINITIONAL_REPRESENTATION('',(#1182),#1185);
#1182 = B_SPLINE_CURVE_WITH_KNOTS('',1,(#1183,#1184),.UNSPECIFIED.,.F.,
  .F.,(2,2),(-4.,12.),.PIECEWISE_BEZIER_KNOTS.);
#1183 = CARTESIAN_POINT('',(24.5,-8.));
#1184 = CARTESIAN_POINT('',(24.5,8.));
#1185 = ( GEOMETRIC_REPRESENTATION_CONTEXT(2) 
PARAMETRIC_REPRESENTATION_CONTEXT() REPRESENTATION_CONTEXT('2D SPACE',''
  ) );
#1186 = ORIENTED_EDGE('',*,*,#1187,.T.);
#1187 = EDGE_CURVE('',#1167,#1188,#1190,.T.);
#1188 = VERTEX_POINT('',#1189);
#1189 = CARTESIAN_POINT('',(24.5,8.,-21.));
#1190 = SURFACE_CURVE('',#1191,(#1195,#1202),.PCURVE_S1.);
#1191 = LINE('',#1192,#1193);
#1192 = CARTESIAN_POINT('',(24.5,8.,-27.5));
#1193 = VECTOR('',#1194,1.);
#1194 = DIRECTION('',(0.,0.,1.));
#1195 = PCURVE('',#402,#1196);
#1196 = DEFINITIONAL_REPRESENTATION('',(#1197),#1201);
#1197 = LINE('',#1198,#1199);
#1198 = CARTESIAN_POINT('',(0.,-16.));
#1199 = VECTOR('',#1200,1.);
#1200 = DIRECTION('',(1.,0.));
#1201 = ( GEOMETRIC_REPRESENTATION_CONTEXT(2) 
PARAMETRIC_REPRESENTATION_CONTEXT() REPRESENTATION_CONTEXT('2D SPACE',''
  ) );
#1202 = PCURVE('',#1203,#1208);
#1203 = PLANE('',#1204);
#1204 = AXIS2_PLACEMENT_3D('',#1205,#1206,#1207);
#1205 = CARTESIAN_POINT('',(21.5,8.,-27.5));
#1206 = DIRECTION('',(0.,1.,0.));
#1207 = DIRECTION('',(0.,0.,1.));
#1208 = DEFINITIONAL_REPRESENTATION('',(#1209),#1213);
#1209 = LINE('',#1210,#1211);
#1210 = CARTESIAN_POINT('',(0.,3.));
#1211 = VECTOR('',#1212,1.);
#1212 = DIRECTION('',(1.,0.));
#1213 = ( GEOMETRIC_REPRESENTATION_CONTEXT(2) 
PARAMETRIC_REPRESENTATION_CONTEXT() REPRESENTATION_CONTEXT('2D SPACE',''
  ) );
#1214 = ORIENTED_EDGE('',*,*,#1215,.F.);
#1215 = EDGE_CURVE('',#1038,#1188,#1216,.T.);
#1216 = SURFACE_CURVE('',#1217,(#1221,#1227),.PCURVE_S1.);
#1217 = LINE('',#1218,#1219);
#1218 = CARTESIAN_POINT('',(24.5,-4.,-21.));
#1219 = VECTOR('',#1220,1.);
#1220 = DIRECTION('',(0.,1.,0.));
#1221 = PCURVE('',#402,#1222);
#1222 = DEFINITIONAL_REPRESENTATION('',(#1223),#1226);
#1223 = B_SPLINE_CURVE_WITH_KNOTS('',1,(#1224,#1225),.UNSPECIFIED.,.F.,
  .F.,(2,2),(-4.,12.),.PIECEWISE_BEZIER_KNOTS.);
#1224 = CARTESIAN_POINT('',(6.5,0.));
#1225 = CARTESIAN_POINT('',(6.5,-16.));
#1226 = ( GEOMETRIC_REPRESENTATION_CONTEXT(2) 
PARAMETRIC_REPRESENTATION_CONTEXT() REPRESENTATION_CONTEXT('2D SPACE',''
  ) );
#1227 = PCURVE('',#476,#1228);
#1228 = DEFINITIONAL_REPRESENTATION('',(#1229),#1232);
#1229 = B_SPLINE_CURVE_WITH_KNOTS('',1,(#1230,#1231),.UNSPECIFIED.,.F.,
  .F.,(2,2),(-4.,12.),.PIECEWISE_BEZIER_KNOTS.);
#1230 = CARTESIAN_POINT('',(24.5,-8.));
#1231 = CARTESIAN_POINT('',(24.5,8.));
#1232 = ( GEOMETRIC_REPRESENTATION_CONTEXT(2) 
PARAMETRIC_REPRESENTATION_CONTEXT() REPRESENTATION_CONTEXT('2D SPACE',''
  ) );
#1233 = ORIENTED_EDGE('',*,*,#1037,.T.);
#1234 = ORIENTED_EDGE('',*,*,#387,.F.);
#1235 = ORIENTED_EDGE('',*,*,#440,.F.);
#1236 = ORIENTED_EDGE('',*,*,#1237,.F.);
#1237 = EDGE_CURVE('',#1139,#441,#1238,.T.);
#1238 = SURFACE_CURVE('',#1239,(#1243,#1249),.PCURVE_S1.);
#1239 = LINE('',#1240,#1241);
#1240 = CARTESIAN_POINT('',(24.5,-4.,-21.));
#1241 = VECTOR('',#1242,1.);
#1242 = DIRECTION('',(0.,1.,0.));
#1243 = PCURVE('',#402,#1244);
#1244 = DEFINITIONAL_REPRESENTATION('',(#1245),#1248);
#1245 = B_SPLINE_CURVE_WITH_KNOTS('',1,(#1246,#1247),.UNSPECIFIED.,.F.,
  .F.,(2,2),(-4.,12.),.PIECEWISE_BEZIER_KNOTS.);
#1246 = CARTESIAN_POINT('',(6.5,0.));
#1247 = CARTESIAN_POINT('',(6.5,-16.));
#1248 = ( GEOMETRIC_REPRESENTATION_CONTEXT(2) 
PARAMETRIC_REPRESENTATION_CONTEXT() REPRESENTATION_CONTEXT('2D SPACE',''
  ) );
#1249 = PCURVE('',#476,#1250);
#1250 = DEFINITIONAL_REPRESENTATION('',(#1251),#1254);
#1251 = B_SPLINE_CURVE_WITH_KNOTS('',1,(#1252,#1253),.UNSPECIFIED.,.F.,
  .F.,(2,2),(-4.,12.),.PIECEWISE_BEZIER_KNOTS.);
#1252 = CARTESIAN_POINT('',(24.5,-8.));
#1253 = CARTESIAN_POINT('',(24.5,8.));
#1254 = ( GEOMETRIC_REPRESENTATION_CONTEXT(2) 
PARAMETRIC_REPRESENTATION_CONTEXT() REPRESENTATION_CONTEXT('2D SPACE',''
  ) );
#1255 = ADVANCED_FACE('',(#1256,#1866,#1897,#1928,#1959),#476,.T.);
#1256 = FACE_BOUND('',#1257,.T.);
#1257 = EDGE_LOOP('',(#1258,#1288,#1316,#1344,#1370,#1396,#1422,#1441,
    #1442,#1443,#1444,#1445,#1466,#1492,#1518,#1546,#1574,#1602,#1630,
    #1653,#1679,#1700,#1719,#1720,#1721,#1722,#1723,#1744,#1770,#1791,
    #1817,#1840));
#1258 = ORIENTED_EDGE('',*,*,#1259,.F.);
#1259 = EDGE_CURVE('',#1260,#1262,#1264,.T.);
#1260 = VERTEX_POINT('',#1261);
#1261 = CARTESIAN_POINT('',(-12.2,-8.5,-21.));
#1262 = VERTEX_POINT('',#1263);
#1263 = CARTESIAN_POINT('',(-12.2,8.5,-21.));
#1264 = SURFACE_CURVE('',#1265,(#1269,#1276),.PCURVE_S1.);
#1265 = LINE('',#1266,#1267);
#1266 = CARTESIAN_POINT('',(-12.2,-8.5,-21.));
#1267 = VECTOR('',#1268,1.);
#1268 = DIRECTION('',(0.,1.,0.));
#1269 = PCURVE('',#476,#1270);
#1270 = DEFINITIONAL_REPRESENTATION('',(#1271),#1275);
#1271 = LINE('',#1272,#1273);
#1272 = CARTESIAN_POINT('',(-12.2,-8.5));
#1273 = VECTOR('',#1274,1.);
#1274 = DIRECTION('',(0.,1.));
#1275 = ( GEOMETRIC_REPRESENTATION_CONTEXT(2) 
PARAMETRIC_REPRESENTATION_CONTEXT() REPRESENTATION_CONTEXT('2D SPACE',''
  ) );
#1276 = PCURVE('',#1277,#1282);
#1277 = PLANE('',#1278);
#1278 = AXIS2_PLACEMENT_3D('',#1279,#1280,#1281);
#1279 = CARTESIAN_POINT('',(-12.2,-8.5,-21.));
#1280 = DIRECTION('',(1.,0.,0.));
#1281 = DIRECTION('',(0.,0.,1.));
#1282 = DEFINITIONAL_REPRESENTATION('',(#1283),#1287);
#1283 = LINE('',#1284,#1285);
#1284 = CARTESIAN_POINT('',(0.,0.));
#1285 = VECTOR('',#1286,1.);
#1286 = DIRECTION('',(0.,-1.));
#1287 = ( GEOMETRIC_REPRESENTATION_CONTEXT(2) 
PARAMETRIC_REPRESENTATION_CONTEXT() REPRESENTATION_CONTEXT('2D SPACE',''
  ) );
#1288 = ORIENTED_EDGE('',*,*,#1289,.F.);
#1289 = EDGE_CURVE('',#1290,#1260,#1292,.T.);
#1290 = VERTEX_POINT('',#1291);
#1291 = CARTESIAN_POINT('',(-18.5,-8.5,-21.));
#1292 = SURFACE_CURVE('',#1293,(#1297,#1304),.PCURVE_S1.);
#1293 = LINE('',#1294,#1295);
#1294 = CARTESIAN_POINT('',(-18.5,-8.5,-21.));
#1295 = VECTOR('',#1296,1.);
#1296 = DIRECTION('',(1.,0.,0.));
#1297 = PCURVE('',#476,#1298);
#1298 = DEFINITIONAL_REPRESENTATION('',(#1299),#1303);
#1299 = LINE('',#1300,#1301);
#1300 = CARTESIAN_POINT('',(-18.5,-8.5));
#1301 = VECTOR('',#1302,1.);
#1302 = DIRECTION('',(1.,0.));
#1303 = ( GEOMETRIC_REPRESENTATION_CONTEXT(2) 
PARAMETRIC_REPRESENTATION_CONTEXT() REPRESENTATION_CONTEXT('2D SPACE',''
  ) );
#1304 = PCURVE('',#1305,#1310);
#1305 = PLANE('',#1306);
#1306 = AXIS2_PLACEMENT_3D('',#1307,#1308,#1309);
#1307 = CARTESIAN_POINT('',(-18.5,-8.5,-21.));
#1308 = DIRECTION('',(0.,1.,0.));
#1309 = DIRECTION('',(0.,0.,1.));
#1310 = DEFINITIONAL_REPRESENTATION('',(#1311),#1315);
#1311 = LINE('',#1312,#1313);
#1312 = CARTESIAN_POINT('',(0.,0.));
#1313 = VECTOR('',#1314,1.);
#1314 = DIRECTION('',(0.,1.));
#1315 = ( GEOMETRIC_REPRESENTATION_CONTEXT(2) 
PARAMETRIC_REPRESENTATION_CONTEXT() REPRESENTATION_CONTEXT('2D SPACE',''
  ) );
#1316 = ORIENTED_EDGE('',*,*,#1317,.T.);
#1317 = EDGE_CURVE('',#1290,#1318,#1320,.T.);
#1318 = VERTEX_POINT('',#1319);
#1319 = CARTESIAN_POINT('',(-18.5,-7.,-21.));
#1320 = SURFACE_CURVE('',#1321,(#1325,#1332),.PCURVE_S1.);
#1321 = LINE('',#1322,#1323);
#1322 = CARTESIAN_POINT('',(-18.5,-8.5,-21.));
#1323 = VECTOR('',#1324,1.);
#1324 = DIRECTION('',(0.,1.,0.));
#1325 = PCURVE('',#476,#1326);
#1326 = DEFINITIONAL_REPRESENTATION('',(#1327),#1331);
#1327 = LINE('',#1328,#1329);
#1328 = CARTESIAN_POINT('',(-18.5,-8.5));
#1329 = VECTOR('',#1330,1.);
#1330 = DIRECTION('',(0.,1.));
#1331 = ( GEOMETRIC_REPRESENTATION_CONTEXT(2) 
PARAMETRIC_REPRESENTATION_CONTEXT() REPRESENTATION_CONTEXT('2D SPACE',''
  ) );
#1332 = PCURVE('',#1333,#1338);
#1333 = PLANE('',#1334);
#1334 = AXIS2_PLACEMENT_3D('',#1335,#1336,#1337);
#1335 = CARTESIAN_POINT('',(-18.5,-8.5,-21.));
#1336 = DIRECTION('',(1.,0.,0.));
#1337 = DIRECTION('',(0.,0.,1.));
#1338 = DEFINITIONAL_REPRESENTATION('',(#1339),#1343);
#1339 = LINE('',#1340,#1341);
#1340 = CARTESIAN_POINT('',(0.,0.));
#1341 = VECTOR('',#1342,1.);
#1342 = DIRECTION('',(0.,-1.));
#1343 = ( GEOMETRIC_REPRESENTATION_CONTEXT(2) 
PARAMETRIC_REPRESENTATION_CONTEXT() REPRESENTATION_CONTEXT('2D SPACE',''
  ) );
#1344 = ORIENTED_EDGE('',*,*,#1345,.T.);
#1345 = EDGE_CURVE('',#1318,#1346,#1348,.T.);
#1346 = VERTEX_POINT('',#1347);
#1347 = CARTESIAN_POINT('',(-21.5,-7.,-21.));
#1348 = SURFACE_CURVE('',#1349,(#1353,#1359),.PCURVE_S1.);
#1349 = LINE('',#1350,#1351);
#1350 = CARTESIAN_POINT('',(-35.5,-7.,-21.));
#1351 = VECTOR('',#1352,1.);
#1352 = DIRECTION('',(-1.,0.,0.));
#1353 = PCURVE('',#476,#1354);
#1354 = DEFINITIONAL_REPRESENTATION('',(#1355),#1358);
#1355 = B_SPLINE_CURVE_WITH_KNOTS('',1,(#1356,#1357),.UNSPECIFIED.,.F.,
  .F.,(2,2),(-17.5,32.7),.PIECEWISE_BEZIER_KNOTS.);
#1356 = CARTESIAN_POINT('',(-18.,-7.));
#1357 = CARTESIAN_POINT('',(-68.2,-7.));
#1358 = ( GEOMETRIC_REPRESENTATION_CONTEXT(2) 
PARAMETRIC_REPRESENTATION_CONTEXT() REPRESENTATION_CONTEXT('2D SPACE',''
  ) );
#1359 = PCURVE('',#1360,#1365);
#1360 = PLANE('',#1361);
#1361 = AXIS2_PLACEMENT_3D('',#1362,#1363,#1364);
#1362 = CARTESIAN_POINT('',(-71.,-7.,-25.));
#1363 = DIRECTION('',(0.,1.,0.));
#1364 = DIRECTION('',(0.,0.,1.));
#1365 = DEFINITIONAL_REPRESENTATION('',(#1366),#1369);
#1366 = B_SPLINE_CURVE_WITH_KNOTS('',1,(#1367,#1368),.UNSPECIFIED.,.F.,
  .F.,(2,2),(-17.5,32.7),.PIECEWISE_BEZIER_KNOTS.);
#1367 = CARTESIAN_POINT('',(4.,53.));
#1368 = CARTESIAN_POINT('',(4.,2.8));
#1369 = ( GEOMETRIC_REPRESENTATION_CONTEXT(2) 
PARAMETRIC_REPRESENTATION_CONTEXT() REPRESENTATION_CONTEXT('2D SPACE',''
  ) );
#1370 = ORIENTED_EDGE('',*,*,#1371,.F.);
#1371 = EDGE_CURVE('',#1372,#1346,#1374,.T.);
#1372 = VERTEX_POINT('',#1373);
#1373 = CARTESIAN_POINT('',(-21.5,-8.,-21.));
#1374 = SURFACE_CURVE('',#1375,(#1379,#1385),.PCURVE_S1.);
#1375 = LINE('',#1376,#1377);
#1376 = CARTESIAN_POINT('',(-21.5,-4.,-21.));
#1377 = VECTOR('',#1378,1.);
#1378 = DIRECTION('',(0.,1.,0.));
#1379 = PCURVE('',#476,#1380);
#1380 = DEFINITIONAL_REPRESENTATION('',(#1381),#1384);
#1381 = B_SPLINE_CURVE_WITH_KNOTS('',1,(#1382,#1383),.UNSPECIFIED.,.F.,
  .F.,(2,2),(-4.,12.),.PIECEWISE_BEZIER_KNOTS.);
#1382 = CARTESIAN_POINT('',(-21.5,-8.));
#1383 = CARTESIAN_POINT('',(-21.5,8.));
#1384 = ( GEOMETRIC_REPRESENTATION_CONTEXT(2) 
PARAMETRIC_REPRESENTATION_CONTEXT() REPRESENTATION_CONTEXT('2D SPACE',''
  ) );
#1385 = PCURVE('',#1386,#1391);
#1386 = PLANE('',#1387);
#1387 = AXIS2_PLACEMENT_3D('',#1388,#1389,#1390);
#1388 = CARTESIAN_POINT('',(-21.5,-8.,-27.5));
#1389 = DIRECTION('',(1.,0.,0.));
#1390 = DIRECTION('',(0.,0.,1.));
#1391 = DEFINITIONAL_REPRESENTATION('',(#1392),#1395);
#1392 = B_SPLINE_CURVE_WITH_KNOTS('',1,(#1393,#1394),.UNSPECIFIED.,.F.,
  .F.,(2,2),(-4.,12.),.PIECEWISE_BEZIER_KNOTS.);
#1393 = CARTESIAN_POINT('',(6.5,0.));
#1394 = CARTESIAN_POINT('',(6.5,-16.));
#1395 = ( GEOMETRIC_REPRESENTATION_CONTEXT(2) 
PARAMETRIC_REPRESENTATION_CONTEXT() REPRESENTATION_CONTEXT('2D SPACE',''
  ) );
#1396 = ORIENTED_EDGE('',*,*,#1397,.T.);
#1397 = EDGE_CURVE('',#1372,#1398,#1400,.T.);
#1398 = VERTEX_POINT('',#1399);
#1399 = CARTESIAN_POINT('',(-24.5,-8.,-21.));
#1400 = SURFACE_CURVE('',#1401,(#1405,#1411),.PCURVE_S1.);
#1401 = LINE('',#1402,#1403);
#1402 = CARTESIAN_POINT('',(-12.25,-8.,-21.));
#1403 = VECTOR('',#1404,1.);
#1404 = DIRECTION('',(-1.,0.,0.));
#1405 = PCURVE('',#476,#1406);
#1406 = DEFINITIONAL_REPRESENTATION('',(#1407),#1410);
#1407 = B_SPLINE_CURVE_WITH_KNOTS('',1,(#1408,#1409),.UNSPECIFIED.,.F.,
  .F.,(2,2),(9.25,12.25),.PIECEWISE_BEZIER_KNOTS.);
#1408 = CARTESIAN_POINT('',(-21.5,-8.));
#1409 = CARTESIAN_POINT('',(-24.5,-8.));
#1410 = ( GEOMETRIC_REPRESENTATION_CONTEXT(2) 
PARAMETRIC_REPRESENTATION_CONTEXT() REPRESENTATION_CONTEXT('2D SPACE',''
  ) );
#1411 = PCURVE('',#1412,#1417);
#1412 = PLANE('',#1413);
#1413 = AXIS2_PLACEMENT_3D('',#1414,#1415,#1416);
#1414 = CARTESIAN_POINT('',(-24.5,-8.,-27.5));
#1415 = DIRECTION('',(0.,1.,0.));
#1416 = DIRECTION('',(0.,0.,1.));
#1417 = DEFINITIONAL_REPRESENTATION('',(#1418),#1421);
#1418 = B_SPLINE_CURVE_WITH_KNOTS('',1,(#1419,#1420),.UNSPECIFIED.,.F.,
  .F.,(2,2),(9.25,12.25),.PIECEWISE_BEZIER_KNOTS.);
#1419 = CARTESIAN_POINT('',(6.5,3.));
#1420 = CARTESIAN_POINT('',(6.5,0.));
#1421 = ( GEOMETRIC_REPRESENTATION_CONTEXT(2) 
PARAMETRIC_REPRESENTATION_CONTEXT() REPRESENTATION_CONTEXT('2D SPACE',''
  ) );
#1422 = ORIENTED_EDGE('',*,*,#1423,.T.);
#1423 = EDGE_CURVE('',#1398,#706,#1424,.T.);
#1424 = SURFACE_CURVE('',#1425,(#1429,#1435),.PCURVE_S1.);
#1425 = LINE('',#1426,#1427);
#1426 = CARTESIAN_POINT('',(-24.5,-4.,-21.));
#1427 = VECTOR('',#1428,1.);
#1428 = DIRECTION('',(0.,1.,0.));
#1429 = PCURVE('',#476,#1430);
#1430 = DEFINITIONAL_REPRESENTATION('',(#1431),#1434);
#1431 = B_SPLINE_CURVE_WITH_KNOTS('',1,(#1432,#1433),.UNSPECIFIED.,.F.,
  .F.,(2,2),(-4.,12.),.PIECEWISE_BEZIER_KNOTS.);
#1432 = CARTESIAN_POINT('',(-24.5,-8.));
#1433 = CARTESIAN_POINT('',(-24.5,8.));
#1434 = ( GEOMETRIC_REPRESENTATION_CONTEXT(2) 
PARAMETRIC_REPRESENTATION_CONTEXT() REPRESENTATION_CONTEXT('2D SPACE',''
  ) );
#1435 = PCURVE('',#739,#1436);
#1436 = DEFINITIONAL_REPRESENTATION('',(#1437),#1440);
#1437 = B_SPLINE_CURVE_WITH_KNOTS('',1,(#1438,#1439),.UNSPECIFIED.,.F.,
  .F.,(2,2),(-4.,12.),.PIECEWISE_BEZIER_KNOTS.);
#1438 = CARTESIAN_POINT('',(6.5,0.));
#1439 = CARTESIAN_POINT('',(6.5,-16.));
#1440 = ( GEOMETRIC_REPRESENTATION_CONTEXT(2) 
PARAMETRIC_REPRESENTATION_CONTEXT() REPRESENTATION_CONTEXT('2D SPACE',''
  ) );
#1441 = ORIENTED_EDGE('',*,*,#705,.T.);
#1442 = ORIENTED_EDGE('',*,*,#651,.F.);
#1443 = ORIENTED_EDGE('',*,*,#461,.T.);
#1444 = ORIENTED_EDGE('',*,*,#1237,.F.);
#1445 = ORIENTED_EDGE('',*,*,#1446,.T.);
#1446 = EDGE_CURVE('',#1139,#1447,#1449,.T.);
#1447 = VERTEX_POINT('',#1448);
#1448 = CARTESIAN_POINT('',(21.5,-8.,-21.));
#1449 = SURFACE_CURVE('',#1450,(#1454,#1460),.PCURVE_S1.);
#1450 = LINE('',#1451,#1452);
#1451 = CARTESIAN_POINT('',(10.75,-8.,-21.));
#1452 = VECTOR('',#1453,1.);
#1453 = DIRECTION('',(-1.,0.,0.));
#1454 = PCURVE('',#476,#1455);
#1455 = DEFINITIONAL_REPRESENTATION('',(#1456),#1459);
#1456 = B_SPLINE_CURVE_WITH_KNOTS('',1,(#1457,#1458),.UNSPECIFIED.,.F.,
  .F.,(2,2),(-13.75,-10.75),.PIECEWISE_BEZIER_KNOTS.);
#1457 = CARTESIAN_POINT('',(24.5,-8.));
#1458 = CARTESIAN_POINT('',(21.5,-8.));
#1459 = ( GEOMETRIC_REPRESENTATION_CONTEXT(2) 
PARAMETRIC_REPRESENTATION_CONTEXT() REPRESENTATION_CONTEXT('2D SPACE',''
  ) );
#1460 = PCURVE('',#1154,#1461);
#1461 = DEFINITIONAL_REPRESENTATION('',(#1462),#1465);
#1462 = B_SPLINE_CURVE_WITH_KNOTS('',1,(#1463,#1464),.UNSPECIFIED.,.F.,
  .F.,(2,2),(-13.75,-10.75),.PIECEWISE_BEZIER_KNOTS.);
#1463 = CARTESIAN_POINT('',(6.5,3.));
#1464 = CARTESIAN_POINT('',(6.5,0.));
#1465 = ( GEOMETRIC_REPRESENTATION_CONTEXT(2) 
PARAMETRIC_REPRESENTATION_CONTEXT() REPRESENTATION_CONTEXT('2D SPACE',''
  ) );
#1466 = ORIENTED_EDGE('',*,*,#1467,.T.);
#1467 = EDGE_CURVE('',#1447,#1468,#1470,.T.);
#1468 = VERTEX_POINT('',#1469);
#1469 = CARTESIAN_POINT('',(21.5,-7.,-21.));
#1470 = SURFACE_CURVE('',#1471,(#1475,#1481),.PCURVE_S1.);
#1471 = LINE('',#1472,#1473);
#1472 = CARTESIAN_POINT('',(21.5,-4.,-21.));
#1473 = VECTOR('',#1474,1.);
#1474 = DIRECTION('',(0.,1.,0.));
#1475 = PCURVE('',#476,#1476);
#1476 = DEFINITIONAL_REPRESENTATION('',(#1477),#1480);
#1477 = B_SPLINE_CURVE_WITH_KNOTS('',1,(#1478,#1479),.UNSPECIFIED.,.F.,
  .F.,(2,2),(-4.,12.),.PIECEWISE_BEZIER_KNOTS.);
#1478 = CARTESIAN_POINT('',(21.5,-8.));
#1479 = CARTESIAN_POINT('',(21.5,8.));
#1480 = ( GEOMETRIC_REPRESENTATION_CONTEXT(2) 
PARAMETRIC_REPRESENTATION_CONTEXT() REPRESENTATION_CONTEXT('2D SPACE',''
  ) );
#1481 = PCURVE('',#1482,#1487);
#1482 = PLANE('',#1483);
#1483 = AXIS2_PLACEMENT_3D('',#1484,#1485,#1486);
#1484 = CARTESIAN_POINT('',(21.5,-8.,-27.5));
#1485 = DIRECTION('',(1.,0.,0.));
#1486 = DIRECTION('',(0.,0.,1.));
#1487 = DEFINITIONAL_REPRESENTATION('',(#1488),#1491);
#1488 = B_SPLINE_CURVE_WITH_KNOTS('',1,(#1489,#1490),.UNSPECIFIED.,.F.,
  .F.,(2,2),(-4.,12.),.PIECEWISE_BEZIER_KNOTS.);
#1489 = CARTESIAN_POINT('',(6.5,0.));
#1490 = CARTESIAN_POINT('',(6.5,-16.));
#1491 = ( GEOMETRIC_REPRESENTATION_CONTEXT(2) 
PARAMETRIC_REPRESENTATION_CONTEXT() REPRESENTATION_CONTEXT('2D SPACE',''
  ) );
#1492 = ORIENTED_EDGE('',*,*,#1493,.T.);
#1493 = EDGE_CURVE('',#1468,#1494,#1496,.T.);
#1494 = VERTEX_POINT('',#1495);
#1495 = CARTESIAN_POINT('',(18.5,-7.,-21.));
#1496 = SURFACE_CURVE('',#1497,(#1501,#1507),.PCURVE_S1.);
#1497 = LINE('',#1498,#1499);
#1498 = CARTESIAN_POINT('',(9.,-7.,-21.));
#1499 = VECTOR('',#1500,1.);
#1500 = DIRECTION('',(-1.,0.,0.));
#1501 = PCURVE('',#476,#1502);
#1502 = DEFINITIONAL_REPRESENTATION('',(#1503),#1506);
#1503 = B_SPLINE_CURVE_WITH_KNOTS('',1,(#1504,#1505),.UNSPECIFIED.,.F.,
  .F.,(2,2),(-59.2,-9.),.PIECEWISE_BEZIER_KNOTS.);
#1504 = CARTESIAN_POINT('',(68.2,-7.));
#1505 = CARTESIAN_POINT('',(18.,-7.));
#1506 = ( GEOMETRIC_REPRESENTATION_CONTEXT(2) 
PARAMETRIC_REPRESENTATION_CONTEXT() REPRESENTATION_CONTEXT('2D SPACE',''
  ) );
#1507 = PCURVE('',#1508,#1513);
#1508 = PLANE('',#1509);
#1509 = AXIS2_PLACEMENT_3D('',#1510,#1511,#1512);
#1510 = CARTESIAN_POINT('',(18.,-7.,-25.));
#1511 = DIRECTION('',(0.,1.,0.));
#1512 = DIRECTION('',(0.,0.,1.));
#1513 = DEFINITIONAL_REPRESENTATION('',(#1514),#1517);
#1514 = B_SPLINE_CURVE_WITH_KNOTS('',1,(#1515,#1516),.UNSPECIFIED.,.F.,
  .F.,(2,2),(-59.2,-9.),.PIECEWISE_BEZIER_KNOTS.);
#1515 = CARTESIAN_POINT('',(4.,50.2));
#1516 = CARTESIAN_POINT('',(4.,0.));
#1517 = ( GEOMETRIC_REPRESENTATION_CONTEXT(2) 
PARAMETRIC_REPRESENTATION_CONTEXT() REPRESENTATION_CONTEXT('2D SPACE',''
  ) );
#1518 = ORIENTED_EDGE('',*,*,#1519,.F.);
#1519 = EDGE_CURVE('',#1520,#1494,#1522,.T.);
#1520 = VERTEX_POINT('',#1521);
#1521 = CARTESIAN_POINT('',(18.5,-8.5,-21.));
#1522 = SURFACE_CURVE('',#1523,(#1527,#1534),.PCURVE_S1.);
#1523 = LINE('',#1524,#1525);
#1524 = CARTESIAN_POINT('',(18.5,-8.5,-21.));
#1525 = VECTOR('',#1526,1.);
#1526 = DIRECTION('',(0.,1.,0.));
#1527 = PCURVE('',#476,#1528);
#1528 = DEFINITIONAL_REPRESENTATION('',(#1529),#1533);
#1529 = LINE('',#1530,#1531);
#1530 = CARTESIAN_POINT('',(18.5,-8.5));
#1531 = VECTOR('',#1532,1.);
#1532 = DIRECTION('',(0.,1.));
#1533 = ( GEOMETRIC_REPRESENTATION_CONTEXT(2) 
PARAMETRIC_REPRESENTATION_CONTEXT() REPRESENTATION_CONTEXT('2D SPACE',''
  ) );
#1534 = PCURVE('',#1535,#1540);
#1535 = PLANE('',#1536);
#1536 = AXIS2_PLACEMENT_3D('',#1537,#1538,#1539);
#1537 = CARTESIAN_POINT('',(18.5,-8.5,-21.));
#1538 = DIRECTION('',(1.,0.,0.));
#1539 = DIRECTION('',(0.,0.,1.));
#1540 = DEFINITIONAL_REPRESENTATION('',(#1541),#1545);
#1541 = LINE('',#1542,#1543);
#1542 = CARTESIAN_POINT('',(0.,0.));
#1543 = VECTOR('',#1544,1.);
#1544 = DIRECTION('',(0.,-1.));
#1545 = ( GEOMETRIC_REPRESENTATION_CONTEXT(2) 
PARAMETRIC_REPRESENTATION_CONTEXT() REPRESENTATION_CONTEXT('2D SPACE',''
  ) );
#1546 = ORIENTED_EDGE('',*,*,#1547,.F.);
#1547 = EDGE_CURVE('',#1548,#1520,#1550,.T.);
#1548 = VERTEX_POINT('',#1549);
#1549 = CARTESIAN_POINT('',(12.2,-8.5,-21.));
#1550 = SURFACE_CURVE('',#1551,(#1555,#1562),.PCURVE_S1.);
#1551 = LINE('',#1552,#1553);
#1552 = CARTESIAN_POINT('',(12.2,-8.5,-21.));
#1553 = VECTOR('',#1554,1.);
#1554 = DIRECTION('',(1.,0.,0.));
#1555 = PCURVE('',#476,#1556);
#1556 = DEFINITIONAL_REPRESENTATION('',(#1557),#1561);
#1557 = LINE('',#1558,#1559);
#1558 = CARTESIAN_POINT('',(12.2,-8.5));
#1559 = VECTOR('',#1560,1.);
#1560 = DIRECTION('',(1.,0.));
#1561 = ( GEOMETRIC_REPRESENTATION_CONTEXT(2) 
PARAMETRIC_REPRESENTATION_CONTEXT() REPRESENTATION_CONTEXT('2D SPACE',''
  ) );
#1562 = PCURVE('',#1563,#1568);
#1563 = PLANE('',#1564);
#1564 = AXIS2_PLACEMENT_3D('',#1565,#1566,#1567);
#1565 = CARTESIAN_POINT('',(12.2,-8.5,-21.));
#1566 = DIRECTION('',(0.,1.,0.));
#1567 = DIRECTION('',(0.,0.,1.));
#1568 = DEFINITIONAL_REPRESENTATION('',(#1569),#1573);
#1569 = LINE('',#1570,#1571);
#1570 = CARTESIAN_POINT('',(0.,0.));
#1571 = VECTOR('',#1572,1.);
#1572 = DIRECTION('',(0.,1.));
#1573 = ( GEOMETRIC_REPRESENTATION_CONTEXT(2) 
PARAMETRIC_REPRESENTATION_CONTEXT() REPRESENTATION_CONTEXT('2D SPACE',''
  ) );
#1574 = ORIENTED_EDGE('',*,*,#1575,.T.);
#1575 = EDGE_CURVE('',#1548,#1576,#1578,.T.);
#1576 = VERTEX_POINT('',#1577);
#1577 = CARTESIAN_POINT('',(12.2,8.5,-21.));
#1578 = SURFACE_CURVE('',#1579,(#1583,#1590),.PCURVE_S1.);
#1579 = LINE('',#1580,#1581);
#1580 = CARTESIAN_POINT('',(12.2,-8.5,-21.));
#1581 = VECTOR('',#1582,1.);
#1582 = DIRECTION('',(0.,1.,0.));
#1583 = PCURVE('',#476,#1584);
#1584 = DEFINITIONAL_REPRESENTATION('',(#1585),#1589);
#1585 = LINE('',#1586,#1587);
#1586 = CARTESIAN_POINT('',(12.2,-8.5));
#1587 = VECTOR('',#1588,1.);
#1588 = DIRECTION('',(0.,1.));
#1589 = ( GEOMETRIC_REPRESENTATION_CONTEXT(2) 
PARAMETRIC_REPRESENTATION_CONTEXT() REPRESENTATION_CONTEXT('2D SPACE',''
  ) );
#1590 = PCURVE('',#1591,#1596);
#1591 = PLANE('',#1592);
#1592 = AXIS2_PLACEMENT_3D('',#1593,#1594,#1595);
#1593 = CARTESIAN_POINT('',(12.2,-8.5,-21.));
#1594 = DIRECTION('',(1.,0.,0.));
#1595 = DIRECTION('',(0.,0.,1.));
#1596 = DEFINITIONAL_REPRESENTATION('',(#1597),#1601);
#1597 = LINE('',#1598,#1599);
#1598 = CARTESIAN_POINT('',(0.,0.));
#1599 = VECTOR('',#1600,1.);
#1600 = DIRECTION('',(0.,-1.));
#1601 = ( GEOMETRIC_REPRESENTATION_CONTEXT(2) 
PARAMETRIC_REPRESENTATION_CONTEXT() REPRESENTATION_CONTEXT('2D SPACE',''
  ) );
#1602 = ORIENTED_EDGE('',*,*,#1603,.T.);
#1603 = EDGE_CURVE('',#1576,#1604,#1606,.T.);
#1604 = VERTEX_POINT('',#1605);
#1605 = CARTESIAN_POINT('',(18.5,8.5,-21.));
#1606 = SURFACE_CURVE('',#1607,(#1611,#1618),.PCURVE_S1.);
#1607 = LINE('',#1608,#1609);
#1608 = CARTESIAN_POINT('',(12.2,8.5,-21.));
#1609 = VECTOR('',#1610,1.);
#1610 = DIRECTION('',(1.,0.,0.));
#1611 = PCURVE('',#476,#1612);
#1612 = DEFINITIONAL_REPRESENTATION('',(#1613),#1617);
#1613 = LINE('',#1614,#1615);
#1614 = CARTESIAN_POINT('',(12.2,8.5));
#1615 = VECTOR('',#1616,1.);
#1616 = DIRECTION('',(1.,0.));
#1617 = ( GEOMETRIC_REPRESENTATION_CONTEXT(2) 
PARAMETRIC_REPRESENTATION_CONTEXT() REPRESENTATION_CONTEXT('2D SPACE',''
  ) );
#1618 = PCURVE('',#1619,#1624);
#1619 = PLANE('',#1620);
#1620 = AXIS2_PLACEMENT_3D('',#1621,#1622,#1623);
#1621 = CARTESIAN_POINT('',(12.2,8.5,-21.));
#1622 = DIRECTION('',(0.,1.,0.));
#1623 = DIRECTION('',(0.,0.,1.));
#1624 = DEFINITIONAL_REPRESENTATION('',(#1625),#1629);
#1625 = LINE('',#1626,#1627);
#1626 = CARTESIAN_POINT('',(0.,0.));
#1627 = VECTOR('',#1628,1.);
#1628 = DIRECTION('',(0.,1.));
#1629 = ( GEOMETRIC_REPRESENTATION_CONTEXT(2) 
PARAMETRIC_REPRESENTATION_CONTEXT() REPRESENTATION_CONTEXT('2D SPACE',''
  ) );
#1630 = ORIENTED_EDGE('',*,*,#1631,.F.);
#1631 = EDGE_CURVE('',#1632,#1604,#1634,.T.);
#1632 = VERTEX_POINT('',#1633);
#1633 = CARTESIAN_POINT('',(18.5,7.,-21.));
#1634 = SURFACE_CURVE('',#1635,(#1639,#1646),.PCURVE_S1.);
#1635 = LINE('',#1636,#1637);
#1636 = CARTESIAN_POINT('',(18.5,-8.5,-21.));
#1637 = VECTOR('',#1638,1.);
#1638 = DIRECTION('',(0.,1.,0.));
#1639 = PCURVE('',#476,#1640);
#1640 = DEFINITIONAL_REPRESENTATION('',(#1641),#1645);
#1641 = LINE('',#1642,#1643);
#1642 = CARTESIAN_POINT('',(18.5,-8.5));
#1643 = VECTOR('',#1644,1.);
#1644 = DIRECTION('',(0.,1.));
#1645 = ( GEOMETRIC_REPRESENTATION_CONTEXT(2) 
PARAMETRIC_REPRESENTATION_CONTEXT() REPRESENTATION_CONTEXT('2D SPACE',''
  ) );
#1646 = PCURVE('',#1535,#1647);
#1647 = DEFINITIONAL_REPRESENTATION('',(#1648),#1652);
#1648 = LINE('',#1649,#1650);
#1649 = CARTESIAN_POINT('',(0.,0.));
#1650 = VECTOR('',#1651,1.);
#1651 = DIRECTION('',(0.,-1.));
#1652 = ( GEOMETRIC_REPRESENTATION_CONTEXT(2) 
PARAMETRIC_REPRESENTATION_CONTEXT() REPRESENTATION_CONTEXT('2D SPACE',''
  ) );
#1653 = ORIENTED_EDGE('',*,*,#1654,.F.);
#1654 = EDGE_CURVE('',#1655,#1632,#1657,.T.);
#1655 = VERTEX_POINT('',#1656);
#1656 = CARTESIAN_POINT('',(21.5,7.,-21.));
#1657 = SURFACE_CURVE('',#1658,(#1662,#1668),.PCURVE_S1.);
#1658 = LINE('',#1659,#1660);
#1659 = CARTESIAN_POINT('',(9.,7.,-21.));
#1660 = VECTOR('',#1661,1.);
#1661 = DIRECTION('',(-1.,0.,0.));
#1662 = PCURVE('',#476,#1663);
#1663 = DEFINITIONAL_REPRESENTATION('',(#1664),#1667);
#1664 = B_SPLINE_CURVE_WITH_KNOTS('',1,(#1665,#1666),.UNSPECIFIED.,.F.,
  .F.,(2,2),(-59.2,-9.),.PIECEWISE_BEZIER_KNOTS.);
#1665 = CARTESIAN_POINT('',(68.2,7.));
#1666 = CARTESIAN_POINT('',(18.,7.));
#1667 = ( GEOMETRIC_REPRESENTATION_CONTEXT(2) 
PARAMETRIC_REPRESENTATION_CONTEXT() REPRESENTATION_CONTEXT('2D SPACE',''
  ) );
#1668 = PCURVE('',#1669,#1674);
#1669 = PLANE('',#1670);
#1670 = AXIS2_PLACEMENT_3D('',#1671,#1672,#1673);
#1671 = CARTESIAN_POINT('',(18.,7.,-25.));
#1672 = DIRECTION('',(0.,1.,0.));
#1673 = DIRECTION('',(0.,0.,1.));
#1674 = DEFINITIONAL_REPRESENTATION('',(#1675),#1678);
#1675 = B_SPLINE_CURVE_WITH_KNOTS('',1,(#1676,#1677),.UNSPECIFIED.,.F.,
  .F.,(2,2),(-59.2,-9.),.PIECEWISE_BEZIER_KNOTS.);
#1676 = CARTESIAN_POINT('',(4.,50.2));
#1677 = CARTESIAN_POINT('',(4.,0.));
#1678 = ( GEOMETRIC_REPRESENTATION_CONTEXT(2) 
PARAMETRIC_REPRESENTATION_CONTEXT() REPRESENTATION_CONTEXT('2D SPACE',''
  ) );
#1679 = ORIENTED_EDGE('',*,*,#1680,.T.);
#1680 = EDGE_CURVE('',#1655,#1681,#1683,.T.);
#1681 = VERTEX_POINT('',#1682);
#1682 = CARTESIAN_POINT('',(21.5,8.,-21.));
#1683 = SURFACE_CURVE('',#1684,(#1688,#1694),.PCURVE_S1.);
#1684 = LINE('',#1685,#1686);
#1685 = CARTESIAN_POINT('',(21.5,-4.,-21.));
#1686 = VECTOR('',#1687,1.);
#1687 = DIRECTION('',(0.,1.,0.));
#1688 = PCURVE('',#476,#1689);
#1689 = DEFINITIONAL_REPRESENTATION('',(#1690),#1693);
#1690 = B_SPLINE_CURVE_WITH_KNOTS('',1,(#1691,#1692),.UNSPECIFIED.,.F.,
  .F.,(2,2),(-4.,12.),.PIECEWISE_BEZIER_KNOTS.);
#1691 = CARTESIAN_POINT('',(21.5,-8.));
#1692 = CARTESIAN_POINT('',(21.5,8.));
#1693 = ( GEOMETRIC_REPRESENTATION_CONTEXT(2) 
PARAMETRIC_REPRESENTATION_CONTEXT() REPRESENTATION_CONTEXT('2D SPACE',''
  ) );
#1694 = PCURVE('',#1482,#1695);
#1695 = DEFINITIONAL_REPRESENTATION('',(#1696),#1699);
#1696 = B_SPLINE_CURVE_WITH_KNOTS('',1,(#1697,#1698),.UNSPECIFIED.,.F.,
  .F.,(2,2),(-4.,12.),.PIECEWISE_BEZIER_KNOTS.);
#1697 = CARTESIAN_POINT('',(6.5,0.));
#1698 = CARTESIAN_POINT('',(6.5,-16.));
#1699 = ( GEOMETRIC_REPRESENTATION_CONTEXT(2) 
PARAMETRIC_REPRESENTATION_CONTEXT() REPRESENTATION_CONTEXT('2D SPACE',''
  ) );
#1700 = ORIENTED_EDGE('',*,*,#1701,.F.);
#1701 = EDGE_CURVE('',#1188,#1681,#1702,.T.);
#1702 = SURFACE_CURVE('',#1703,(#1707,#1713),.PCURVE_S1.);
#1703 = LINE('',#1704,#1705);
#1704 = CARTESIAN_POINT('',(10.75,8.,-21.));
#1705 = VECTOR('',#1706,1.);
#1706 = DIRECTION('',(-1.,0.,0.));
#1707 = PCURVE('',#476,#1708);
#1708 = DEFINITIONAL_REPRESENTATION('',(#1709),#1712);
#1709 = B_SPLINE_CURVE_WITH_KNOTS('',1,(#1710,#1711),.UNSPECIFIED.,.F.,
  .F.,(2,2),(-13.75,-10.75),.PIECEWISE_BEZIER_KNOTS.);
#1710 = CARTESIAN_POINT('',(24.5,8.));
#1711 = CARTESIAN_POINT('',(21.5,8.));
#1712 = ( GEOMETRIC_REPRESENTATION_CONTEXT(2) 
PARAMETRIC_REPRESENTATION_CONTEXT() REPRESENTATION_CONTEXT('2D SPACE',''
  ) );
#1713 = PCURVE('',#1203,#1714);
#1714 = DEFINITIONAL_REPRESENTATION('',(#1715),#1718);
#1715 = B_SPLINE_CURVE_WITH_KNOTS('',1,(#1716,#1717),.UNSPECIFIED.,.F.,
  .F.,(2,2),(-13.75,-10.75),.PIECEWISE_BEZIER_KNOTS.);
#1716 = CARTESIAN_POINT('',(6.5,3.));
#1717 = CARTESIAN_POINT('',(6.5,0.));
#1718 = ( GEOMETRIC_REPRESENTATION_CONTEXT(2) 
PARAMETRIC_REPRESENTATION_CONTEXT() REPRESENTATION_CONTEXT('2D SPACE',''
  ) );
#1719 = ORIENTED_EDGE('',*,*,#1215,.F.);
#1720 = ORIENTED_EDGE('',*,*,#1058,.F.);
#1721 = ORIENTED_EDGE('',*,*,#1007,.F.);
#1722 = ORIENTED_EDGE('',*,*,#882,.F.);
#1723 = ORIENTED_EDGE('',*,*,#1724,.T.);
#1724 = EDGE_CURVE('',#883,#1725,#1727,.T.);
#1725 = VERTEX_POINT('',#1726);
#1726 = CARTESIAN_POINT('',(-24.5,8.,-21.));
#1727 = SURFACE_CURVE('',#1728,(#1732,#1738),.PCURVE_S1.);
#1728 = LINE('',#1729,#1730);
#1729 = CARTESIAN_POINT('',(-24.5,-4.,-21.));
#1730 = VECTOR('',#1731,1.);
#1731 = DIRECTION('',(0.,1.,0.));
#1732 = PCURVE('',#476,#1733);
#1733 = DEFINITIONAL_REPRESENTATION('',(#1734),#1737);
#1734 = B_SPLINE_CURVE_WITH_KNOTS('',1,(#1735,#1736),.UNSPECIFIED.,.F.,
  .F.,(2,2),(-4.,12.),.PIECEWISE_BEZIER_KNOTS.);
#1735 = CARTESIAN_POINT('',(-24.5,-8.));
#1736 = CARTESIAN_POINT('',(-24.5,8.));
#1737 = ( GEOMETRIC_REPRESENTATION_CONTEXT(2) 
PARAMETRIC_REPRESENTATION_CONTEXT() REPRESENTATION_CONTEXT('2D SPACE',''
  ) );
#1738 = PCURVE('',#739,#1739);
#1739 = DEFINITIONAL_REPRESENTATION('',(#1740),#1743);
#1740 = B_SPLINE_CURVE_WITH_KNOTS('',1,(#1741,#1742),.UNSPECIFIED.,.F.,
  .F.,(2,2),(-4.,12.),.PIECEWISE_BEZIER_KNOTS.);
#1741 = CARTESIAN_POINT('',(6.5,0.));
#1742 = CARTESIAN_POINT('',(6.5,-16.));
#1743 = ( GEOMETRIC_REPRESENTATION_CONTEXT(2) 
PARAMETRIC_REPRESENTATION_CONTEXT() REPRESENTATION_CONTEXT('2D SPACE',''
  ) );
#1744 = ORIENTED_EDGE('',*,*,#1745,.F.);
#1745 = EDGE_CURVE('',#1746,#1725,#1748,.T.);
#1746 = VERTEX_POINT('',#1747);
#1747 = CARTESIAN_POINT('',(-21.5,8.,-21.));
#1748 = SURFACE_CURVE('',#1749,(#1753,#1759),.PCURVE_S1.);
#1749 = LINE('',#1750,#1751);
#1750 = CARTESIAN_POINT('',(-12.25,8.,-21.));
#1751 = VECTOR('',#1752,1.);
#1752 = DIRECTION('',(-1.,0.,0.));
#1753 = PCURVE('',#476,#1754);
#1754 = DEFINITIONAL_REPRESENTATION('',(#1755),#1758);
#1755 = B_SPLINE_CURVE_WITH_KNOTS('',1,(#1756,#1757),.UNSPECIFIED.,.F.,
  .F.,(2,2),(9.25,12.25),.PIECEWISE_BEZIER_KNOTS.);
#1756 = CARTESIAN_POINT('',(-21.5,8.));
#1757 = CARTESIAN_POINT('',(-24.5,8.));
#1758 = ( GEOMETRIC_REPRESENTATION_CONTEXT(2) 
PARAMETRIC_REPRESENTATION_CONTEXT() REPRESENTATION_CONTEXT('2D SPACE',''
  ) );
#1759 = PCURVE('',#1760,#1765);
#1760 = PLANE('',#1761);
#1761 = AXIS2_PLACEMENT_3D('',#1762,#1763,#1764);
#1762 = CARTESIAN_POINT('',(-24.5,8.,-27.5));
#1763 = DIRECTION('',(0.,1.,0.));
#1764 = DIRECTION('',(0.,0.,1.));
#1765 = DEFINITIONAL_REPRESENTATION('',(#1766),#1769);
#1766 = B_SPLINE_CURVE_WITH_KNOTS('',1,(#1767,#1768),.UNSPECIFIED.,.F.,
  .F.,(2,2),(9.25,12.25),.PIECEWISE_BEZIER_KNOTS.);
#1767 = CARTESIAN_POINT('',(6.5,3.));
#1768 = CARTESIAN_POINT('',(6.5,0.));
#1769 = ( GEOMETRIC_REPRESENTATION_CONTEXT(2) 
PARAMETRIC_REPRESENTATION_CONTEXT() REPRESENTATION_CONTEXT('2D SPACE',''
  ) );
#1770 = ORIENTED_EDGE('',*,*,#1771,.F.);
#1771 = EDGE_CURVE('',#1772,#1746,#1774,.T.);
#1772 = VERTEX_POINT('',#1773);
#1773 = CARTESIAN_POINT('',(-21.5,7.,-21.));
#1774 = SURFACE_CURVE('',#1775,(#1779,#1785),.PCURVE_S1.);
#1775 = LINE('',#1776,#1777);
#1776 = CARTESIAN_POINT('',(-21.5,-4.,-21.));
#1777 = VECTOR('',#1778,1.);
#1778 = DIRECTION('',(0.,1.,0.));
#1779 = PCURVE('',#476,#1780);
#1780 = DEFINITIONAL_REPRESENTATION('',(#1781),#1784);
#1781 = B_SPLINE_CURVE_WITH_KNOTS('',1,(#1782,#1783),.UNSPECIFIED.,.F.,
  .F.,(2,2),(-4.,12.),.PIECEWISE_BEZIER_KNOTS.);
#1782 = CARTESIAN_POINT('',(-21.5,-8.));
#1783 = CARTESIAN_POINT('',(-21.5,8.));
#1784 = ( GEOMETRIC_REPRESENTATION_CONTEXT(2) 
PARAMETRIC_REPRESENTATION_CONTEXT() REPRESENTATION_CONTEXT('2D SPACE',''
  ) );
#1785 = PCURVE('',#1386,#1786);
#1786 = DEFINITIONAL_REPRESENTATION('',(#1787),#1790);
#1787 = B_SPLINE_CURVE_WITH_KNOTS('',1,(#1788,#1789),.UNSPECIFIED.,.F.,
  .F.,(2,2),(-4.,12.),.PIECEWISE_BEZIER_KNOTS.);
#1788 = CARTESIAN_POINT('',(6.5,0.));
#1789 = CARTESIAN_POINT('',(6.5,-16.));
#1790 = ( GEOMETRIC_REPRESENTATION_CONTEXT(2) 
PARAMETRIC_REPRESENTATION_CONTEXT() REPRESENTATION_CONTEXT('2D SPACE',''
  ) );
#1791 = ORIENTED_EDGE('',*,*,#1792,.F.);
#1792 = EDGE_CURVE('',#1793,#1772,#1795,.T.);
#1793 = VERTEX_POINT('',#1794);
#1794 = CARTESIAN_POINT('',(-18.5,7.,-21.));
#1795 = SURFACE_CURVE('',#1796,(#1800,#1806),.PCURVE_S1.);
#1796 = LINE('',#1797,#1798);
#1797 = CARTESIAN_POINT('',(-35.5,7.,-21.));
#1798 = VECTOR('',#1799,1.);
#1799 = DIRECTION('',(-1.,0.,0.));
#1800 = PCURVE('',#476,#1801);
#1801 = DEFINITIONAL_REPRESENTATION('',(#1802),#1805);
#1802 = B_SPLINE_CURVE_WITH_KNOTS('',1,(#1803,#1804),.UNSPECIFIED.,.F.,
  .F.,(2,2),(-17.5,32.7),.PIECEWISE_BEZIER_KNOTS.);
#1803 = CARTESIAN_POINT('',(-18.,7.));
#1804 = CARTESIAN_POINT('',(-68.2,7.));
#1805 = ( GEOMETRIC_REPRESENTATION_CONTEXT(2) 
PARAMETRIC_REPRESENTATION_CONTEXT() REPRESENTATION_CONTEXT('2D SPACE',''
  ) );
#1806 = PCURVE('',#1807,#1812);
#1807 = PLANE('',#1808);
#1808 = AXIS2_PLACEMENT_3D('',#1809,#1810,#1811);
#1809 = CARTESIAN_POINT('',(-71.,7.,-25.));
#1810 = DIRECTION('',(0.,1.,0.));
#1811 = DIRECTION('',(0.,0.,1.));
#1812 = DEFINITIONAL_REPRESENTATION('',(#1813),#1816);
#1813 = B_SPLINE_CURVE_WITH_KNOTS('',1,(#1814,#1815),.UNSPECIFIED.,.F.,
  .F.,(2,2),(-17.5,32.7),.PIECEWISE_BEZIER_KNOTS.);
#1814 = CARTESIAN_POINT('',(4.,53.));
#1815 = CARTESIAN_POINT('',(4.,2.8));
#1816 = ( GEOMETRIC_REPRESENTATION_CONTEXT(2) 
PARAMETRIC_REPRESENTATION_CONTEXT() REPRESENTATION_CONTEXT('2D SPACE',''
  ) );
#1817 = ORIENTED_EDGE('',*,*,#1818,.T.);
#1818 = EDGE_CURVE('',#1793,#1819,#1821,.T.);
#1819 = VERTEX_POINT('',#1820);
#1820 = CARTESIAN_POINT('',(-18.5,8.5,-21.));
#1821 = SURFACE_CURVE('',#1822,(#1826,#1833),.PCURVE_S1.);
#1822 = LINE('',#1823,#1824);
#1823 = CARTESIAN_POINT('',(-18.5,-8.5,-21.));
#1824 = VECTOR('',#1825,1.);
#1825 = DIRECTION('',(0.,1.,0.));
#1826 = PCURVE('',#476,#1827);
#1827 = DEFINITIONAL_REPRESENTATION('',(#1828),#1832);
#1828 = LINE('',#1829,#1830);
#1829 = CARTESIAN_POINT('',(-18.5,-8.5));
#1830 = VECTOR('',#1831,1.);
#1831 = DIRECTION('',(0.,1.));
#1832 = ( GEOMETRIC_REPRESENTATION_CONTEXT(2) 
PARAMETRIC_REPRESENTATION_CONTEXT() REPRESENTATION_CONTEXT('2D SPACE',''
  ) );
#1833 = PCURVE('',#1333,#1834);
#1834 = DEFINITIONAL_REPRESENTATION('',(#1835),#1839);
#1835 = LINE('',#1836,#1837);
#1836 = CARTESIAN_POINT('',(0.,0.));
#1837 = VECTOR('',#1838,1.);
#1838 = DIRECTION('',(0.,-1.));
#1839 = ( GEOMETRIC_REPRESENTATION_CONTEXT(2) 
PARAMETRIC_REPRESENTATION_CONTEXT() REPRESENTATION_CONTEXT('2D SPACE',''
  ) );
#1840 = ORIENTED_EDGE('',*,*,#1841,.T.);
#1841 = EDGE_CURVE('',#1819,#1262,#1842,.T.);
#1842 = SURFACE_CURVE('',#1843,(#1847,#1854),.PCURVE_S1.);
#1843 = LINE('',#1844,#1845);
#1844 = CARTESIAN_POINT('',(-18.5,8.5,-21.));
#1845 = VECTOR('',#1846,1.);
#1846 = DIRECTION('',(1.,0.,0.));
#1847 = PCURVE('',#476,#1848);
#1848 = DEFINITIONAL_REPRESENTATION('',(#1849),#1853);
#1849 = LINE('',#1850,#1851);
#1850 = CARTESIAN_POINT('',(-18.5,8.5));
#1851 = VECTOR('',#1852,1.);
#1852 = DIRECTION('',(1.,0.));
#1853 = ( GEOMETRIC_REPRESENTATION_CONTEXT(2) 
PARAMETRIC_REPRESENTATION_CONTEXT() REPRESENTATION_CONTEXT('2D SPACE',''
  ) );
#1854 = PCURVE('',#1855,#1860);
#1855 = PLANE('',#1856);
#1856 = AXIS2_PLACEMENT_3D('',#1857,#1858,#1859);
#1857 = CARTESIAN_POINT('',(-18.5,8.5,-21.));
#1858 = DIRECTION('',(0.,1.,0.));
#1859 = DIRECTION('',(0.,0.,1.));
#1860 = DEFINITIONAL_REPRESENTATION('',(#1861),#1865);
#1861 = LINE('',#1862,#1863);
#1862 = CARTESIAN_POINT('',(0.,0.));
#1863 = VECTOR('',#1864,1.);
#1864 = DIRECTION('',(0.,1.));
#1865 = ( GEOMETRIC_REPRESENTATION_CONTEXT(2) 
PARAMETRIC_REPRESENTATION_CONTEXT() REPRESENTATION_CONTEXT('2D SPACE',''
  ) );
#1866 = FACE_BOUND('',#1867,.T.);
#1867 = EDGE_LOOP('',(#1868));
#1868 = ORIENTED_EDGE('',*,*,#1869,.F.);
#1869 = EDGE_CURVE('',#1870,#1870,#1872,.T.);
#1870 = VERTEX_POINT('',#1871);
#1871 = CARTESIAN_POINT('',(-31.15533905932,-35.35533905932,-21.));
#1872 = SURFACE_CURVE('',#1873,(#1878,#1885),.PCURVE_S1.);
#1873 = CIRCLE('',#1874,4.2);
#1874 = AXIS2_PLACEMENT_3D('',#1875,#1876,#1877);
#1875 = CARTESIAN_POINT('',(-35.35533905932,-35.35533905932,-21.));
#1876 = DIRECTION('',(0.,0.,1.));
#1877 = DIRECTION('',(1.,0.,-0.));
#1878 = PCURVE('',#476,#1879);
#1879 = DEFINITIONAL_REPRESENTATION('',(#1880),#1884);
#1880 = CIRCLE('',#1881,4.2);
#1881 = AXIS2_PLACEMENT_2D('',#1882,#1883);
#1882 = CARTESIAN_POINT('',(-35.35533905932,-35.35533905932));
#1883 = DIRECTION('',(1.,0.));
#1884 = ( GEOMETRIC_REPRESENTATION_CONTEXT(2) 
PARAMETRIC_REPRESENTATION_CONTEXT() REPRESENTATION_CONTEXT('2D SPACE',''
  ) );
#1885 = PCURVE('',#1886,#1891);
#1886 = CYLINDRICAL_SURFACE('',#1887,4.2);
#1887 = AXIS2_PLACEMENT_3D('',#1888,#1889,#1890);
#1888 = CARTESIAN_POINT('',(-35.35533905932,-35.35533905932,-23.2));
#1889 = DIRECTION('',(0.,0.,1.));
#1890 = DIRECTION('',(1.,0.,-0.));
#1891 = DEFINITIONAL_REPRESENTATION('',(#1892),#1896);
#1892 = LINE('',#1893,#1894);
#1893 = CARTESIAN_POINT('',(0.,2.2));
#1894 = VECTOR('',#1895,1.);
#1895 = DIRECTION('',(1.,0.));
#1896 = ( GEOMETRIC_REPRESENTATION_CONTEXT(2) 
PARAMETRIC_REPRESENTATION_CONTEXT() REPRESENTATION_CONTEXT('2D SPACE',''
  ) );
#1897 = FACE_BOUND('',#1898,.T.);
#1898 = EDGE_LOOP('',(#1899));
#1899 = ORIENTED_EDGE('',*,*,#1900,.F.);
#1900 = EDGE_CURVE('',#1901,#1901,#1903,.T.);
#1901 = VERTEX_POINT('',#1902);
#1902 = CARTESIAN_POINT('',(39.555339059327,-35.35533905932,-21.));
#1903 = SURFACE_CURVE('',#1904,(#1909,#1916),.PCURVE_S1.);
#1904 = CIRCLE('',#1905,4.2);
#1905 = AXIS2_PLACEMENT_3D('',#1906,#1907,#1908);
#1906 = CARTESIAN_POINT('',(35.355339059327,-35.35533905932,-21.));
#1907 = DIRECTION('',(0.,0.,1.));
#1908 = DIRECTION('',(1.,0.,-0.));
#1909 = PCURVE('',#476,#1910);
#1910 = DEFINITIONAL_REPRESENTATION('',(#1911),#1915);
#1911 = CIRCLE('',#1912,4.2);
#1912 = AXIS2_PLACEMENT_2D('',#1913,#1914);
#1913 = CARTESIAN_POINT('',(35.355339059327,-35.35533905932));
#1914 = DIRECTION('',(1.,0.));
#1915 = ( GEOMETRIC_REPRESENTATION_CONTEXT(2) 
PARAMETRIC_REPRESENTATION_CONTEXT() REPRESENTATION_CONTEXT('2D SPACE',''
  ) );
#1916 = PCURVE('',#1917,#1922);
#1917 = CYLINDRICAL_SURFACE('',#1918,4.2);
#1918 = AXIS2_PLACEMENT_3D('',#1919,#1920,#1921);
#1919 = CARTESIAN_POINT('',(35.355339059327,-35.35533905932,-23.2));
#1920 = DIRECTION('',(0.,0.,1.));
#1921 = DIRECTION('',(1.,0.,-0.));
#1922 = DEFINITIONAL_REPRESENTATION('',(#1923),#1927);
#1923 = LINE('',#1924,#1925);
#1924 = CARTESIAN_POINT('',(0.,2.2));
#1925 = VECTOR('',#1926,1.);
#1926 = DIRECTION('',(1.,0.));
#1927 = ( GEOMETRIC_REPRESENTATION_CONTEXT(2) 
PARAMETRIC_REPRESENTATION_CONTEXT() REPRESENTATION_CONTEXT('2D SPACE',''
  ) );
#1928 = FACE_BOUND('',#1929,.T.);
#1929 = EDGE_LOOP('',(#1930));
#1930 = ORIENTED_EDGE('',*,*,#1931,.F.);
#1931 = EDGE_CURVE('',#1932,#1932,#1934,.T.);
#1932 = VERTEX_POINT('',#1933);
#1933 = CARTESIAN_POINT('',(-31.15533905932,35.355339059327,-21.));
#1934 = SURFACE_CURVE('',#1935,(#1940,#1947),.PCURVE_S1.);
#1935 = CIRCLE('',#1936,4.2);
#1936 = AXIS2_PLACEMENT_3D('',#1937,#1938,#1939);
#1937 = CARTESIAN_POINT('',(-35.35533905932,35.355339059327,-21.));
#1938 = DIRECTION('',(0.,0.,1.));
#1939 = DIRECTION('',(1.,0.,-0.));
#1940 = PCURVE('',#476,#1941);
#1941 = DEFINITIONAL_REPRESENTATION('',(#1942),#1946);
#1942 = CIRCLE('',#1943,4.2);
#1943 = AXIS2_PLACEMENT_2D('',#1944,#1945);
#1944 = CARTESIAN_POINT('',(-35.35533905932,35.355339059327));
#1945 = DIRECTION('',(1.,0.));
#1946 = ( GEOMETRIC_REPRESENTATION_CONTEXT(2) 
PARAMETRIC_REPRESENTATION_CONTEXT() REPRESENTATION_CONTEXT('2D SPACE',''
  ) );
#1947 = PCURVE('',#1948,#1953);
#1948 = CYLINDRICAL_SURFACE('',#1949,4.2);
#1949 = AXIS2_PLACEMENT_3D('',#1950,#1951,#1952);
#1950 = CARTESIAN_POINT('',(-35.35533905932,35.355339059327,-23.2));
#1951 = DIRECTION('',(0.,0.,1.));
#1952 = DIRECTION('',(1.,0.,-0.));
#1953 = DEFINITIONAL_REPRESENTATION('',(#1954),#1958);
#1954 = LINE('',#1955,#1956);
#1955 = CARTESIAN_POINT('',(0.,2.2));
#1956 = VECTOR('',#1957,1.);
#1957 = DIRECTION('',(1.,0.));
#1958 = ( GEOMETRIC_REPRESENTATION_CONTEXT(2) 
PARAMETRIC_REPRESENTATION_CONTEXT() REPRESENTATION_CONTEXT('2D SPACE',''
  ) );
#1959 = FACE_BOUND('',#1960,.T.);
#1960 = EDGE_LOOP('',(#1961));
#1961 = ORIENTED_EDGE('',*,*,#1962,.F.);
#1962 = EDGE_CURVE('',#1963,#1963,#1965,.T.);
#1963 = VERTEX_POINT('',#1964);
#1964 = CARTESIAN_POINT('',(39.555339059327,35.355339059327,-21.));
#1965 = SURFACE_CURVE('',#1966,(#1971,#1978),.PCURVE_S1.);
#1966 = CIRCLE('',#1967,4.2);
#1967 = AXIS2_PLACEMENT_3D('',#1968,#1969,#1970);
#1968 = CARTESIAN_POINT('',(35.355339059327,35.355339059327,-21.));
#1969 = DIRECTION('',(0.,0.,1.));
#1970 = DIRECTION('',(1.,0.,-0.));
#1971 = PCURVE('',#476,#1972);
#1972 = DEFINITIONAL_REPRESENTATION('',(#1973),#1977);
#1973 = CIRCLE('',#1974,4.2);
#1974 = AXIS2_PLACEMENT_2D('',#1975,#1976);
#1975 = CARTESIAN_POINT('',(35.355339059327,35.355339059327));
#1976 = DIRECTION('',(1.,0.));
#1977 = ( GEOMETRIC_REPRESENTATION_CONTEXT(2) 
PARAMETRIC_REPRESENTATION_CONTEXT() REPRESENTATION_CONTEXT('2D SPACE',''
  ) );
#1978 = PCURVE('',#1979,#1984);
#1979 = CYLINDRICAL_SURFACE('',#1980,4.2);
#1980 = AXIS2_PLACEMENT_3D('',#1981,#1982,#1983);
#1981 = CARTESIAN_POINT('',(35.355339059327,35.355339059327,-23.2));
#1982 = DIRECTION('',(0.,0.,1.));
#1983 = DIRECTION('',(1.,0.,-0.));
#1984 = DEFINITIONAL_REPRESENTATION('',(#1985),#1989);
#1985 = LINE('',#1986,#1987);
#1986 = CARTESIAN_POINT('',(0.,2.2));
#1987 = VECTOR('',#1988,1.);
#1988 = DIRECTION('',(1.,0.));
#1989 = ( GEOMETRIC_REPRESENTATION_CONTEXT(2) 
PARAMETRIC_REPRESENTATION_CONTEXT() REPRESENTATION_CONTEXT('2D SPACE',''
  ) );
#1990 = ADVANCED_FACE('',(#1991),#739,.T.);
#1991 = FACE_BOUND('',#1992,.T.);
#1992 = EDGE_LOOP('',(#1993,#2016,#2037,#2058,#2059,#2060,#2061,#2062));
#1993 = ORIENTED_EDGE('',*,*,#1994,.F.);
#1994 = EDGE_CURVE('',#1995,#1398,#1997,.T.);
#1995 = VERTEX_POINT('',#1996);
#1996 = CARTESIAN_POINT('',(-24.5,-8.,-27.));
#1997 = SURFACE_CURVE('',#1998,(#2002,#2009),.PCURVE_S1.);
#1998 = LINE('',#1999,#2000);
#1999 = CARTESIAN_POINT('',(-24.5,-8.,-27.5));
#2000 = VECTOR('',#2001,1.);
#2001 = DIRECTION('',(0.,0.,1.));
#2002 = PCURVE('',#739,#2003);
#2003 = DEFINITIONAL_REPRESENTATION('',(#2004),#2008);
#2004 = LINE('',#2005,#2006);
#2005 = CARTESIAN_POINT('',(0.,0.));
#2006 = VECTOR('',#2007,1.);
#2007 = DIRECTION('',(1.,0.));
#2008 = ( GEOMETRIC_REPRESENTATION_CONTEXT(2) 
PARAMETRIC_REPRESENTATION_CONTEXT() REPRESENTATION_CONTEXT('2D SPACE',''
  ) );
#2009 = PCURVE('',#1412,#2010);
#2010 = DEFINITIONAL_REPRESENTATION('',(#2011),#2015);
#2011 = LINE('',#2012,#2013);
#2012 = CARTESIAN_POINT('',(0.,0.));
#2013 = VECTOR('',#2014,1.);
#2014 = DIRECTION('',(1.,0.));
#2015 = ( GEOMETRIC_REPRESENTATION_CONTEXT(2) 
PARAMETRIC_REPRESENTATION_CONTEXT() REPRESENTATION_CONTEXT('2D SPACE',''
  ) );
#2016 = ORIENTED_EDGE('',*,*,#2017,.T.);
#2017 = EDGE_CURVE('',#1995,#2018,#2020,.T.);
#2018 = VERTEX_POINT('',#2019);
#2019 = CARTESIAN_POINT('',(-24.5,8.,-27.));
#2020 = SURFACE_CURVE('',#2021,(#2025,#2031),.PCURVE_S1.);
#2021 = LINE('',#2022,#2023);
#2022 = CARTESIAN_POINT('',(-24.5,-4.,-27.));
#2023 = VECTOR('',#2024,1.);
#2024 = DIRECTION('',(0.,1.,0.));
#2025 = PCURVE('',#739,#2026);
#2026 = DEFINITIONAL_REPRESENTATION('',(#2027),#2030);
#2027 = B_SPLINE_CURVE_WITH_KNOTS('',1,(#2028,#2029),.UNSPECIFIED.,.F.,
  .F.,(2,2),(-4.,12.),.PIECEWISE_BEZIER_KNOTS.);
#2028 = CARTESIAN_POINT('',(0.5,0.));
#2029 = CARTESIAN_POINT('',(0.5,-16.));
#2030 = ( GEOMETRIC_REPRESENTATION_CONTEXT(2) 
PARAMETRIC_REPRESENTATION_CONTEXT() REPRESENTATION_CONTEXT('2D SPACE',''
  ) );
#2031 = PCURVE('',#1121,#2032);
#2032 = DEFINITIONAL_REPRESENTATION('',(#2033),#2036);
#2033 = B_SPLINE_CURVE_WITH_KNOTS('',1,(#2034,#2035),.UNSPECIFIED.,.F.,
  .F.,(2,2),(-4.,12.),.PIECEWISE_BEZIER_KNOTS.);
#2034 = CARTESIAN_POINT('',(-24.5,-8.));
#2035 = CARTESIAN_POINT('',(-24.5,8.));
#2036 = ( GEOMETRIC_REPRESENTATION_CONTEXT(2) 
PARAMETRIC_REPRESENTATION_CONTEXT() REPRESENTATION_CONTEXT('2D SPACE',''
  ) );
#2037 = ORIENTED_EDGE('',*,*,#2038,.T.);
#2038 = EDGE_CURVE('',#2018,#1725,#2039,.T.);
#2039 = SURFACE_CURVE('',#2040,(#2044,#2051),.PCURVE_S1.);
#2040 = LINE('',#2041,#2042);
#2041 = CARTESIAN_POINT('',(-24.5,8.,-27.5));
#2042 = VECTOR('',#2043,1.);
#2043 = DIRECTION('',(0.,0.,1.));
#2044 = PCURVE('',#739,#2045);
#2045 = DEFINITIONAL_REPRESENTATION('',(#2046),#2050);
#2046 = LINE('',#2047,#2048);
#2047 = CARTESIAN_POINT('',(0.,-16.));
#2048 = VECTOR('',#2049,1.);
#2049 = DIRECTION('',(1.,0.));
#2050 = ( GEOMETRIC_REPRESENTATION_CONTEXT(2) 
PARAMETRIC_REPRESENTATION_CONTEXT() REPRESENTATION_CONTEXT('2D SPACE',''
  ) );
#2051 = PCURVE('',#1760,#2052);
#2052 = DEFINITIONAL_REPRESENTATION('',(#2053),#2057);
#2053 = LINE('',#2054,#2055);
#2054 = CARTESIAN_POINT('',(0.,0.));
#2055 = VECTOR('',#2056,1.);
#2056 = DIRECTION('',(1.,0.));
#2057 = ( GEOMETRIC_REPRESENTATION_CONTEXT(2) 
PARAMETRIC_REPRESENTATION_CONTEXT() REPRESENTATION_CONTEXT('2D SPACE',''
  ) );
#2058 = ORIENTED_EDGE('',*,*,#1724,.F.);
#2059 = ORIENTED_EDGE('',*,*,#903,.T.);
#2060 = ORIENTED_EDGE('',*,*,#778,.F.);
#2061 = ORIENTED_EDGE('',*,*,#726,.F.);
#2062 = ORIENTED_EDGE('',*,*,#1423,.F.);
#2063 = ADVANCED_FACE('',(#2064,#2067,#2098,#2129,#2193,#2224,#2288),
  #1121,.F.);
#2064 = FACE_BOUND('',#2065,.F.);
#2065 = EDGE_LOOP('',(#2066));
#2066 = ORIENTED_EDGE('',*,*,#1106,.T.);
#2067 = FACE_BOUND('',#2068,.F.);
#2068 = EDGE_LOOP('',(#2069));
#2069 = ORIENTED_EDGE('',*,*,#2070,.F.);
#2070 = EDGE_CURVE('',#2071,#2071,#2073,.T.);
#2071 = VERTEX_POINT('',#2072);
#2072 = CARTESIAN_POINT('',(-33.15533905932,-35.35533905932,-27.));
#2073 = SURFACE_CURVE('',#2074,(#2079,#2086),.PCURVE_S1.);
#2074 = CIRCLE('',#2075,2.2);
#2075 = AXIS2_PLACEMENT_3D('',#2076,#2077,#2078);
#2076 = CARTESIAN_POINT('',(-35.35533905932,-35.35533905932,-27.));
#2077 = DIRECTION('',(0.,0.,1.));
#2078 = DIRECTION('',(1.,0.,-0.));
#2079 = PCURVE('',#1121,#2080);
#2080 = DEFINITIONAL_REPRESENTATION('',(#2081),#2085);
#2081 = CIRCLE('',#2082,2.2);
#2082 = AXIS2_PLACEMENT_2D('',#2083,#2084);
#2083 = CARTESIAN_POINT('',(-35.35533905932,-35.35533905932));
#2084 = DIRECTION('',(1.,0.));
#2085 = ( GEOMETRIC_REPRESENTATION_CONTEXT(2) 
PARAMETRIC_REPRESENTATION_CONTEXT() REPRESENTATION_CONTEXT('2D SPACE',''
  ) );
#2086 = PCURVE('',#2087,#2092);
#2087 = CYLINDRICAL_SURFACE('',#2088,2.2);
#2088 = AXIS2_PLACEMENT_3D('',#2089,#2090,#2091);
#2089 = CARTESIAN_POINT('',(-35.35533905932,-35.35533905932,-27.5));
#2090 = DIRECTION('',(0.,0.,1.));
#2091 = DIRECTION('',(1.,0.,-0.));
#2092 = DEFINITIONAL_REPRESENTATION('',(#2093),#2097);
#2093 = LINE('',#2094,#2095);
#2094 = CARTESIAN_POINT('',(0.,0.5));
#2095 = VECTOR('',#2096,1.);
#2096 = DIRECTION('',(1.,0.));
#2097 = ( GEOMETRIC_REPRESENTATION_CONTEXT(2) 
PARAMETRIC_REPRESENTATION_CONTEXT() REPRESENTATION_CONTEXT('2D SPACE',''
  ) );
#2098 = FACE_BOUND('',#2099,.F.);
#2099 = EDGE_LOOP('',(#2100));
#2100 = ORIENTED_EDGE('',*,*,#2101,.F.);
#2101 = EDGE_CURVE('',#2102,#2102,#2104,.T.);
#2102 = VERTEX_POINT('',#2103);
#2103 = CARTESIAN_POINT('',(37.555339059327,-35.35533905932,-27.));
#2104 = SURFACE_CURVE('',#2105,(#2110,#2117),.PCURVE_S1.);
#2105 = CIRCLE('',#2106,2.2);
#2106 = AXIS2_PLACEMENT_3D('',#2107,#2108,#2109);
#2107 = CARTESIAN_POINT('',(35.355339059327,-35.35533905932,-27.));
#2108 = DIRECTION('',(0.,0.,1.));
#2109 = DIRECTION('',(1.,0.,-0.));
#2110 = PCURVE('',#1121,#2111);
#2111 = DEFINITIONAL_REPRESENTATION('',(#2112),#2116);
#2112 = CIRCLE('',#2113,2.2);
#2113 = AXIS2_PLACEMENT_2D('',#2114,#2115);
#2114 = CARTESIAN_POINT('',(35.355339059327,-35.35533905932));
#2115 = DIRECTION('',(1.,0.));
#2116 = ( GEOMETRIC_REPRESENTATION_CONTEXT(2) 
PARAMETRIC_REPRESENTATION_CONTEXT() REPRESENTATION_CONTEXT('2D SPACE',''
  ) );
#2117 = PCURVE('',#2118,#2123);
#2118 = CYLINDRICAL_SURFACE('',#2119,2.2);
#2119 = AXIS2_PLACEMENT_3D('',#2120,#2121,#2122);
#2120 = CARTESIAN_POINT('',(35.355339059327,-35.35533905932,-27.5));
#2121 = DIRECTION('',(0.,0.,1.));
#2122 = DIRECTION('',(1.,0.,-0.));
#2123 = DEFINITIONAL_REPRESENTATION('',(#2124),#2128);
#2124 = LINE('',#2125,#2126);
#2125 = CARTESIAN_POINT('',(0.,0.5));
#2126 = VECTOR('',#2127,1.);
#2127 = DIRECTION('',(1.,0.));
#2128 = ( GEOMETRIC_REPRESENTATION_CONTEXT(2) 
PARAMETRIC_REPRESENTATION_CONTEXT() REPRESENTATION_CONTEXT('2D SPACE',''
  ) );
#2129 = FACE_BOUND('',#2130,.F.);
#2130 = EDGE_LOOP('',(#2131,#2152,#2153,#2174));
#2131 = ORIENTED_EDGE('',*,*,#2132,.T.);
#2132 = EDGE_CURVE('',#2133,#1995,#2135,.T.);
#2133 = VERTEX_POINT('',#2134);
#2134 = CARTESIAN_POINT('',(-21.5,-8.,-27.));
#2135 = SURFACE_CURVE('',#2136,(#2140,#2146),.PCURVE_S1.);
#2136 = LINE('',#2137,#2138);
#2137 = CARTESIAN_POINT('',(-12.25,-8.,-27.));
#2138 = VECTOR('',#2139,1.);
#2139 = DIRECTION('',(-1.,0.,0.));
#2140 = PCURVE('',#1121,#2141);
#2141 = DEFINITIONAL_REPRESENTATION('',(#2142),#2145);
#2142 = B_SPLINE_CURVE_WITH_KNOTS('',1,(#2143,#2144),.UNSPECIFIED.,.F.,
  .F.,(2,2),(9.25,12.25),.PIECEWISE_BEZIER_KNOTS.);
#2143 = CARTESIAN_POINT('',(-21.5,-8.));
#2144 = CARTESIAN_POINT('',(-24.5,-8.));
#2145 = ( GEOMETRIC_REPRESENTATION_CONTEXT(2) 
PARAMETRIC_REPRESENTATION_CONTEXT() REPRESENTATION_CONTEXT('2D SPACE',''
  ) );
#2146 = PCURVE('',#1412,#2147);
#2147 = DEFINITIONAL_REPRESENTATION('',(#2148),#2151);
#2148 = B_SPLINE_CURVE_WITH_KNOTS('',1,(#2149,#2150),.UNSPECIFIED.,.F.,
  .F.,(2,2),(9.25,12.25),.PIECEWISE_BEZIER_KNOTS.);
#2149 = CARTESIAN_POINT('',(0.5,3.));
#2150 = CARTESIAN_POINT('',(0.5,0.));
#2151 = ( GEOMETRIC_REPRESENTATION_CONTEXT(2) 
PARAMETRIC_REPRESENTATION_CONTEXT() REPRESENTATION_CONTEXT('2D SPACE',''
  ) );
#2152 = ORIENTED_EDGE('',*,*,#2017,.T.);
#2153 = ORIENTED_EDGE('',*,*,#2154,.F.);
#2154 = EDGE_CURVE('',#2155,#2018,#2157,.T.);
#2155 = VERTEX_POINT('',#2156);
#2156 = CARTESIAN_POINT('',(-21.5,8.,-27.));
#2157 = SURFACE_CURVE('',#2158,(#2162,#2168),.PCURVE_S1.);
#2158 = LINE('',#2159,#2160);
#2159 = CARTESIAN_POINT('',(-12.25,8.,-27.));
#2160 = VECTOR('',#2161,1.);
#2161 = DIRECTION('',(-1.,0.,0.));
#2162 = PCURVE('',#1121,#2163);
#2163 = DEFINITIONAL_REPRESENTATION('',(#2164),#2167);
#2164 = B_SPLINE_CURVE_WITH_KNOTS('',1,(#2165,#2166),.UNSPECIFIED.,.F.,
  .F.,(2,2),(9.25,12.25),.PIECEWISE_BEZIER_KNOTS.);
#2165 = CARTESIAN_POINT('',(-21.5,8.));
#2166 = CARTESIAN_POINT('',(-24.5,8.));
#2167 = ( GEOMETRIC_REPRESENTATION_CONTEXT(2) 
PARAMETRIC_REPRESENTATION_CONTEXT() REPRESENTATION_CONTEXT('2D SPACE',''
  ) );
#2168 = PCURVE('',#1760,#2169);
#2169 = DEFINITIONAL_REPRESENTATION('',(#2170),#2173);
#2170 = B_SPLINE_CURVE_WITH_KNOTS('',1,(#2171,#2172),.UNSPECIFIED.,.F.,
  .F.,(2,2),(9.25,12.25),.PIECEWISE_BEZIER_KNOTS.);
#2171 = CARTESIAN_POINT('',(0.5,3.));
#2172 = CARTESIAN_POINT('',(0.5,0.));
#2173 = ( GEOMETRIC_REPRESENTATION_CONTEXT(2) 
PARAMETRIC_REPRESENTATION_CONTEXT() REPRESENTATION_CONTEXT('2D SPACE',''
  ) );
#2174 = ORIENTED_EDGE('',*,*,#2175,.F.);
#2175 = EDGE_CURVE('',#2133,#2155,#2176,.T.);
#2176 = SURFACE_CURVE('',#2177,(#2181,#2187),.PCURVE_S1.);
#2177 = LINE('',#2178,#2179);
#2178 = CARTESIAN_POINT('',(-21.5,-4.,-27.));
#2179 = VECTOR('',#2180,1.);
#2180 = DIRECTION('',(0.,1.,0.));
#2181 = PCURVE('',#1121,#2182);
#2182 = DEFINITIONAL_REPRESENTATION('',(#2183),#2186);
#2183 = B_SPLINE_CURVE_WITH_KNOTS('',1,(#2184,#2185),.UNSPECIFIED.,.F.,
  .F.,(2,2),(-4.,12.),.PIECEWISE_BEZIER_KNOTS.);
#2184 = CARTESIAN_POINT('',(-21.5,-8.));
#2185 = CARTESIAN_POINT('',(-21.5,8.));
#2186 = ( GEOMETRIC_REPRESENTATION_CONTEXT(2) 
PARAMETRIC_REPRESENTATION_CONTEXT() REPRESENTATION_CONTEXT('2D SPACE',''
  ) );
#2187 = PCURVE('',#1386,#2188);
#2188 = DEFINITIONAL_REPRESENTATION('',(#2189),#2192);
#2189 = B_SPLINE_CURVE_WITH_KNOTS('',1,(#2190,#2191),.UNSPECIFIED.,.F.,
  .F.,(2,2),(-4.,12.),.PIECEWISE_BEZIER_KNOTS.);
#2190 = CARTESIAN_POINT('',(0.5,0.));
#2191 = CARTESIAN_POINT('',(0.5,-16.));
#2192 = ( GEOMETRIC_REPRESENTATION_CONTEXT(2) 
PARAMETRIC_REPRESENTATION_CONTEXT() REPRESENTATION_CONTEXT('2D SPACE',''
  ) );
#2193 = FACE_BOUND('',#2194,.F.);
#2194 = EDGE_LOOP('',(#2195));
#2195 = ORIENTED_EDGE('',*,*,#2196,.F.);
#2196 = EDGE_CURVE('',#2197,#2197,#2199,.T.);
#2197 = VERTEX_POINT('',#2198);
#2198 = CARTESIAN_POINT('',(-33.15533905932,35.355339059327,-27.));
#2199 = SURFACE_CURVE('',#2200,(#2205,#2212),.PCURVE_S1.);
#2200 = CIRCLE('',#2201,2.2);
#2201 = AXIS2_PLACEMENT_3D('',#2202,#2203,#2204);
#2202 = CARTESIAN_POINT('',(-35.35533905932,35.355339059327,-27.));
#2203 = DIRECTION('',(0.,0.,1.));
#2204 = DIRECTION('',(1.,0.,-0.));
#2205 = PCURVE('',#1121,#2206);
#2206 = DEFINITIONAL_REPRESENTATION('',(#2207),#2211);
#2207 = CIRCLE('',#2208,2.2);
#2208 = AXIS2_PLACEMENT_2D('',#2209,#2210);
#2209 = CARTESIAN_POINT('',(-35.35533905932,35.355339059327));
#2210 = DIRECTION('',(1.,0.));
#2211 = ( GEOMETRIC_REPRESENTATION_CONTEXT(2) 
PARAMETRIC_REPRESENTATION_CONTEXT() REPRESENTATION_CONTEXT('2D SPACE',''
  ) );
#2212 = PCURVE('',#2213,#2218);
#2213 = CYLINDRICAL_SURFACE('',#2214,2.2);
#2214 = AXIS2_PLACEMENT_3D('',#2215,#2216,#2217);
#2215 = CARTESIAN_POINT('',(-35.35533905932,35.355339059327,-27.5));
#2216 = DIRECTION('',(0.,0.,1.));
#2217 = DIRECTION('',(1.,0.,-0.));
#2218 = DEFINITIONAL_REPRESENTATION('',(#2219),#2223);
#2219 = LINE('',#2220,#2221);
#2220 = CARTESIAN_POINT('',(0.,0.5));
#2221 = VECTOR('',#2222,1.);
#2222 = DIRECTION('',(1.,0.));
#2223 = ( GEOMETRIC_REPRESENTATION_CONTEXT(2) 
PARAMETRIC_REPRESENTATION_CONTEXT() REPRESENTATION_CONTEXT('2D SPACE',''
  ) );
#2224 = FACE_BOUND('',#2225,.F.);
#2225 = EDGE_LOOP('',(#2226,#2247,#2268,#2287));
#2226 = ORIENTED_EDGE('',*,*,#2227,.T.);
#2227 = EDGE_CURVE('',#1137,#2228,#2230,.T.);
#2228 = VERTEX_POINT('',#2229);
#2229 = CARTESIAN_POINT('',(21.5,-8.,-27.));
#2230 = SURFACE_CURVE('',#2231,(#2235,#2241),.PCURVE_S1.);
#2231 = LINE('',#2232,#2233);
#2232 = CARTESIAN_POINT('',(10.75,-8.,-27.));
#2233 = VECTOR('',#2234,1.);
#2234 = DIRECTION('',(-1.,0.,0.));
#2235 = PCURVE('',#1121,#2236);
#2236 = DEFINITIONAL_REPRESENTATION('',(#2237),#2240);
#2237 = B_SPLINE_CURVE_WITH_KNOTS('',1,(#2238,#2239),.UNSPECIFIED.,.F.,
  .F.,(2,2),(-13.75,-10.75),.PIECEWISE_BEZIER_KNOTS.);
#2238 = CARTESIAN_POINT('',(24.5,-8.));
#2239 = CARTESIAN_POINT('',(21.5,-8.));
#2240 = ( GEOMETRIC_REPRESENTATION_CONTEXT(2) 
PARAMETRIC_REPRESENTATION_CONTEXT() REPRESENTATION_CONTEXT('2D SPACE',''
  ) );
#2241 = PCURVE('',#1154,#2242);
#2242 = DEFINITIONAL_REPRESENTATION('',(#2243),#2246);
#2243 = B_SPLINE_CURVE_WITH_KNOTS('',1,(#2244,#2245),.UNSPECIFIED.,.F.,
  .F.,(2,2),(-13.75,-10.75),.PIECEWISE_BEZIER_KNOTS.);
#2244 = CARTESIAN_POINT('',(0.5,3.));
#2245 = CARTESIAN_POINT('',(0.5,0.));
#2246 = ( GEOMETRIC_REPRESENTATION_CONTEXT(2) 
PARAMETRIC_REPRESENTATION_CONTEXT() REPRESENTATION_CONTEXT('2D SPACE',''
  ) );
#2247 = ORIENTED_EDGE('',*,*,#2248,.T.);
#2248 = EDGE_CURVE('',#2228,#2249,#2251,.T.);
#2249 = VERTEX_POINT('',#2250);
#2250 = CARTESIAN_POINT('',(21.5,8.,-27.));
#2251 = SURFACE_CURVE('',#2252,(#2256,#2262),.PCURVE_S1.);
#2252 = LINE('',#2253,#2254);
#2253 = CARTESIAN_POINT('',(21.5,-4.,-27.));
#2254 = VECTOR('',#2255,1.);
#2255 = DIRECTION('',(0.,1.,0.));
#2256 = PCURVE('',#1121,#2257);
#2257 = DEFINITIONAL_REPRESENTATION('',(#2258),#2261);
#2258 = B_SPLINE_CURVE_WITH_KNOTS('',1,(#2259,#2260),.UNSPECIFIED.,.F.,
  .F.,(2,2),(-4.,12.),.PIECEWISE_BEZIER_KNOTS.);
#2259 = CARTESIAN_POINT('',(21.5,-8.));
#2260 = CARTESIAN_POINT('',(21.5,8.));
#2261 = ( GEOMETRIC_REPRESENTATION_CONTEXT(2) 
PARAMETRIC_REPRESENTATION_CONTEXT() REPRESENTATION_CONTEXT('2D SPACE',''
  ) );
#2262 = PCURVE('',#1482,#2263);
#2263 = DEFINITIONAL_REPRESENTATION('',(#2264),#2267);
#2264 = B_SPLINE_CURVE_WITH_KNOTS('',1,(#2265,#2266),.UNSPECIFIED.,.F.,
  .F.,(2,2),(-4.,12.),.PIECEWISE_BEZIER_KNOTS.);
#2265 = CARTESIAN_POINT('',(0.5,0.));
#2266 = CARTESIAN_POINT('',(0.5,-16.));
#2267 = ( GEOMETRIC_REPRESENTATION_CONTEXT(2) 
PARAMETRIC_REPRESENTATION_CONTEXT() REPRESENTATION_CONTEXT('2D SPACE',''
  ) );
#2268 = ORIENTED_EDGE('',*,*,#2269,.F.);
#2269 = EDGE_CURVE('',#1167,#2249,#2270,.T.);
#2270 = SURFACE_CURVE('',#2271,(#2275,#2281),.PCURVE_S1.);
#2271 = LINE('',#2272,#2273);
#2272 = CARTESIAN_POINT('',(10.75,8.,-27.));
#2273 = VECTOR('',#2274,1.);
#2274 = DIRECTION('',(-1.,0.,0.));
#2275 = PCURVE('',#1121,#2276);
#2276 = DEFINITIONAL_REPRESENTATION('',(#2277),#2280);
#2277 = B_SPLINE_CURVE_WITH_KNOTS('',1,(#2278,#2279),.UNSPECIFIED.,.F.,
  .F.,(2,2),(-13.75,-10.75),.PIECEWISE_BEZIER_KNOTS.);
#2278 = CARTESIAN_POINT('',(24.5,8.));
#2279 = CARTESIAN_POINT('',(21.5,8.));
#2280 = ( GEOMETRIC_REPRESENTATION_CONTEXT(2) 
PARAMETRIC_REPRESENTATION_CONTEXT() REPRESENTATION_CONTEXT('2D SPACE',''
  ) );
#2281 = PCURVE('',#1203,#2282);
#2282 = DEFINITIONAL_REPRESENTATION('',(#2283),#2286);
#2283 = B_SPLINE_CURVE_WITH_KNOTS('',1,(#2284,#2285),.UNSPECIFIED.,.F.,
  .F.,(2,2),(-13.75,-10.75),.PIECEWISE_BEZIER_KNOTS.);
#2284 = CARTESIAN_POINT('',(0.5,3.));
#2285 = CARTESIAN_POINT('',(0.5,0.));
#2286 = ( GEOMETRIC_REPRESENTATION_CONTEXT(2) 
PARAMETRIC_REPRESENTATION_CONTEXT() REPRESENTATION_CONTEXT('2D SPACE',''
  ) );
#2287 = ORIENTED_EDGE('',*,*,#1166,.F.);
#2288 = FACE_BOUND('',#2289,.F.);
#2289 = EDGE_LOOP('',(#2290));
#2290 = ORIENTED_EDGE('',*,*,#2291,.F.);
#2291 = EDGE_CURVE('',#2292,#2292,#2294,.T.);
#2292 = VERTEX_POINT('',#2293);
#2293 = CARTESIAN_POINT('',(37.555339059327,35.355339059327,-27.));
#2294 = SURFACE_CURVE('',#2295,(#2300,#2307),.PCURVE_S1.);
#2295 = CIRCLE('',#2296,2.2);
#2296 = AXIS2_PLACEMENT_3D('',#2297,#2298,#2299);
#2297 = CARTESIAN_POINT('',(35.355339059327,35.355339059327,-27.));
#2298 = DIRECTION('',(0.,0.,1.));
#2299 = DIRECTION('',(1.,0.,-0.));
#2300 = PCURVE('',#1121,#2301);
#2301 = DEFINITIONAL_REPRESENTATION('',(#2302),#2306);
#2302 = CIRCLE('',#2303,2.2);
#2303 = AXIS2_PLACEMENT_2D('',#2304,#2305);
#2304 = CARTESIAN_POINT('',(35.355339059327,35.355339059327));
#2305 = DIRECTION('',(1.,0.));
#2306 = ( GEOMETRIC_REPRESENTATION_CONTEXT(2) 
PARAMETRIC_REPRESENTATION_CONTEXT() REPRESENTATION_CONTEXT('2D SPACE',''
  ) );
#2307 = PCURVE('',#2308,#2313);
#2308 = CYLINDRICAL_SURFACE('',#2309,2.2);
#2309 = AXIS2_PLACEMENT_3D('',#2310,#2311,#2312);
#2310 = CARTESIAN_POINT('',(35.355339059327,35.355339059327,-27.5));
#2311 = DIRECTION('',(0.,0.,1.));
#2312 = DIRECTION('',(1.,0.,-0.));
#2313 = DEFINITIONAL_REPRESENTATION('',(#2314),#2318);
#2314 = LINE('',#2315,#2316);
#2315 = CARTESIAN_POINT('',(0.,0.5));
#2316 = VECTOR('',#2317,1.);
#2317 = DIRECTION('',(1.,0.));
#2318 = ( GEOMETRIC_REPRESENTATION_CONTEXT(2) 
PARAMETRIC_REPRESENTATION_CONTEXT() REPRESENTATION_CONTEXT('2D SPACE',''
  ) );
#2319 = ADVANCED_FACE('',(#2320),#1154,.T.);
#2320 = FACE_BOUND('',#2321,.T.);
#2321 = EDGE_LOOP('',(#2322,#2323,#2324,#2345));
#2322 = ORIENTED_EDGE('',*,*,#1136,.F.);
#2323 = ORIENTED_EDGE('',*,*,#2227,.T.);
#2324 = ORIENTED_EDGE('',*,*,#2325,.T.);
#2325 = EDGE_CURVE('',#2228,#1447,#2326,.T.);
#2326 = SURFACE_CURVE('',#2327,(#2331,#2338),.PCURVE_S1.);
#2327 = LINE('',#2328,#2329);
#2328 = CARTESIAN_POINT('',(21.5,-8.,-27.5));
#2329 = VECTOR('',#2330,1.);
#2330 = DIRECTION('',(0.,0.,1.));
#2331 = PCURVE('',#1154,#2332);
#2332 = DEFINITIONAL_REPRESENTATION('',(#2333),#2337);
#2333 = LINE('',#2334,#2335);
#2334 = CARTESIAN_POINT('',(0.,0.));
#2335 = VECTOR('',#2336,1.);
#2336 = DIRECTION('',(1.,0.));
#2337 = ( GEOMETRIC_REPRESENTATION_CONTEXT(2) 
PARAMETRIC_REPRESENTATION_CONTEXT() REPRESENTATION_CONTEXT('2D SPACE',''
  ) );
#2338 = PCURVE('',#1482,#2339);
#2339 = DEFINITIONAL_REPRESENTATION('',(#2340),#2344);
#2340 = LINE('',#2341,#2342);
#2341 = CARTESIAN_POINT('',(0.,0.));
#2342 = VECTOR('',#2343,1.);
#2343 = DIRECTION('',(1.,0.));
#2344 = ( GEOMETRIC_REPRESENTATION_CONTEXT(2) 
PARAMETRIC_REPRESENTATION_CONTEXT() REPRESENTATION_CONTEXT('2D SPACE',''
  ) );
#2345 = ORIENTED_EDGE('',*,*,#1446,.F.);
#2346 = ADVANCED_FACE('',(#2347),#1203,.F.);
#2347 = FACE_BOUND('',#2348,.F.);
#2348 = EDGE_LOOP('',(#2349,#2350,#2351,#2372));
#2349 = ORIENTED_EDGE('',*,*,#1187,.F.);
#2350 = ORIENTED_EDGE('',*,*,#2269,.T.);
#2351 = ORIENTED_EDGE('',*,*,#2352,.T.);
#2352 = EDGE_CURVE('',#2249,#1681,#2353,.T.);
#2353 = SURFACE_CURVE('',#2354,(#2358,#2365),.PCURVE_S1.);
#2354 = LINE('',#2355,#2356);
#2355 = CARTESIAN_POINT('',(21.5,8.,-27.5));
#2356 = VECTOR('',#2357,1.);
#2357 = DIRECTION('',(0.,0.,1.));
#2358 = PCURVE('',#1203,#2359);
#2359 = DEFINITIONAL_REPRESENTATION('',(#2360),#2364);
#2360 = LINE('',#2361,#2362);
#2361 = CARTESIAN_POINT('',(0.,0.));
#2362 = VECTOR('',#2363,1.);
#2363 = DIRECTION('',(1.,0.));
#2364 = ( GEOMETRIC_REPRESENTATION_CONTEXT(2) 
PARAMETRIC_REPRESENTATION_CONTEXT() REPRESENTATION_CONTEXT('2D SPACE',''
  ) );
#2365 = PCURVE('',#1482,#2366);
#2366 = DEFINITIONAL_REPRESENTATION('',(#2367),#2371);
#2367 = LINE('',#2368,#2369);
#2368 = CARTESIAN_POINT('',(0.,-16.));
#2369 = VECTOR('',#2370,1.);
#2370 = DIRECTION('',(1.,0.));
#2371 = ( GEOMETRIC_REPRESENTATION_CONTEXT(2) 
PARAMETRIC_REPRESENTATION_CONTEXT() REPRESENTATION_CONTEXT('2D SPACE',''
  ) );
#2372 = ORIENTED_EDGE('',*,*,#1701,.F.);
#2373 = ADVANCED_FACE('',(#2374,#2447),#1277,.T.);
#2374 = FACE_BOUND('',#2375,.T.);
#2375 = EDGE_LOOP('',(#2376,#2399,#2400,#2423));
#2376 = ORIENTED_EDGE('',*,*,#2377,.F.);
#2377 = EDGE_CURVE('',#1260,#2378,#2380,.T.);
#2378 = VERTEX_POINT('',#2379);
#2379 = CARTESIAN_POINT('',(-12.2,-8.5,-10.6));
#2380 = SURFACE_CURVE('',#2381,(#2385,#2392),.PCURVE_S1.);
#2381 = LINE('',#2382,#2383);
#2382 = CARTESIAN_POINT('',(-12.2,-8.5,-21.));
#2383 = VECTOR('',#2384,1.);
#2384 = DIRECTION('',(0.,0.,1.));
#2385 = PCURVE('',#1277,#2386);
#2386 = DEFINITIONAL_REPRESENTATION('',(#2387),#2391);
#2387 = LINE('',#2388,#2389);
#2388 = CARTESIAN_POINT('',(0.,0.));
#2389 = VECTOR('',#2390,1.);
#2390 = DIRECTION('',(1.,0.));
#2391 = ( GEOMETRIC_REPRESENTATION_CONTEXT(2) 
PARAMETRIC_REPRESENTATION_CONTEXT() REPRESENTATION_CONTEXT('2D SPACE',''
  ) );
#2392 = PCURVE('',#1305,#2393);
#2393 = DEFINITIONAL_REPRESENTATION('',(#2394),#2398);
#2394 = LINE('',#2395,#2396);
#2395 = CARTESIAN_POINT('',(0.,6.3));
#2396 = VECTOR('',#2397,1.);
#2397 = DIRECTION('',(1.,0.));
#2398 = ( GEOMETRIC_REPRESENTATION_CONTEXT(2) 
PARAMETRIC_REPRESENTATION_CONTEXT() REPRESENTATION_CONTEXT('2D SPACE',''
  ) );
#2399 = ORIENTED_EDGE('',*,*,#1259,.T.);
#2400 = ORIENTED_EDGE('',*,*,#2401,.T.);
#2401 = EDGE_CURVE('',#1262,#2402,#2404,.T.);
#2402 = VERTEX_POINT('',#2403);
#2403 = CARTESIAN_POINT('',(-12.2,8.5,-10.6));
#2404 = SURFACE_CURVE('',#2405,(#2409,#2416),.PCURVE_S1.);
#2405 = LINE('',#2406,#2407);
#2406 = CARTESIAN_POINT('',(-12.2,8.5,-21.));
#2407 = VECTOR('',#2408,1.);
#2408 = DIRECTION('',(0.,0.,1.));
#2409 = PCURVE('',#1277,#2410);
#2410 = DEFINITIONAL_REPRESENTATION('',(#2411),#2415);
#2411 = LINE('',#2412,#2413);
#2412 = CARTESIAN_POINT('',(0.,-17.));
#2413 = VECTOR('',#2414,1.);
#2414 = DIRECTION('',(1.,0.));
#2415 = ( GEOMETRIC_REPRESENTATION_CONTEXT(2) 
PARAMETRIC_REPRESENTATION_CONTEXT() REPRESENTATION_CONTEXT('2D SPACE',''
  ) );
#2416 = PCURVE('',#1855,#2417);
#2417 = DEFINITIONAL_REPRESENTATION('',(#2418),#2422);
#2418 = LINE('',#2419,#2420);
#2419 = CARTESIAN_POINT('',(0.,6.3));
#2420 = VECTOR('',#2421,1.);
#2421 = DIRECTION('',(1.,0.));
#2422 = ( GEOMETRIC_REPRESENTATION_CONTEXT(2) 
PARAMETRIC_REPRESENTATION_CONTEXT() REPRESENTATION_CONTEXT('2D SPACE',''
  ) );
#2423 = ORIENTED_EDGE('',*,*,#2424,.T.);
#2424 = EDGE_CURVE('',#2402,#2378,#2425,.T.);
#2425 = SURFACE_CURVE('',#2426,(#2430,#2436),.PCURVE_S1.);
#2426 = LINE('',#2427,#2428);
#2427 = CARTESIAN_POINT('',(-12.2,-9.5,-10.6));
#2428 = VECTOR('',#2429,1.);
#2429 = DIRECTION('',(0.,-1.,0.));
#2430 = PCURVE('',#1277,#2431);
#2431 = DEFINITIONAL_REPRESENTATION('',(#2432),#2435);
#2432 = B_SPLINE_CURVE_WITH_KNOTS('',1,(#2433,#2434),.UNSPECIFIED.,.F.,
  .F.,(2,2),(-18.,-1.),.PIECEWISE_BEZIER_KNOTS.);
#2433 = CARTESIAN_POINT('',(10.4,-17.));
#2434 = CARTESIAN_POINT('',(10.4,0.));
#2435 = ( GEOMETRIC_REPRESENTATION_CONTEXT(2) 
PARAMETRIC_REPRESENTATION_CONTEXT() REPRESENTATION_CONTEXT('2D SPACE',''
  ) );
#2436 = PCURVE('',#2437,#2442);
#2437 = PLANE('',#2438);
#2438 = AXIS2_PLACEMENT_3D('',#2439,#2440,#2441);
#2439 = CARTESIAN_POINT('',(-19.,-10.5,-10.6));
#2440 = DIRECTION('',(0.,0.,1.));
#2441 = DIRECTION('',(1.,0.,0.));
#2442 = DEFINITIONAL_REPRESENTATION('',(#2443),#2446);
#2443 = B_SPLINE_CURVE_WITH_KNOTS('',1,(#2444,#2445),.UNSPECIFIED.,.F.,
  .F.,(2,2),(-18.,-1.),.PIECEWISE_BEZIER_KNOTS.);
#2444 = CARTESIAN_POINT('',(6.8,19.));
#2445 = CARTESIAN_POINT('',(6.8,2.));
#2446 = ( GEOMETRIC_REPRESENTATION_CONTEXT(2) 
PARAMETRIC_REPRESENTATION_CONTEXT() REPRESENTATION_CONTEXT('2D SPACE',''
  ) );
#2447 = FACE_BOUND('',#2448,.T.);
#2448 = EDGE_LOOP('',(#2449,#2477,#2503,#2529));
#2449 = ORIENTED_EDGE('',*,*,#2450,.T.);
#2450 = EDGE_CURVE('',#2451,#2453,#2455,.T.);
#2451 = VERTEX_POINT('',#2452);
#2452 = CARTESIAN_POINT('',(-12.2,7.,-20.));
#2453 = VERTEX_POINT('',#2454);
#2454 = CARTESIAN_POINT('',(-12.2,-7.,-20.));
#2455 = SURFACE_CURVE('',#2456,(#2460,#2466),.PCURVE_S1.);
#2456 = LINE('',#2457,#2458);
#2457 = CARTESIAN_POINT('',(-12.2,-7.75,-20.));
#2458 = VECTOR('',#2459,1.);
#2459 = DIRECTION('',(0.,-1.,0.));
#2460 = PCURVE('',#1277,#2461);
#2461 = DEFINITIONAL_REPRESENTATION('',(#2462),#2465);
#2462 = B_SPLINE_CURVE_WITH_KNOTS('',1,(#2463,#2464),.UNSPECIFIED.,.F.,
  .F.,(2,2),(-14.75,-0.75),.PIECEWISE_BEZIER_KNOTS.);
#2463 = CARTESIAN_POINT('',(1.,-15.5));
#2464 = CARTESIAN_POINT('',(1.,-1.5));
#2465 = ( GEOMETRIC_REPRESENTATION_CONTEXT(2) 
PARAMETRIC_REPRESENTATION_CONTEXT() REPRESENTATION_CONTEXT('2D SPACE',''
  ) );
#2466 = PCURVE('',#2467,#2472);
#2467 = PLANE('',#2468);
#2468 = AXIS2_PLACEMENT_3D('',#2469,#2470,#2471);
#2469 = CARTESIAN_POINT('',(-19.5,-7.,-20.));
#2470 = DIRECTION('',(0.,0.,1.));
#2471 = DIRECTION('',(1.,0.,0.));
#2472 = DEFINITIONAL_REPRESENTATION('',(#2473),#2476);
#2473 = B_SPLINE_CURVE_WITH_KNOTS('',1,(#2474,#2475),.UNSPECIFIED.,.F.,
  .F.,(2,2),(-14.75,-0.75),.PIECEWISE_BEZIER_KNOTS.);
#2474 = CARTESIAN_POINT('',(7.3,14.));
#2475 = CARTESIAN_POINT('',(7.3,0.));
#2476 = ( GEOMETRIC_REPRESENTATION_CONTEXT(2) 
PARAMETRIC_REPRESENTATION_CONTEXT() REPRESENTATION_CONTEXT('2D SPACE',''
  ) );
#2477 = ORIENTED_EDGE('',*,*,#2478,.T.);
#2478 = EDGE_CURVE('',#2453,#2479,#2481,.T.);
#2479 = VERTEX_POINT('',#2480);
#2480 = CARTESIAN_POINT('',(-12.2,-7.,-11.));
#2481 = SURFACE_CURVE('',#2482,(#2486,#2492),.PCURVE_S1.);
#2482 = LINE('',#2483,#2484);
#2483 = CARTESIAN_POINT('',(-12.2,-7.,-20.5));
#2484 = VECTOR('',#2485,1.);
#2485 = DIRECTION('',(0.,0.,1.));
#2486 = PCURVE('',#1277,#2487);
#2487 = DEFINITIONAL_REPRESENTATION('',(#2488),#2491);
#2488 = B_SPLINE_CURVE_WITH_KNOTS('',1,(#2489,#2490),.UNSPECIFIED.,.F.,
  .F.,(2,2),(0.5,9.5),.PIECEWISE_BEZIER_KNOTS.);
#2489 = CARTESIAN_POINT('',(1.,-1.5));
#2490 = CARTESIAN_POINT('',(10.,-1.5));
#2491 = ( GEOMETRIC_REPRESENTATION_CONTEXT(2) 
PARAMETRIC_REPRESENTATION_CONTEXT() REPRESENTATION_CONTEXT('2D SPACE',''
  ) );
#2492 = PCURVE('',#2493,#2498);
#2493 = PLANE('',#2494);
#2494 = AXIS2_PLACEMENT_3D('',#2495,#2496,#2497);
#2495 = CARTESIAN_POINT('',(-19.5,-7.,-20.));
#2496 = DIRECTION('',(0.,1.,0.));
#2497 = DIRECTION('',(0.,0.,1.));
#2498 = DEFINITIONAL_REPRESENTATION('',(#2499),#2502);
#2499 = B_SPLINE_CURVE_WITH_KNOTS('',1,(#2500,#2501),.UNSPECIFIED.,.F.,
  .F.,(2,2),(0.5,9.5),.PIECEWISE_BEZIER_KNOTS.);
#2500 = CARTESIAN_POINT('',(0.,7.3));
#2501 = CARTESIAN_POINT('',(9.,7.3));
#2502 = ( GEOMETRIC_REPRESENTATION_CONTEXT(2) 
PARAMETRIC_REPRESENTATION_CONTEXT() REPRESENTATION_CONTEXT('2D SPACE',''
  ) );
#2503 = ORIENTED_EDGE('',*,*,#2504,.F.);
#2504 = EDGE_CURVE('',#2505,#2479,#2507,.T.);
#2505 = VERTEX_POINT('',#2506);
#2506 = CARTESIAN_POINT('',(-12.2,7.,-11.));
#2507 = SURFACE_CURVE('',#2508,(#2512,#2518),.PCURVE_S1.);
#2508 = LINE('',#2509,#2510);
#2509 = CARTESIAN_POINT('',(-12.2,-7.75,-11.));
#2510 = VECTOR('',#2511,1.);
#2511 = DIRECTION('',(0.,-1.,0.));
#2512 = PCURVE('',#1277,#2513);
#2513 = DEFINITIONAL_REPRESENTATION('',(#2514),#2517);
#2514 = B_SPLINE_CURVE_WITH_KNOTS('',1,(#2515,#2516),.UNSPECIFIED.,.F.,
  .F.,(2,2),(-14.75,-0.75),.PIECEWISE_BEZIER_KNOTS.);
#2515 = CARTESIAN_POINT('',(10.,-15.5));
#2516 = CARTESIAN_POINT('',(10.,-1.5));
#2517 = ( GEOMETRIC_REPRESENTATION_CONTEXT(2) 
PARAMETRIC_REPRESENTATION_CONTEXT() REPRESENTATION_CONTEXT('2D SPACE',''
  ) );
#2518 = PCURVE('',#2519,#2524);
#2519 = PLANE('',#2520);
#2520 = AXIS2_PLACEMENT_3D('',#2521,#2522,#2523);
#2521 = CARTESIAN_POINT('',(-19.5,-7.,-11.));
#2522 = DIRECTION('',(0.,0.,1.));
#2523 = DIRECTION('',(1.,0.,0.));
#2524 = DEFINITIONAL_REPRESENTATION('',(#2525),#2528);
#2525 = B_SPLINE_CURVE_WITH_KNOTS('',1,(#2526,#2527),.UNSPECIFIED.,.F.,
  .F.,(2,2),(-14.75,-0.75),.PIECEWISE_BEZIER_KNOTS.);
#2526 = CARTESIAN_POINT('',(7.3,14.));
#2527 = CARTESIAN_POINT('',(7.3,0.));
#2528 = ( GEOMETRIC_REPRESENTATION_CONTEXT(2) 
PARAMETRIC_REPRESENTATION_CONTEXT() REPRESENTATION_CONTEXT('2D SPACE',''
  ) );
#2529 = ORIENTED_EDGE('',*,*,#2530,.F.);
#2530 = EDGE_CURVE('',#2451,#2505,#2531,.T.);
#2531 = SURFACE_CURVE('',#2532,(#2536,#2542),.PCURVE_S1.);
#2532 = LINE('',#2533,#2534);
#2533 = CARTESIAN_POINT('',(-12.2,7.,-20.5));
#2534 = VECTOR('',#2535,1.);
#2535 = DIRECTION('',(0.,0.,1.));
#2536 = PCURVE('',#1277,#2537);
#2537 = DEFINITIONAL_REPRESENTATION('',(#2538),#2541);
#2538 = B_SPLINE_CURVE_WITH_KNOTS('',1,(#2539,#2540),.UNSPECIFIED.,.F.,
  .F.,(2,2),(0.5,9.5),.PIECEWISE_BEZIER_KNOTS.);
#2539 = CARTESIAN_POINT('',(1.,-15.5));
#2540 = CARTESIAN_POINT('',(10.,-15.5));
#2541 = ( GEOMETRIC_REPRESENTATION_CONTEXT(2) 
PARAMETRIC_REPRESENTATION_CONTEXT() REPRESENTATION_CONTEXT('2D SPACE',''
  ) );
#2542 = PCURVE('',#2543,#2548);
#2543 = PLANE('',#2544);
#2544 = AXIS2_PLACEMENT_3D('',#2545,#2546,#2547);
#2545 = CARTESIAN_POINT('',(-19.5,7.,-20.));
#2546 = DIRECTION('',(0.,1.,0.));
#2547 = DIRECTION('',(0.,0.,1.));
#2548 = DEFINITIONAL_REPRESENTATION('',(#2549),#2552);
#2549 = B_SPLINE_CURVE_WITH_KNOTS('',1,(#2550,#2551),.UNSPECIFIED.,.F.,
  .F.,(2,2),(0.5,9.5),.PIECEWISE_BEZIER_KNOTS.);
#2550 = CARTESIAN_POINT('',(0.,7.3));
#2551 = CARTESIAN_POINT('',(9.,7.3));
#2552 = ( GEOMETRIC_REPRESENTATION_CONTEXT(2) 
PARAMETRIC_REPRESENTATION_CONTEXT() REPRESENTATION_CONTEXT('2D SPACE',''
  ) );
#2553 = ADVANCED_FACE('',(#2554),#1855,.T.);
#2554 = FACE_BOUND('',#2555,.T.);
#2555 = EDGE_LOOP('',(#2556,#2557,#2558,#2581));
#2556 = ORIENTED_EDGE('',*,*,#2401,.F.);
#2557 = ORIENTED_EDGE('',*,*,#1841,.F.);
#2558 = ORIENTED_EDGE('',*,*,#2559,.T.);
#2559 = EDGE_CURVE('',#1819,#2560,#2562,.T.);
#2560 = VERTEX_POINT('',#2561);
#2561 = CARTESIAN_POINT('',(-18.5,8.5,-10.6));
#2562 = SURFACE_CURVE('',#2563,(#2567,#2574),.PCURVE_S1.);
#2563 = LINE('',#2564,#2565);
#2564 = CARTESIAN_POINT('',(-18.5,8.5,-21.));
#2565 = VECTOR('',#2566,1.);
#2566 = DIRECTION('',(0.,0.,1.));
#2567 = PCURVE('',#1855,#2568);
#2568 = DEFINITIONAL_REPRESENTATION('',(#2569),#2573);
#2569 = LINE('',#2570,#2571);
#2570 = CARTESIAN_POINT('',(0.,0.));
#2571 = VECTOR('',#2572,1.);
#2572 = DIRECTION('',(1.,0.));
#2573 = ( GEOMETRIC_REPRESENTATION_CONTEXT(2) 
PARAMETRIC_REPRESENTATION_CONTEXT() REPRESENTATION_CONTEXT('2D SPACE',''
  ) );
#2574 = PCURVE('',#1333,#2575);
#2575 = DEFINITIONAL_REPRESENTATION('',(#2576),#2580);
#2576 = LINE('',#2577,#2578);
#2577 = CARTESIAN_POINT('',(0.,-17.));
#2578 = VECTOR('',#2579,1.);
#2579 = DIRECTION('',(1.,0.));
#2580 = ( GEOMETRIC_REPRESENTATION_CONTEXT(2) 
PARAMETRIC_REPRESENTATION_CONTEXT() REPRESENTATION_CONTEXT('2D SPACE',''
  ) );
#2581 = ORIENTED_EDGE('',*,*,#2582,.T.);
#2582 = EDGE_CURVE('',#2560,#2402,#2583,.T.);
#2583 = SURFACE_CURVE('',#2584,(#2588,#2594),.PCURVE_S1.);
#2584 = LINE('',#2585,#2586);
#2585 = CARTESIAN_POINT('',(-18.75,8.5,-10.6));
#2586 = VECTOR('',#2587,1.);
#2587 = DIRECTION('',(1.,0.,0.));
#2588 = PCURVE('',#1855,#2589);
#2589 = DEFINITIONAL_REPRESENTATION('',(#2590),#2593);
#2590 = B_SPLINE_CURVE_WITH_KNOTS('',1,(#2591,#2592),.UNSPECIFIED.,.F.,
  .F.,(2,2),(0.25,6.55),.PIECEWISE_BEZIER_KNOTS.);
#2591 = CARTESIAN_POINT('',(10.4,0.));
#2592 = CARTESIAN_POINT('',(10.4,6.3));
#2593 = ( GEOMETRIC_REPRESENTATION_CONTEXT(2) 
PARAMETRIC_REPRESENTATION_CONTEXT() REPRESENTATION_CONTEXT('2D SPACE',''
  ) );
#2594 = PCURVE('',#2437,#2595);
#2595 = DEFINITIONAL_REPRESENTATION('',(#2596),#2599);
#2596 = B_SPLINE_CURVE_WITH_KNOTS('',1,(#2597,#2598),.UNSPECIFIED.,.F.,
  .F.,(2,2),(0.25,6.55),.PIECEWISE_BEZIER_KNOTS.);
#2597 = CARTESIAN_POINT('',(0.5,19.));
#2598 = CARTESIAN_POINT('',(6.8,19.));
#2599 = ( GEOMETRIC_REPRESENTATION_CONTEXT(2) 
PARAMETRIC_REPRESENTATION_CONTEXT() REPRESENTATION_CONTEXT('2D SPACE',''
  ) );
#2600 = ADVANCED_FACE('',(#2601),#1305,.F.);
#2601 = FACE_BOUND('',#2602,.F.);
#2602 = EDGE_LOOP('',(#2603,#2604,#2605,#2628));
#2603 = ORIENTED_EDGE('',*,*,#2377,.F.);
#2604 = ORIENTED_EDGE('',*,*,#1289,.F.);
#2605 = ORIENTED_EDGE('',*,*,#2606,.T.);
#2606 = EDGE_CURVE('',#1290,#2607,#2609,.T.);
#2607 = VERTEX_POINT('',#2608);
#2608 = CARTESIAN_POINT('',(-18.5,-8.5,-10.6));
#2609 = SURFACE_CURVE('',#2610,(#2614,#2621),.PCURVE_S1.);
#2610 = LINE('',#2611,#2612);
#2611 = CARTESIAN_POINT('',(-18.5,-8.5,-21.));
#2612 = VECTOR('',#2613,1.);
#2613 = DIRECTION('',(0.,0.,1.));
#2614 = PCURVE('',#1305,#2615);
#2615 = DEFINITIONAL_REPRESENTATION('',(#2616),#2620);
#2616 = LINE('',#2617,#2618);
#2617 = CARTESIAN_POINT('',(0.,0.));
#2618 = VECTOR('',#2619,1.);
#2619 = DIRECTION('',(1.,0.));
#2620 = ( GEOMETRIC_REPRESENTATION_CONTEXT(2) 
PARAMETRIC_REPRESENTATION_CONTEXT() REPRESENTATION_CONTEXT('2D SPACE',''
  ) );
#2621 = PCURVE('',#1333,#2622);
#2622 = DEFINITIONAL_REPRESENTATION('',(#2623),#2627);
#2623 = LINE('',#2624,#2625);
#2624 = CARTESIAN_POINT('',(0.,0.));
#2625 = VECTOR('',#2626,1.);
#2626 = DIRECTION('',(1.,0.));
#2627 = ( GEOMETRIC_REPRESENTATION_CONTEXT(2) 
PARAMETRIC_REPRESENTATION_CONTEXT() REPRESENTATION_CONTEXT('2D SPACE',''
  ) );
#2628 = ORIENTED_EDGE('',*,*,#2629,.T.);
#2629 = EDGE_CURVE('',#2607,#2378,#2630,.T.);
#2630 = SURFACE_CURVE('',#2631,(#2635,#2641),.PCURVE_S1.);
#2631 = LINE('',#2632,#2633);
#2632 = CARTESIAN_POINT('',(-18.75,-8.5,-10.6));
#2633 = VECTOR('',#2634,1.);
#2634 = DIRECTION('',(1.,0.,0.));
#2635 = PCURVE('',#1305,#2636);
#2636 = DEFINITIONAL_REPRESENTATION('',(#2637),#2640);
#2637 = B_SPLINE_CURVE_WITH_KNOTS('',1,(#2638,#2639),.UNSPECIFIED.,.F.,
  .F.,(2,2),(0.25,6.55),.PIECEWISE_BEZIER_KNOTS.);
#2638 = CARTESIAN_POINT('',(10.4,0.));
#2639 = CARTESIAN_POINT('',(10.4,6.3));
#2640 = ( GEOMETRIC_REPRESENTATION_CONTEXT(2) 
PARAMETRIC_REPRESENTATION_CONTEXT() REPRESENTATION_CONTEXT('2D SPACE',''
  ) );
#2641 = PCURVE('',#2437,#2642);
#2642 = DEFINITIONAL_REPRESENTATION('',(#2643),#2646);
#2643 = B_SPLINE_CURVE_WITH_KNOTS('',1,(#2644,#2645),.UNSPECIFIED.,.F.,
  .F.,(2,2),(0.25,6.55),.PIECEWISE_BEZIER_KNOTS.);
#2644 = CARTESIAN_POINT('',(0.5,2.));
#2645 = CARTESIAN_POINT('',(6.8,2.));
#2646 = ( GEOMETRIC_REPRESENTATION_CONTEXT(2) 
PARAMETRIC_REPRESENTATION_CONTEXT() REPRESENTATION_CONTEXT('2D SPACE',''
  ) );
#2647 = ADVANCED_FACE('',(#2648,#2739),#1333,.F.);
#2648 = FACE_BOUND('',#2649,.F.);
#2649 = EDGE_LOOP('',(#2650,#2651,#2652,#2673,#2699,#2718,#2719,#2720));
#2650 = ORIENTED_EDGE('',*,*,#2606,.F.);
#2651 = ORIENTED_EDGE('',*,*,#1317,.T.);
#2652 = ORIENTED_EDGE('',*,*,#2653,.T.);
#2653 = EDGE_CURVE('',#1318,#2654,#2656,.T.);
#2654 = VERTEX_POINT('',#2655);
#2655 = CARTESIAN_POINT('',(-18.5,-7.,-20.5));
#2656 = SURFACE_CURVE('',#2657,(#2661,#2667),.PCURVE_S1.);
#2657 = LINE('',#2658,#2659);
#2658 = CARTESIAN_POINT('',(-18.5,-7.,-23.));
#2659 = VECTOR('',#2660,1.);
#2660 = DIRECTION('',(0.,0.,1.));
#2661 = PCURVE('',#1333,#2662);
#2662 = DEFINITIONAL_REPRESENTATION('',(#2663),#2666);
#2663 = B_SPLINE_CURVE_WITH_KNOTS('',1,(#2664,#2665),.UNSPECIFIED.,.F.,
  .F.,(2,2),(2.,2.5),.PIECEWISE_BEZIER_KNOTS.);
#2664 = CARTESIAN_POINT('',(0.,-1.5));
#2665 = CARTESIAN_POINT('',(0.5,-1.5));
#2666 = ( GEOMETRIC_REPRESENTATION_CONTEXT(2) 
PARAMETRIC_REPRESENTATION_CONTEXT() REPRESENTATION_CONTEXT('2D SPACE',''
  ) );
#2667 = PCURVE('',#1360,#2668);
#2668 = DEFINITIONAL_REPRESENTATION('',(#2669),#2672);
#2669 = B_SPLINE_CURVE_WITH_KNOTS('',1,(#2670,#2671),.UNSPECIFIED.,.F.,
  .F.,(2,2),(2.,2.5),.PIECEWISE_BEZIER_KNOTS.);
#2670 = CARTESIAN_POINT('',(4.,52.5));
#2671 = CARTESIAN_POINT('',(4.5,52.5));
#2672 = ( GEOMETRIC_REPRESENTATION_CONTEXT(2) 
PARAMETRIC_REPRESENTATION_CONTEXT() REPRESENTATION_CONTEXT('2D SPACE',''
  ) );
#2673 = ORIENTED_EDGE('',*,*,#2674,.F.);
#2674 = EDGE_CURVE('',#2675,#2654,#2677,.T.);
#2675 = VERTEX_POINT('',#2676);
#2676 = CARTESIAN_POINT('',(-18.5,7.,-20.5));
#2677 = SURFACE_CURVE('',#2678,(#2682,#2688),.PCURVE_S1.);
#2678 = LINE('',#2679,#2680);
#2679 = CARTESIAN_POINT('',(-18.5,-7.75,-20.5));
#2680 = VECTOR('',#2681,1.);
#2681 = DIRECTION('',(0.,-1.,0.));
#2682 = PCURVE('',#1333,#2683);
#2683 = DEFINITIONAL_REPRESENTATION('',(#2684),#2687);
#2684 = B_SPLINE_CURVE_WITH_KNOTS('',1,(#2685,#2686),.UNSPECIFIED.,.F.,
  .F.,(2,2),(-14.75,-0.75),.PIECEWISE_BEZIER_KNOTS.);
#2685 = CARTESIAN_POINT('',(0.5,-15.5));
#2686 = CARTESIAN_POINT('',(0.5,-1.5));
#2687 = ( GEOMETRIC_REPRESENTATION_CONTEXT(2) 
PARAMETRIC_REPRESENTATION_CONTEXT() REPRESENTATION_CONTEXT('2D SPACE',''
  ) );
#2688 = PCURVE('',#2689,#2694);
#2689 = PLANE('',#2690);
#2690 = AXIS2_PLACEMENT_3D('',#2691,#2692,#2693);
#2691 = CARTESIAN_POINT('',(-71.,-7.,-20.5));
#2692 = DIRECTION('',(0.,0.,1.));
#2693 = DIRECTION('',(1.,0.,0.));
#2694 = DEFINITIONAL_REPRESENTATION('',(#2695),#2698);
#2695 = B_SPLINE_CURVE_WITH_KNOTS('',1,(#2696,#2697),.UNSPECIFIED.,.F.,
  .F.,(2,2),(-14.75,-0.75),.PIECEWISE_BEZIER_KNOTS.);
#2696 = CARTESIAN_POINT('',(52.5,14.));
#2697 = CARTESIAN_POINT('',(52.5,0.));
#2698 = ( GEOMETRIC_REPRESENTATION_CONTEXT(2) 
PARAMETRIC_REPRESENTATION_CONTEXT() REPRESENTATION_CONTEXT('2D SPACE',''
  ) );
#2699 = ORIENTED_EDGE('',*,*,#2700,.F.);
#2700 = EDGE_CURVE('',#1793,#2675,#2701,.T.);
#2701 = SURFACE_CURVE('',#2702,(#2706,#2712),.PCURVE_S1.);
#2702 = LINE('',#2703,#2704);
#2703 = CARTESIAN_POINT('',(-18.5,7.,-23.));
#2704 = VECTOR('',#2705,1.);
#2705 = DIRECTION('',(0.,0.,1.));
#2706 = PCURVE('',#1333,#2707);
#2707 = DEFINITIONAL_REPRESENTATION('',(#2708),#2711);
#2708 = B_SPLINE_CURVE_WITH_KNOTS('',1,(#2709,#2710),.UNSPECIFIED.,.F.,
  .F.,(2,2),(2.,2.5),.PIECEWISE_BEZIER_KNOTS.);
#2709 = CARTESIAN_POINT('',(0.,-15.5));
#2710 = CARTESIAN_POINT('',(0.5,-15.5));
#2711 = ( GEOMETRIC_REPRESENTATION_CONTEXT(2) 
PARAMETRIC_REPRESENTATION_CONTEXT() REPRESENTATION_CONTEXT('2D SPACE',''
  ) );
#2712 = PCURVE('',#1807,#2713);
#2713 = DEFINITIONAL_REPRESENTATION('',(#2714),#2717);
#2714 = B_SPLINE_CURVE_WITH_KNOTS('',1,(#2715,#2716),.UNSPECIFIED.,.F.,
  .F.,(2,2),(2.,2.5),.PIECEWISE_BEZIER_KNOTS.);
#2715 = CARTESIAN_POINT('',(4.,52.5));
#2716 = CARTESIAN_POINT('',(4.5,52.5));
#2717 = ( GEOMETRIC_REPRESENTATION_CONTEXT(2) 
PARAMETRIC_REPRESENTATION_CONTEXT() REPRESENTATION_CONTEXT('2D SPACE',''
  ) );
#2718 = ORIENTED_EDGE('',*,*,#1818,.T.);
#2719 = ORIENTED_EDGE('',*,*,#2559,.T.);
#2720 = ORIENTED_EDGE('',*,*,#2721,.T.);
#2721 = EDGE_CURVE('',#2560,#2607,#2722,.T.);
#2722 = SURFACE_CURVE('',#2723,(#2727,#2733),.PCURVE_S1.);
#2723 = LINE('',#2724,#2725);
#2724 = CARTESIAN_POINT('',(-18.5,-9.5,-10.6));
#2725 = VECTOR('',#2726,1.);
#2726 = DIRECTION('',(0.,-1.,0.));
#2727 = PCURVE('',#1333,#2728);
#2728 = DEFINITIONAL_REPRESENTATION('',(#2729),#2732);
#2729 = B_SPLINE_CURVE_WITH_KNOTS('',1,(#2730,#2731),.UNSPECIFIED.,.F.,
  .F.,(2,2),(-18.,-1.),.PIECEWISE_BEZIER_KNOTS.);
#2730 = CARTESIAN_POINT('',(10.4,-17.));
#2731 = CARTESIAN_POINT('',(10.4,0.));
#2732 = ( GEOMETRIC_REPRESENTATION_CONTEXT(2) 
PARAMETRIC_REPRESENTATION_CONTEXT() REPRESENTATION_CONTEXT('2D SPACE',''
  ) );
#2733 = PCURVE('',#2437,#2734);
#2734 = DEFINITIONAL_REPRESENTATION('',(#2735),#2738);
#2735 = B_SPLINE_CURVE_WITH_KNOTS('',1,(#2736,#2737),.UNSPECIFIED.,.F.,
  .F.,(2,2),(-18.,-1.),.PIECEWISE_BEZIER_KNOTS.);
#2736 = CARTESIAN_POINT('',(0.5,19.));
#2737 = CARTESIAN_POINT('',(0.5,2.));
#2738 = ( GEOMETRIC_REPRESENTATION_CONTEXT(2) 
PARAMETRIC_REPRESENTATION_CONTEXT() REPRESENTATION_CONTEXT('2D SPACE',''
  ) );
#2739 = FACE_BOUND('',#2740,.F.);
#2740 = EDGE_LOOP('',(#2741,#2764,#2785,#2806));
#2741 = ORIENTED_EDGE('',*,*,#2742,.T.);
#2742 = EDGE_CURVE('',#2743,#2745,#2747,.T.);
#2743 = VERTEX_POINT('',#2744);
#2744 = CARTESIAN_POINT('',(-18.5,7.,-20.));
#2745 = VERTEX_POINT('',#2746);
#2746 = CARTESIAN_POINT('',(-18.5,-7.,-20.));
#2747 = SURFACE_CURVE('',#2748,(#2752,#2758),.PCURVE_S1.);
#2748 = LINE('',#2749,#2750);
#2749 = CARTESIAN_POINT('',(-18.5,-7.75,-20.));
#2750 = VECTOR('',#2751,1.);
#2751 = DIRECTION('',(0.,-1.,0.));
#2752 = PCURVE('',#1333,#2753);
#2753 = DEFINITIONAL_REPRESENTATION('',(#2754),#2757);
#2754 = B_SPLINE_CURVE_WITH_KNOTS('',1,(#2755,#2756),.UNSPECIFIED.,.F.,
  .F.,(2,2),(-14.75,-0.75),.PIECEWISE_BEZIER_KNOTS.);
#2755 = CARTESIAN_POINT('',(1.,-15.5));
#2756 = CARTESIAN_POINT('',(1.,-1.5));
#2757 = ( GEOMETRIC_REPRESENTATION_CONTEXT(2) 
PARAMETRIC_REPRESENTATION_CONTEXT() REPRESENTATION_CONTEXT('2D SPACE',''
  ) );
#2758 = PCURVE('',#2467,#2759);
#2759 = DEFINITIONAL_REPRESENTATION('',(#2760),#2763);
#2760 = B_SPLINE_CURVE_WITH_KNOTS('',1,(#2761,#2762),.UNSPECIFIED.,.F.,
  .F.,(2,2),(-14.75,-0.75),.PIECEWISE_BEZIER_KNOTS.);
#2761 = CARTESIAN_POINT('',(1.,14.));
#2762 = CARTESIAN_POINT('',(1.,0.));
#2763 = ( GEOMETRIC_REPRESENTATION_CONTEXT(2) 
PARAMETRIC_REPRESENTATION_CONTEXT() REPRESENTATION_CONTEXT('2D SPACE',''
  ) );
#2764 = ORIENTED_EDGE('',*,*,#2765,.T.);
#2765 = EDGE_CURVE('',#2745,#2766,#2768,.T.);
#2766 = VERTEX_POINT('',#2767);
#2767 = CARTESIAN_POINT('',(-18.5,-7.,-11.));
#2768 = SURFACE_CURVE('',#2769,(#2773,#2779),.PCURVE_S1.);
#2769 = LINE('',#2770,#2771);
#2770 = CARTESIAN_POINT('',(-18.5,-7.,-20.5));
#2771 = VECTOR('',#2772,1.);
#2772 = DIRECTION('',(0.,0.,1.));
#2773 = PCURVE('',#1333,#2774);
#2774 = DEFINITIONAL_REPRESENTATION('',(#2775),#2778);
#2775 = B_SPLINE_CURVE_WITH_KNOTS('',1,(#2776,#2777),.UNSPECIFIED.,.F.,
  .F.,(2,2),(0.5,9.5),.PIECEWISE_BEZIER_KNOTS.);
#2776 = CARTESIAN_POINT('',(1.,-1.5));
#2777 = CARTESIAN_POINT('',(10.,-1.5));
#2778 = ( GEOMETRIC_REPRESENTATION_CONTEXT(2) 
PARAMETRIC_REPRESENTATION_CONTEXT() REPRESENTATION_CONTEXT('2D SPACE',''
  ) );
#2779 = PCURVE('',#2493,#2780);
#2780 = DEFINITIONAL_REPRESENTATION('',(#2781),#2784);
#2781 = B_SPLINE_CURVE_WITH_KNOTS('',1,(#2782,#2783),.UNSPECIFIED.,.F.,
  .F.,(2,2),(0.5,9.5),.PIECEWISE_BEZIER_KNOTS.);
#2782 = CARTESIAN_POINT('',(0.,1.));
#2783 = CARTESIAN_POINT('',(9.,1.));
#2784 = ( GEOMETRIC_REPRESENTATION_CONTEXT(2) 
PARAMETRIC_REPRESENTATION_CONTEXT() REPRESENTATION_CONTEXT('2D SPACE',''
  ) );
#2785 = ORIENTED_EDGE('',*,*,#2786,.F.);
#2786 = EDGE_CURVE('',#2787,#2766,#2789,.T.);
#2787 = VERTEX_POINT('',#2788);
#2788 = CARTESIAN_POINT('',(-18.5,7.,-11.));
#2789 = SURFACE_CURVE('',#2790,(#2794,#2800),.PCURVE_S1.);
#2790 = LINE('',#2791,#2792);
#2791 = CARTESIAN_POINT('',(-18.5,-7.75,-11.));
#2792 = VECTOR('',#2793,1.);
#2793 = DIRECTION('',(0.,-1.,0.));
#2794 = PCURVE('',#1333,#2795);
#2795 = DEFINITIONAL_REPRESENTATION('',(#2796),#2799);
#2796 = B_SPLINE_CURVE_WITH_KNOTS('',1,(#2797,#2798),.UNSPECIFIED.,.F.,
  .F.,(2,2),(-14.75,-0.75),.PIECEWISE_BEZIER_KNOTS.);
#2797 = CARTESIAN_POINT('',(10.,-15.5));
#2798 = CARTESIAN_POINT('',(10.,-1.5));
#2799 = ( GEOMETRIC_REPRESENTATION_CONTEXT(2) 
PARAMETRIC_REPRESENTATION_CONTEXT() REPRESENTATION_CONTEXT('2D SPACE',''
  ) );
#2800 = PCURVE('',#2519,#2801);
#2801 = DEFINITIONAL_REPRESENTATION('',(#2802),#2805);
#2802 = B_SPLINE_CURVE_WITH_KNOTS('',1,(#2803,#2804),.UNSPECIFIED.,.F.,
  .F.,(2,2),(-14.75,-0.75),.PIECEWISE_BEZIER_KNOTS.);
#2803 = CARTESIAN_POINT('',(1.,14.));
#2804 = CARTESIAN_POINT('',(1.,0.));
#2805 = ( GEOMETRIC_REPRESENTATION_CONTEXT(2) 
PARAMETRIC_REPRESENTATION_CONTEXT() REPRESENTATION_CONTEXT('2D SPACE',''
  ) );
#2806 = ORIENTED_EDGE('',*,*,#2807,.F.);
#2807 = EDGE_CURVE('',#2743,#2787,#2808,.T.);
#2808 = SURFACE_CURVE('',#2809,(#2813,#2819),.PCURVE_S1.);
#2809 = LINE('',#2810,#2811);
#2810 = CARTESIAN_POINT('',(-18.5,7.,-20.5));
#2811 = VECTOR('',#2812,1.);
#2812 = DIRECTION('',(0.,0.,1.));
#2813 = PCURVE('',#1333,#2814);
#2814 = DEFINITIONAL_REPRESENTATION('',(#2815),#2818);
#2815 = B_SPLINE_CURVE_WITH_KNOTS('',1,(#2816,#2817),.UNSPECIFIED.,.F.,
  .F.,(2,2),(0.5,9.5),.PIECEWISE_BEZIER_KNOTS.);
#2816 = CARTESIAN_POINT('',(1.,-15.5));
#2817 = CARTESIAN_POINT('',(10.,-15.5));
#2818 = ( GEOMETRIC_REPRESENTATION_CONTEXT(2) 
PARAMETRIC_REPRESENTATION_CONTEXT() REPRESENTATION_CONTEXT('2D SPACE',''
  ) );
#2819 = PCURVE('',#2543,#2820);
#2820 = DEFINITIONAL_REPRESENTATION('',(#2821),#2824);
#2821 = B_SPLINE_CURVE_WITH_KNOTS('',1,(#2822,#2823),.UNSPECIFIED.,.F.,
  .F.,(2,2),(0.5,9.5),.PIECEWISE_BEZIER_KNOTS.);
#2822 = CARTESIAN_POINT('',(0.,1.));
#2823 = CARTESIAN_POINT('',(9.,1.));
#2824 = ( GEOMETRIC_REPRESENTATION_CONTEXT(2) 
PARAMETRIC_REPRESENTATION_CONTEXT() REPRESENTATION_CONTEXT('2D SPACE',''
  ) );
#2825 = ADVANCED_FACE('',(#2826),#1807,.F.);
#2826 = FACE_BOUND('',#2827,.F.);
#2827 = EDGE_LOOP('',(#2828,#2858,#2877,#2878,#2879,#2902));
#2828 = ORIENTED_EDGE('',*,*,#2829,.F.);
#2829 = EDGE_CURVE('',#2830,#2832,#2834,.T.);
#2830 = VERTEX_POINT('',#2831);
#2831 = CARTESIAN_POINT('',(-21.5,7.,-25.));
#2832 = VERTEX_POINT('',#2833);
#2833 = CARTESIAN_POINT('',(-18.,7.,-25.));
#2834 = SURFACE_CURVE('',#2835,(#2839,#2846),.PCURVE_S1.);
#2835 = LINE('',#2836,#2837);
#2836 = CARTESIAN_POINT('',(-71.,7.,-25.));
#2837 = VECTOR('',#2838,1.);
#2838 = DIRECTION('',(1.,0.,0.));
#2839 = PCURVE('',#1807,#2840);
#2840 = DEFINITIONAL_REPRESENTATION('',(#2841),#2845);
#2841 = LINE('',#2842,#2843);
#2842 = CARTESIAN_POINT('',(0.,0.));
#2843 = VECTOR('',#2844,1.);
#2844 = DIRECTION('',(0.,1.));
#2845 = ( GEOMETRIC_REPRESENTATION_CONTEXT(2) 
PARAMETRIC_REPRESENTATION_CONTEXT() REPRESENTATION_CONTEXT('2D SPACE',''
  ) );
#2846 = PCURVE('',#2847,#2852);
#2847 = PLANE('',#2848);
#2848 = AXIS2_PLACEMENT_3D('',#2849,#2850,#2851);
#2849 = CARTESIAN_POINT('',(-71.,-7.,-25.));
#2850 = DIRECTION('',(0.,0.,1.));
#2851 = DIRECTION('',(1.,0.,0.));
#2852 = DEFINITIONAL_REPRESENTATION('',(#2853),#2857);
#2853 = LINE('',#2854,#2855);
#2854 = CARTESIAN_POINT('',(0.,14.));
#2855 = VECTOR('',#2856,1.);
#2856 = DIRECTION('',(1.,0.));
#2857 = ( GEOMETRIC_REPRESENTATION_CONTEXT(2) 
PARAMETRIC_REPRESENTATION_CONTEXT() REPRESENTATION_CONTEXT('2D SPACE',''
  ) );
#2858 = ORIENTED_EDGE('',*,*,#2859,.F.);
#2859 = EDGE_CURVE('',#1772,#2830,#2860,.T.);
#2860 = SURFACE_CURVE('',#2861,(#2865,#2871),.PCURVE_S1.);
#2861 = LINE('',#2862,#2863);
#2862 = CARTESIAN_POINT('',(-21.5,7.,-26.25));
#2863 = VECTOR('',#2864,1.);
#2864 = DIRECTION('',(0.,0.,-1.));
#2865 = PCURVE('',#1807,#2866);
#2866 = DEFINITIONAL_REPRESENTATION('',(#2867),#2870);
#2867 = B_SPLINE_CURVE_WITH_KNOTS('',1,(#2868,#2869),.UNSPECIFIED.,.F.,
  .F.,(2,2),(-5.75,-1.25),.PIECEWISE_BEZIER_KNOTS.);
#2868 = CARTESIAN_POINT('',(4.5,49.5));
#2869 = CARTESIAN_POINT('',(0.,49.5));
#2870 = ( GEOMETRIC_REPRESENTATION_CONTEXT(2) 
PARAMETRIC_REPRESENTATION_CONTEXT() REPRESENTATION_CONTEXT('2D SPACE',''
  ) );
#2871 = PCURVE('',#1386,#2872);
#2872 = DEFINITIONAL_REPRESENTATION('',(#2873),#2876);
#2873 = B_SPLINE_CURVE_WITH_KNOTS('',1,(#2874,#2875),.UNSPECIFIED.,.F.,
  .F.,(2,2),(-5.75,-1.25),.PIECEWISE_BEZIER_KNOTS.);
#2874 = CARTESIAN_POINT('',(7.,-15.));
#2875 = CARTESIAN_POINT('',(2.5,-15.));
#2876 = ( GEOMETRIC_REPRESENTATION_CONTEXT(2) 
PARAMETRIC_REPRESENTATION_CONTEXT() REPRESENTATION_CONTEXT('2D SPACE',''
  ) );
#2877 = ORIENTED_EDGE('',*,*,#1792,.F.);
#2878 = ORIENTED_EDGE('',*,*,#2700,.T.);
#2879 = ORIENTED_EDGE('',*,*,#2880,.T.);
#2880 = EDGE_CURVE('',#2675,#2881,#2883,.T.);
#2881 = VERTEX_POINT('',#2882);
#2882 = CARTESIAN_POINT('',(-18.,7.,-20.5));
#2883 = SURFACE_CURVE('',#2884,(#2888,#2895),.PCURVE_S1.);
#2884 = LINE('',#2885,#2886);
#2885 = CARTESIAN_POINT('',(-71.,7.,-20.5));
#2886 = VECTOR('',#2887,1.);
#2887 = DIRECTION('',(1.,0.,0.));
#2888 = PCURVE('',#1807,#2889);
#2889 = DEFINITIONAL_REPRESENTATION('',(#2890),#2894);
#2890 = LINE('',#2891,#2892);
#2891 = CARTESIAN_POINT('',(4.5,0.));
#2892 = VECTOR('',#2893,1.);
#2893 = DIRECTION('',(0.,1.));
#2894 = ( GEOMETRIC_REPRESENTATION_CONTEXT(2) 
PARAMETRIC_REPRESENTATION_CONTEXT() REPRESENTATION_CONTEXT('2D SPACE',''
  ) );
#2895 = PCURVE('',#2689,#2896);
#2896 = DEFINITIONAL_REPRESENTATION('',(#2897),#2901);
#2897 = LINE('',#2898,#2899);
#2898 = CARTESIAN_POINT('',(0.,14.));
#2899 = VECTOR('',#2900,1.);
#2900 = DIRECTION('',(1.,0.));
#2901 = ( GEOMETRIC_REPRESENTATION_CONTEXT(2) 
PARAMETRIC_REPRESENTATION_CONTEXT() REPRESENTATION_CONTEXT('2D SPACE',''
  ) );
#2902 = ORIENTED_EDGE('',*,*,#2903,.F.);
#2903 = EDGE_CURVE('',#2832,#2881,#2904,.T.);
#2904 = SURFACE_CURVE('',#2905,(#2909,#2916),.PCURVE_S1.);
#2905 = LINE('',#2906,#2907);
#2906 = CARTESIAN_POINT('',(-18.,7.,-25.));
#2907 = VECTOR('',#2908,1.);
#2908 = DIRECTION('',(0.,0.,1.));
#2909 = PCURVE('',#1807,#2910);
#2910 = DEFINITIONAL_REPRESENTATION('',(#2911),#2915);
#2911 = LINE('',#2912,#2913);
#2912 = CARTESIAN_POINT('',(0.,53.));
#2913 = VECTOR('',#2914,1.);
#2914 = DIRECTION('',(1.,0.));
#2915 = ( GEOMETRIC_REPRESENTATION_CONTEXT(2) 
PARAMETRIC_REPRESENTATION_CONTEXT() REPRESENTATION_CONTEXT('2D SPACE',''
  ) );
#2916 = PCURVE('',#2917,#2922);
#2917 = PLANE('',#2918);
#2918 = AXIS2_PLACEMENT_3D('',#2919,#2920,#2921);
#2919 = CARTESIAN_POINT('',(-18.,-7.,-25.));
#2920 = DIRECTION('',(1.,0.,0.));
#2921 = DIRECTION('',(0.,0.,1.));
#2922 = DEFINITIONAL_REPRESENTATION('',(#2923),#2927);
#2923 = LINE('',#2924,#2925);
#2924 = CARTESIAN_POINT('',(0.,-14.));
#2925 = VECTOR('',#2926,1.);
#2926 = DIRECTION('',(1.,0.));
#2927 = ( GEOMETRIC_REPRESENTATION_CONTEXT(2) 
PARAMETRIC_REPRESENTATION_CONTEXT() REPRESENTATION_CONTEXT('2D SPACE',''
  ) );
#2928 = ADVANCED_FACE('',(#2929),#1360,.T.);
#2929 = FACE_BOUND('',#2930,.T.);
#2930 = EDGE_LOOP('',(#2931,#2956,#2975,#2976,#2977,#3000));
#2931 = ORIENTED_EDGE('',*,*,#2932,.F.);
#2932 = EDGE_CURVE('',#2933,#2935,#2937,.T.);
#2933 = VERTEX_POINT('',#2934);
#2934 = CARTESIAN_POINT('',(-21.5,-7.,-25.));
#2935 = VERTEX_POINT('',#2936);
#2936 = CARTESIAN_POINT('',(-18.,-7.,-25.));
#2937 = SURFACE_CURVE('',#2938,(#2942,#2949),.PCURVE_S1.);
#2938 = LINE('',#2939,#2940);
#2939 = CARTESIAN_POINT('',(-71.,-7.,-25.));
#2940 = VECTOR('',#2941,1.);
#2941 = DIRECTION('',(1.,0.,0.));
#2942 = PCURVE('',#1360,#2943);
#2943 = DEFINITIONAL_REPRESENTATION('',(#2944),#2948);
#2944 = LINE('',#2945,#2946);
#2945 = CARTESIAN_POINT('',(0.,0.));
#2946 = VECTOR('',#2947,1.);
#2947 = DIRECTION('',(0.,1.));
#2948 = ( GEOMETRIC_REPRESENTATION_CONTEXT(2) 
PARAMETRIC_REPRESENTATION_CONTEXT() REPRESENTATION_CONTEXT('2D SPACE',''
  ) );
#2949 = PCURVE('',#2847,#2950);
#2950 = DEFINITIONAL_REPRESENTATION('',(#2951),#2955);
#2951 = LINE('',#2952,#2953);
#2952 = CARTESIAN_POINT('',(0.,0.));
#2953 = VECTOR('',#2954,1.);
#2954 = DIRECTION('',(1.,0.));
#2955 = ( GEOMETRIC_REPRESENTATION_CONTEXT(2) 
PARAMETRIC_REPRESENTATION_CONTEXT() REPRESENTATION_CONTEXT('2D SPACE',''
  ) );
#2956 = ORIENTED_EDGE('',*,*,#2957,.F.);
#2957 = EDGE_CURVE('',#1346,#2933,#2958,.T.);
#2958 = SURFACE_CURVE('',#2959,(#2963,#2969),.PCURVE_S1.);
#2959 = LINE('',#2960,#2961);
#2960 = CARTESIAN_POINT('',(-21.5,-7.,-26.25));
#2961 = VECTOR('',#2962,1.);
#2962 = DIRECTION('',(0.,0.,-1.));
#2963 = PCURVE('',#1360,#2964);
#2964 = DEFINITIONAL_REPRESENTATION('',(#2965),#2968);
#2965 = B_SPLINE_CURVE_WITH_KNOTS('',1,(#2966,#2967),.UNSPECIFIED.,.F.,
  .F.,(2,2),(-5.75,-1.25),.PIECEWISE_BEZIER_KNOTS.);
#2966 = CARTESIAN_POINT('',(4.5,49.5));
#2967 = CARTESIAN_POINT('',(0.,49.5));
#2968 = ( GEOMETRIC_REPRESENTATION_CONTEXT(2) 
PARAMETRIC_REPRESENTATION_CONTEXT() REPRESENTATION_CONTEXT('2D SPACE',''
  ) );
#2969 = PCURVE('',#1386,#2970);
#2970 = DEFINITIONAL_REPRESENTATION('',(#2971),#2974);
#2971 = B_SPLINE_CURVE_WITH_KNOTS('',1,(#2972,#2973),.UNSPECIFIED.,.F.,
  .F.,(2,2),(-5.75,-1.25),.PIECEWISE_BEZIER_KNOTS.);
#2972 = CARTESIAN_POINT('',(7.,-1.));
#2973 = CARTESIAN_POINT('',(2.5,-1.));
#2974 = ( GEOMETRIC_REPRESENTATION_CONTEXT(2) 
PARAMETRIC_REPRESENTATION_CONTEXT() REPRESENTATION_CONTEXT('2D SPACE',''
  ) );
#2975 = ORIENTED_EDGE('',*,*,#1345,.F.);
#2976 = ORIENTED_EDGE('',*,*,#2653,.T.);
#2977 = ORIENTED_EDGE('',*,*,#2978,.T.);
#2978 = EDGE_CURVE('',#2654,#2979,#2981,.T.);
#2979 = VERTEX_POINT('',#2980);
#2980 = CARTESIAN_POINT('',(-18.,-7.,-20.5));
#2981 = SURFACE_CURVE('',#2982,(#2986,#2993),.PCURVE_S1.);
#2982 = LINE('',#2983,#2984);
#2983 = CARTESIAN_POINT('',(-71.,-7.,-20.5));
#2984 = VECTOR('',#2985,1.);
#2985 = DIRECTION('',(1.,0.,0.));
#2986 = PCURVE('',#1360,#2987);
#2987 = DEFINITIONAL_REPRESENTATION('',(#2988),#2992);
#2988 = LINE('',#2989,#2990);
#2989 = CARTESIAN_POINT('',(4.5,0.));
#2990 = VECTOR('',#2991,1.);
#2991 = DIRECTION('',(0.,1.));
#2992 = ( GEOMETRIC_REPRESENTATION_CONTEXT(2) 
PARAMETRIC_REPRESENTATION_CONTEXT() REPRESENTATION_CONTEXT('2D SPACE',''
  ) );
#2993 = PCURVE('',#2689,#2994);
#2994 = DEFINITIONAL_REPRESENTATION('',(#2995),#2999);
#2995 = LINE('',#2996,#2997);
#2996 = CARTESIAN_POINT('',(0.,0.));
#2997 = VECTOR('',#2998,1.);
#2998 = DIRECTION('',(1.,0.));
#2999 = ( GEOMETRIC_REPRESENTATION_CONTEXT(2) 
PARAMETRIC_REPRESENTATION_CONTEXT() REPRESENTATION_CONTEXT('2D SPACE',''
  ) );
#3000 = ORIENTED_EDGE('',*,*,#3001,.F.);
#3001 = EDGE_CURVE('',#2935,#2979,#3002,.T.);
#3002 = SURFACE_CURVE('',#3003,(#3007,#3014),.PCURVE_S1.);
#3003 = LINE('',#3004,#3005);
#3004 = CARTESIAN_POINT('',(-18.,-7.,-25.));
#3005 = VECTOR('',#3006,1.);
#3006 = DIRECTION('',(0.,0.,1.));
#3007 = PCURVE('',#1360,#3008);
#3008 = DEFINITIONAL_REPRESENTATION('',(#3009),#3013);
#3009 = LINE('',#3010,#3011);
#3010 = CARTESIAN_POINT('',(0.,53.));
#3011 = VECTOR('',#3012,1.);
#3012 = DIRECTION('',(1.,0.));
#3013 = ( GEOMETRIC_REPRESENTATION_CONTEXT(2) 
PARAMETRIC_REPRESENTATION_CONTEXT() REPRESENTATION_CONTEXT('2D SPACE',''
  ) );
#3014 = PCURVE('',#2917,#3015);
#3015 = DEFINITIONAL_REPRESENTATION('',(#3016),#3020);
#3016 = LINE('',#3017,#3018);
#3017 = CARTESIAN_POINT('',(0.,0.));
#3018 = VECTOR('',#3019,1.);
#3019 = DIRECTION('',(1.,0.));
#3020 = ( GEOMETRIC_REPRESENTATION_CONTEXT(2) 
PARAMETRIC_REPRESENTATION_CONTEXT() REPRESENTATION_CONTEXT('2D SPACE',''
  ) );
#3021 = ADVANCED_FACE('',(#3022),#1386,.F.);
#3022 = FACE_BOUND('',#3023,.F.);
#3023 = EDGE_LOOP('',(#3024,#3045,#3046,#3067,#3068,#3069,#3088,#3089));
#3024 = ORIENTED_EDGE('',*,*,#3025,.F.);
#3025 = EDGE_CURVE('',#2133,#1372,#3026,.T.);
#3026 = SURFACE_CURVE('',#3027,(#3031,#3038),.PCURVE_S1.);
#3027 = LINE('',#3028,#3029);
#3028 = CARTESIAN_POINT('',(-21.5,-8.,-27.5));
#3029 = VECTOR('',#3030,1.);
#3030 = DIRECTION('',(0.,0.,1.));
#3031 = PCURVE('',#1386,#3032);
#3032 = DEFINITIONAL_REPRESENTATION('',(#3033),#3037);
#3033 = LINE('',#3034,#3035);
#3034 = CARTESIAN_POINT('',(0.,0.));
#3035 = VECTOR('',#3036,1.);
#3036 = DIRECTION('',(1.,0.));
#3037 = ( GEOMETRIC_REPRESENTATION_CONTEXT(2) 
PARAMETRIC_REPRESENTATION_CONTEXT() REPRESENTATION_CONTEXT('2D SPACE',''
  ) );
#3038 = PCURVE('',#1412,#3039);
#3039 = DEFINITIONAL_REPRESENTATION('',(#3040),#3044);
#3040 = LINE('',#3041,#3042);
#3041 = CARTESIAN_POINT('',(0.,3.));
#3042 = VECTOR('',#3043,1.);
#3043 = DIRECTION('',(1.,0.));
#3044 = ( GEOMETRIC_REPRESENTATION_CONTEXT(2) 
PARAMETRIC_REPRESENTATION_CONTEXT() REPRESENTATION_CONTEXT('2D SPACE',''
  ) );
#3045 = ORIENTED_EDGE('',*,*,#2175,.T.);
#3046 = ORIENTED_EDGE('',*,*,#3047,.T.);
#3047 = EDGE_CURVE('',#2155,#1746,#3048,.T.);
#3048 = SURFACE_CURVE('',#3049,(#3053,#3060),.PCURVE_S1.);
#3049 = LINE('',#3050,#3051);
#3050 = CARTESIAN_POINT('',(-21.5,8.,-27.5));
#3051 = VECTOR('',#3052,1.);
#3052 = DIRECTION('',(0.,0.,1.));
#3053 = PCURVE('',#1386,#3054);
#3054 = DEFINITIONAL_REPRESENTATION('',(#3055),#3059);
#3055 = LINE('',#3056,#3057);
#3056 = CARTESIAN_POINT('',(0.,-16.));
#3057 = VECTOR('',#3058,1.);
#3058 = DIRECTION('',(1.,0.));
#3059 = ( GEOMETRIC_REPRESENTATION_CONTEXT(2) 
PARAMETRIC_REPRESENTATION_CONTEXT() REPRESENTATION_CONTEXT('2D SPACE',''
  ) );
#3060 = PCURVE('',#1760,#3061);
#3061 = DEFINITIONAL_REPRESENTATION('',(#3062),#3066);
#3062 = LINE('',#3063,#3064);
#3063 = CARTESIAN_POINT('',(0.,3.));
#3064 = VECTOR('',#3065,1.);
#3065 = DIRECTION('',(1.,0.));
#3066 = ( GEOMETRIC_REPRESENTATION_CONTEXT(2) 
PARAMETRIC_REPRESENTATION_CONTEXT() REPRESENTATION_CONTEXT('2D SPACE',''
  ) );
#3067 = ORIENTED_EDGE('',*,*,#1771,.F.);
#3068 = ORIENTED_EDGE('',*,*,#2859,.T.);
#3069 = ORIENTED_EDGE('',*,*,#3070,.F.);
#3070 = EDGE_CURVE('',#2933,#2830,#3071,.T.);
#3071 = SURFACE_CURVE('',#3072,(#3076,#3082),.PCURVE_S1.);
#3072 = LINE('',#3073,#3074);
#3073 = CARTESIAN_POINT('',(-21.5,-7.5,-25.));
#3074 = VECTOR('',#3075,1.);
#3075 = DIRECTION('',(0.,1.,0.));
#3076 = PCURVE('',#1386,#3077);
#3077 = DEFINITIONAL_REPRESENTATION('',(#3078),#3081);
#3078 = B_SPLINE_CURVE_WITH_KNOTS('',1,(#3079,#3080),.UNSPECIFIED.,.F.,
  .F.,(2,2),(0.5,14.5),.PIECEWISE_BEZIER_KNOTS.);
#3079 = CARTESIAN_POINT('',(2.5,-1.));
#3080 = CARTESIAN_POINT('',(2.5,-15.));
#3081 = ( GEOMETRIC_REPRESENTATION_CONTEXT(2) 
PARAMETRIC_REPRESENTATION_CONTEXT() REPRESENTATION_CONTEXT('2D SPACE',''
  ) );
#3082 = PCURVE('',#2847,#3083);
#3083 = DEFINITIONAL_REPRESENTATION('',(#3084),#3087);
#3084 = B_SPLINE_CURVE_WITH_KNOTS('',1,(#3085,#3086),.UNSPECIFIED.,.F.,
  .F.,(2,2),(0.5,14.5),.PIECEWISE_BEZIER_KNOTS.);
#3085 = CARTESIAN_POINT('',(49.5,-5.329070518201E-15));
#3086 = CARTESIAN_POINT('',(49.5,14.));
#3087 = ( GEOMETRIC_REPRESENTATION_CONTEXT(2) 
PARAMETRIC_REPRESENTATION_CONTEXT() REPRESENTATION_CONTEXT('2D SPACE',''
  ) );
#3088 = ORIENTED_EDGE('',*,*,#2957,.F.);
#3089 = ORIENTED_EDGE('',*,*,#1371,.F.);
#3090 = ADVANCED_FACE('',(#3091),#1760,.F.);
#3091 = FACE_BOUND('',#3092,.F.);
#3092 = EDGE_LOOP('',(#3093,#3094,#3095,#3096));
#3093 = ORIENTED_EDGE('',*,*,#3047,.F.);
#3094 = ORIENTED_EDGE('',*,*,#2154,.T.);
#3095 = ORIENTED_EDGE('',*,*,#2038,.T.);
#3096 = ORIENTED_EDGE('',*,*,#1745,.F.);
#3097 = ADVANCED_FACE('',(#3098),#1412,.T.);
#3098 = FACE_BOUND('',#3099,.T.);
#3099 = EDGE_LOOP('',(#3100,#3101,#3102,#3103));
#3100 = ORIENTED_EDGE('',*,*,#3025,.F.);
#3101 = ORIENTED_EDGE('',*,*,#2132,.T.);
#3102 = ORIENTED_EDGE('',*,*,#1994,.T.);
#3103 = ORIENTED_EDGE('',*,*,#1397,.F.);
#3104 = ADVANCED_FACE('',(#3105),#1482,.T.);
#3105 = FACE_BOUND('',#3106,.T.);
#3106 = EDGE_LOOP('',(#3107,#3108,#3109,#3110,#3111,#3132,#3158,#3177));
#3107 = ORIENTED_EDGE('',*,*,#2325,.F.);
#3108 = ORIENTED_EDGE('',*,*,#2248,.T.);
#3109 = ORIENTED_EDGE('',*,*,#2352,.T.);
#3110 = ORIENTED_EDGE('',*,*,#1680,.F.);
#3111 = ORIENTED_EDGE('',*,*,#3112,.T.);
#3112 = EDGE_CURVE('',#1655,#3113,#3115,.T.);
#3113 = VERTEX_POINT('',#3114);
#3114 = CARTESIAN_POINT('',(21.5,7.,-25.));
#3115 = SURFACE_CURVE('',#3116,(#3120,#3126),.PCURVE_S1.);
#3116 = LINE('',#3117,#3118);
#3117 = CARTESIAN_POINT('',(21.5,7.,-26.25));
#3118 = VECTOR('',#3119,1.);
#3119 = DIRECTION('',(0.,0.,-1.));
#3120 = PCURVE('',#1482,#3121);
#3121 = DEFINITIONAL_REPRESENTATION('',(#3122),#3125);
#3122 = B_SPLINE_CURVE_WITH_KNOTS('',1,(#3123,#3124),.UNSPECIFIED.,.F.,
  .F.,(2,2),(-5.75,-1.25),.PIECEWISE_BEZIER_KNOTS.);
#3123 = CARTESIAN_POINT('',(7.,-15.));
#3124 = CARTESIAN_POINT('',(2.5,-15.));
#3125 = ( GEOMETRIC_REPRESENTATION_CONTEXT(2) 
PARAMETRIC_REPRESENTATION_CONTEXT() REPRESENTATION_CONTEXT('2D SPACE',''
  ) );
#3126 = PCURVE('',#1669,#3127);
#3127 = DEFINITIONAL_REPRESENTATION('',(#3128),#3131);
#3128 = B_SPLINE_CURVE_WITH_KNOTS('',1,(#3129,#3130),.UNSPECIFIED.,.F.,
  .F.,(2,2),(-5.75,-1.25),.PIECEWISE_BEZIER_KNOTS.);
#3129 = CARTESIAN_POINT('',(4.5,3.5));
#3130 = CARTESIAN_POINT('',(0.,3.5));
#3131 = ( GEOMETRIC_REPRESENTATION_CONTEXT(2) 
PARAMETRIC_REPRESENTATION_CONTEXT() REPRESENTATION_CONTEXT('2D SPACE',''
  ) );
#3132 = ORIENTED_EDGE('',*,*,#3133,.F.);
#3133 = EDGE_CURVE('',#3134,#3113,#3136,.T.);
#3134 = VERTEX_POINT('',#3135);
#3135 = CARTESIAN_POINT('',(21.5,-7.,-25.));
#3136 = SURFACE_CURVE('',#3137,(#3141,#3147),.PCURVE_S1.);
#3137 = LINE('',#3138,#3139);
#3138 = CARTESIAN_POINT('',(21.5,-7.5,-25.));
#3139 = VECTOR('',#3140,1.);
#3140 = DIRECTION('',(0.,1.,0.));
#3141 = PCURVE('',#1482,#3142);
#3142 = DEFINITIONAL_REPRESENTATION('',(#3143),#3146);
#3143 = B_SPLINE_CURVE_WITH_KNOTS('',1,(#3144,#3145),.UNSPECIFIED.,.F.,
  .F.,(2,2),(0.5,14.5),.PIECEWISE_BEZIER_KNOTS.);
#3144 = CARTESIAN_POINT('',(2.5,-1.));
#3145 = CARTESIAN_POINT('',(2.5,-15.));
#3146 = ( GEOMETRIC_REPRESENTATION_CONTEXT(2) 
PARAMETRIC_REPRESENTATION_CONTEXT() REPRESENTATION_CONTEXT('2D SPACE',''
  ) );
#3147 = PCURVE('',#3148,#3153);
#3148 = PLANE('',#3149);
#3149 = AXIS2_PLACEMENT_3D('',#3150,#3151,#3152);
#3150 = CARTESIAN_POINT('',(18.,-7.,-25.));
#3151 = DIRECTION('',(0.,0.,1.));
#3152 = DIRECTION('',(1.,0.,0.));
#3153 = DEFINITIONAL_REPRESENTATION('',(#3154),#3157);
#3154 = B_SPLINE_CURVE_WITH_KNOTS('',1,(#3155,#3156),.UNSPECIFIED.,.F.,
  .F.,(2,2),(0.5,14.5),.PIECEWISE_BEZIER_KNOTS.);
#3155 = CARTESIAN_POINT('',(3.5,0.));
#3156 = CARTESIAN_POINT('',(3.5,14.));
#3157 = ( GEOMETRIC_REPRESENTATION_CONTEXT(2) 
PARAMETRIC_REPRESENTATION_CONTEXT() REPRESENTATION_CONTEXT('2D SPACE',''
  ) );
#3158 = ORIENTED_EDGE('',*,*,#3159,.F.);
#3159 = EDGE_CURVE('',#1468,#3134,#3160,.T.);
#3160 = SURFACE_CURVE('',#3161,(#3165,#3171),.PCURVE_S1.);
#3161 = LINE('',#3162,#3163);
#3162 = CARTESIAN_POINT('',(21.5,-7.,-26.25));
#3163 = VECTOR('',#3164,1.);
#3164 = DIRECTION('',(0.,0.,-1.));
#3165 = PCURVE('',#1482,#3166);
#3166 = DEFINITIONAL_REPRESENTATION('',(#3167),#3170);
#3167 = B_SPLINE_CURVE_WITH_KNOTS('',1,(#3168,#3169),.UNSPECIFIED.,.F.,
  .F.,(2,2),(-5.75,-1.25),.PIECEWISE_BEZIER_KNOTS.);
#3168 = CARTESIAN_POINT('',(7.,-1.));
#3169 = CARTESIAN_POINT('',(2.5,-1.));
#3170 = ( GEOMETRIC_REPRESENTATION_CONTEXT(2) 
PARAMETRIC_REPRESENTATION_CONTEXT() REPRESENTATION_CONTEXT('2D SPACE',''
  ) );
#3171 = PCURVE('',#1508,#3172);
#3172 = DEFINITIONAL_REPRESENTATION('',(#3173),#3176);
#3173 = B_SPLINE_CURVE_WITH_KNOTS('',1,(#3174,#3175),.UNSPECIFIED.,.F.,
  .F.,(2,2),(-5.75,-1.25),.PIECEWISE_BEZIER_KNOTS.);
#3174 = CARTESIAN_POINT('',(4.5,3.5));
#3175 = CARTESIAN_POINT('',(0.,3.5));
#3176 = ( GEOMETRIC_REPRESENTATION_CONTEXT(2) 
PARAMETRIC_REPRESENTATION_CONTEXT() REPRESENTATION_CONTEXT('2D SPACE',''
  ) );
#3177 = ORIENTED_EDGE('',*,*,#1467,.F.);
#3178 = ADVANCED_FACE('',(#3179),#1669,.F.);
#3179 = FACE_BOUND('',#3180,.F.);
#3180 = EDGE_LOOP('',(#3181,#3204,#3232,#3260,#3279,#3280));
#3181 = ORIENTED_EDGE('',*,*,#3182,.F.);
#3182 = EDGE_CURVE('',#3183,#3113,#3185,.T.);
#3183 = VERTEX_POINT('',#3184);
#3184 = CARTESIAN_POINT('',(18.,7.,-25.));
#3185 = SURFACE_CURVE('',#3186,(#3190,#3197),.PCURVE_S1.);
#3186 = LINE('',#3187,#3188);
#3187 = CARTESIAN_POINT('',(18.,7.,-25.));
#3188 = VECTOR('',#3189,1.);
#3189 = DIRECTION('',(1.,0.,0.));
#3190 = PCURVE('',#1669,#3191);
#3191 = DEFINITIONAL_REPRESENTATION('',(#3192),#3196);
#3192 = LINE('',#3193,#3194);
#3193 = CARTESIAN_POINT('',(0.,0.));
#3194 = VECTOR('',#3195,1.);
#3195 = DIRECTION('',(0.,1.));
#3196 = ( GEOMETRIC_REPRESENTATION_CONTEXT(2) 
PARAMETRIC_REPRESENTATION_CONTEXT() REPRESENTATION_CONTEXT('2D SPACE',''
  ) );
#3197 = PCURVE('',#3148,#3198);
#3198 = DEFINITIONAL_REPRESENTATION('',(#3199),#3203);
#3199 = LINE('',#3200,#3201);
#3200 = CARTESIAN_POINT('',(0.,14.));
#3201 = VECTOR('',#3202,1.);
#3202 = DIRECTION('',(1.,0.));
#3203 = ( GEOMETRIC_REPRESENTATION_CONTEXT(2) 
PARAMETRIC_REPRESENTATION_CONTEXT() REPRESENTATION_CONTEXT('2D SPACE',''
  ) );
#3204 = ORIENTED_EDGE('',*,*,#3205,.T.);
#3205 = EDGE_CURVE('',#3183,#3206,#3208,.T.);
#3206 = VERTEX_POINT('',#3207);
#3207 = CARTESIAN_POINT('',(18.,7.,-20.5));
#3208 = SURFACE_CURVE('',#3209,(#3213,#3220),.PCURVE_S1.);
#3209 = LINE('',#3210,#3211);
#3210 = CARTESIAN_POINT('',(18.,7.,-25.));
#3211 = VECTOR('',#3212,1.);
#3212 = DIRECTION('',(0.,0.,1.));
#3213 = PCURVE('',#1669,#3214);
#3214 = DEFINITIONAL_REPRESENTATION('',(#3215),#3219);
#3215 = LINE('',#3216,#3217);
#3216 = CARTESIAN_POINT('',(0.,0.));
#3217 = VECTOR('',#3218,1.);
#3218 = DIRECTION('',(1.,0.));
#3219 = ( GEOMETRIC_REPRESENTATION_CONTEXT(2) 
PARAMETRIC_REPRESENTATION_CONTEXT() REPRESENTATION_CONTEXT('2D SPACE',''
  ) );
#3220 = PCURVE('',#3221,#3226);
#3221 = PLANE('',#3222);
#3222 = AXIS2_PLACEMENT_3D('',#3223,#3224,#3225);
#3223 = CARTESIAN_POINT('',(18.,-7.,-25.));
#3224 = DIRECTION('',(1.,0.,0.));
#3225 = DIRECTION('',(0.,0.,1.));
#3226 = DEFINITIONAL_REPRESENTATION('',(#3227),#3231);
#3227 = LINE('',#3228,#3229);
#3228 = CARTESIAN_POINT('',(0.,-14.));
#3229 = VECTOR('',#3230,1.);
#3230 = DIRECTION('',(1.,0.));
#3231 = ( GEOMETRIC_REPRESENTATION_CONTEXT(2) 
PARAMETRIC_REPRESENTATION_CONTEXT() REPRESENTATION_CONTEXT('2D SPACE',''
  ) );
#3232 = ORIENTED_EDGE('',*,*,#3233,.T.);
#3233 = EDGE_CURVE('',#3206,#3234,#3236,.T.);
#3234 = VERTEX_POINT('',#3235);
#3235 = CARTESIAN_POINT('',(18.5,7.,-20.5));
#3236 = SURFACE_CURVE('',#3237,(#3241,#3248),.PCURVE_S1.);
#3237 = LINE('',#3238,#3239);
#3238 = CARTESIAN_POINT('',(18.,7.,-20.5));
#3239 = VECTOR('',#3240,1.);
#3240 = DIRECTION('',(1.,0.,0.));
#3241 = PCURVE('',#1669,#3242);
#3242 = DEFINITIONAL_REPRESENTATION('',(#3243),#3247);
#3243 = LINE('',#3244,#3245);
#3244 = CARTESIAN_POINT('',(4.5,0.));
#3245 = VECTOR('',#3246,1.);
#3246 = DIRECTION('',(0.,1.));
#3247 = ( GEOMETRIC_REPRESENTATION_CONTEXT(2) 
PARAMETRIC_REPRESENTATION_CONTEXT() REPRESENTATION_CONTEXT('2D SPACE',''
  ) );
#3248 = PCURVE('',#3249,#3254);
#3249 = PLANE('',#3250);
#3250 = AXIS2_PLACEMENT_3D('',#3251,#3252,#3253);
#3251 = CARTESIAN_POINT('',(18.,-7.,-20.5));
#3252 = DIRECTION('',(0.,0.,1.));
#3253 = DIRECTION('',(1.,0.,0.));
#3254 = DEFINITIONAL_REPRESENTATION('',(#3255),#3259);
#3255 = LINE('',#3256,#3257);
#3256 = CARTESIAN_POINT('',(0.,14.));
#3257 = VECTOR('',#3258,1.);
#3258 = DIRECTION('',(1.,0.));
#3259 = ( GEOMETRIC_REPRESENTATION_CONTEXT(2) 
PARAMETRIC_REPRESENTATION_CONTEXT() REPRESENTATION_CONTEXT('2D SPACE',''
  ) );
#3260 = ORIENTED_EDGE('',*,*,#3261,.F.);
#3261 = EDGE_CURVE('',#1632,#3234,#3262,.T.);
#3262 = SURFACE_CURVE('',#3263,(#3267,#3273),.PCURVE_S1.);
#3263 = LINE('',#3264,#3265);
#3264 = CARTESIAN_POINT('',(18.5,7.,-23.));
#3265 = VECTOR('',#3266,1.);
#3266 = DIRECTION('',(0.,0.,1.));
#3267 = PCURVE('',#1669,#3268);
#3268 = DEFINITIONAL_REPRESENTATION('',(#3269),#3272);
#3269 = B_SPLINE_CURVE_WITH_KNOTS('',1,(#3270,#3271),.UNSPECIFIED.,.F.,
  .F.,(2,2),(2.,2.5),.PIECEWISE_BEZIER_KNOTS.);
#3270 = CARTESIAN_POINT('',(4.,0.5));
#3271 = CARTESIAN_POINT('',(4.5,0.5));
#3272 = ( GEOMETRIC_REPRESENTATION_CONTEXT(2) 
PARAMETRIC_REPRESENTATION_CONTEXT() REPRESENTATION_CONTEXT('2D SPACE',''
  ) );
#3273 = PCURVE('',#1535,#3274);
#3274 = DEFINITIONAL_REPRESENTATION('',(#3275),#3278);
#3275 = B_SPLINE_CURVE_WITH_KNOTS('',1,(#3276,#3277),.UNSPECIFIED.,.F.,
  .F.,(2,2),(2.,2.5),.PIECEWISE_BEZIER_KNOTS.);
#3276 = CARTESIAN_POINT('',(0.,-15.5));
#3277 = CARTESIAN_POINT('',(0.5,-15.5));
#3278 = ( GEOMETRIC_REPRESENTATION_CONTEXT(2) 
PARAMETRIC_REPRESENTATION_CONTEXT() REPRESENTATION_CONTEXT('2D SPACE',''
  ) );
#3279 = ORIENTED_EDGE('',*,*,#1654,.F.);
#3280 = ORIENTED_EDGE('',*,*,#3112,.T.);
#3281 = ADVANCED_FACE('',(#3282),#1508,.T.);
#3282 = FACE_BOUND('',#3283,.T.);
#3283 = EDGE_LOOP('',(#3284,#3307,#3330,#3353,#3372,#3373));
#3284 = ORIENTED_EDGE('',*,*,#3285,.F.);
#3285 = EDGE_CURVE('',#3286,#3134,#3288,.T.);
#3286 = VERTEX_POINT('',#3287);
#3287 = CARTESIAN_POINT('',(18.,-7.,-25.));
#3288 = SURFACE_CURVE('',#3289,(#3293,#3300),.PCURVE_S1.);
#3289 = LINE('',#3290,#3291);
#3290 = CARTESIAN_POINT('',(18.,-7.,-25.));
#3291 = VECTOR('',#3292,1.);
#3292 = DIRECTION('',(1.,0.,0.));
#3293 = PCURVE('',#1508,#3294);
#3294 = DEFINITIONAL_REPRESENTATION('',(#3295),#3299);
#3295 = LINE('',#3296,#3297);
#3296 = CARTESIAN_POINT('',(0.,0.));
#3297 = VECTOR('',#3298,1.);
#3298 = DIRECTION('',(0.,1.));
#3299 = ( GEOMETRIC_REPRESENTATION_CONTEXT(2) 
PARAMETRIC_REPRESENTATION_CONTEXT() REPRESENTATION_CONTEXT('2D SPACE',''
  ) );
#3300 = PCURVE('',#3148,#3301);
#3301 = DEFINITIONAL_REPRESENTATION('',(#3302),#3306);
#3302 = LINE('',#3303,#3304);
#3303 = CARTESIAN_POINT('',(0.,0.));
#3304 = VECTOR('',#3305,1.);
#3305 = DIRECTION('',(1.,0.));
#3306 = ( GEOMETRIC_REPRESENTATION_CONTEXT(2) 
PARAMETRIC_REPRESENTATION_CONTEXT() REPRESENTATION_CONTEXT('2D SPACE',''
  ) );
#3307 = ORIENTED_EDGE('',*,*,#3308,.T.);
#3308 = EDGE_CURVE('',#3286,#3309,#3311,.T.);
#3309 = VERTEX_POINT('',#3310);
#3310 = CARTESIAN_POINT('',(18.,-7.,-20.5));
#3311 = SURFACE_CURVE('',#3312,(#3316,#3323),.PCURVE_S1.);
#3312 = LINE('',#3313,#3314);
#3313 = CARTESIAN_POINT('',(18.,-7.,-25.));
#3314 = VECTOR('',#3315,1.);
#3315 = DIRECTION('',(0.,0.,1.));
#3316 = PCURVE('',#1508,#3317);
#3317 = DEFINITIONAL_REPRESENTATION('',(#3318),#3322);
#3318 = LINE('',#3319,#3320);
#3319 = CARTESIAN_POINT('',(0.,0.));
#3320 = VECTOR('',#3321,1.);
#3321 = DIRECTION('',(1.,0.));
#3322 = ( GEOMETRIC_REPRESENTATION_CONTEXT(2) 
PARAMETRIC_REPRESENTATION_CONTEXT() REPRESENTATION_CONTEXT('2D SPACE',''
  ) );
#3323 = PCURVE('',#3221,#3324);
#3324 = DEFINITIONAL_REPRESENTATION('',(#3325),#3329);
#3325 = LINE('',#3326,#3327);
#3326 = CARTESIAN_POINT('',(0.,0.));
#3327 = VECTOR('',#3328,1.);
#3328 = DIRECTION('',(1.,0.));
#3329 = ( GEOMETRIC_REPRESENTATION_CONTEXT(2) 
PARAMETRIC_REPRESENTATION_CONTEXT() REPRESENTATION_CONTEXT('2D SPACE',''
  ) );
#3330 = ORIENTED_EDGE('',*,*,#3331,.T.);
#3331 = EDGE_CURVE('',#3309,#3332,#3334,.T.);
#3332 = VERTEX_POINT('',#3333);
#3333 = CARTESIAN_POINT('',(18.5,-7.,-20.5));
#3334 = SURFACE_CURVE('',#3335,(#3339,#3346),.PCURVE_S1.);
#3335 = LINE('',#3336,#3337);
#3336 = CARTESIAN_POINT('',(18.,-7.,-20.5));
#3337 = VECTOR('',#3338,1.);
#3338 = DIRECTION('',(1.,0.,0.));
#3339 = PCURVE('',#1508,#3340);
#3340 = DEFINITIONAL_REPRESENTATION('',(#3341),#3345);
#3341 = LINE('',#3342,#3343);
#3342 = CARTESIAN_POINT('',(4.5,0.));
#3343 = VECTOR('',#3344,1.);
#3344 = DIRECTION('',(0.,1.));
#3345 = ( GEOMETRIC_REPRESENTATION_CONTEXT(2) 
PARAMETRIC_REPRESENTATION_CONTEXT() REPRESENTATION_CONTEXT('2D SPACE',''
  ) );
#3346 = PCURVE('',#3249,#3347);
#3347 = DEFINITIONAL_REPRESENTATION('',(#3348),#3352);
#3348 = LINE('',#3349,#3350);
#3349 = CARTESIAN_POINT('',(0.,0.));
#3350 = VECTOR('',#3351,1.);
#3351 = DIRECTION('',(1.,0.));
#3352 = ( GEOMETRIC_REPRESENTATION_CONTEXT(2) 
PARAMETRIC_REPRESENTATION_CONTEXT() REPRESENTATION_CONTEXT('2D SPACE',''
  ) );
#3353 = ORIENTED_EDGE('',*,*,#3354,.F.);
#3354 = EDGE_CURVE('',#1494,#3332,#3355,.T.);
#3355 = SURFACE_CURVE('',#3356,(#3360,#3366),.PCURVE_S1.);
#3356 = LINE('',#3357,#3358);
#3357 = CARTESIAN_POINT('',(18.5,-7.,-23.));
#3358 = VECTOR('',#3359,1.);
#3359 = DIRECTION('',(0.,0.,1.));
#3360 = PCURVE('',#1508,#3361);
#3361 = DEFINITIONAL_REPRESENTATION('',(#3362),#3365);
#3362 = B_SPLINE_CURVE_WITH_KNOTS('',1,(#3363,#3364),.UNSPECIFIED.,.F.,
  .F.,(2,2),(2.,2.5),.PIECEWISE_BEZIER_KNOTS.);
#3363 = CARTESIAN_POINT('',(4.,0.5));
#3364 = CARTESIAN_POINT('',(4.5,0.5));
#3365 = ( GEOMETRIC_REPRESENTATION_CONTEXT(2) 
PARAMETRIC_REPRESENTATION_CONTEXT() REPRESENTATION_CONTEXT('2D SPACE',''
  ) );
#3366 = PCURVE('',#1535,#3367);
#3367 = DEFINITIONAL_REPRESENTATION('',(#3368),#3371);
#3368 = B_SPLINE_CURVE_WITH_KNOTS('',1,(#3369,#3370),.UNSPECIFIED.,.F.,
  .F.,(2,2),(2.,2.5),.PIECEWISE_BEZIER_KNOTS.);
#3369 = CARTESIAN_POINT('',(0.,-1.5));
#3370 = CARTESIAN_POINT('',(0.5,-1.5));
#3371 = ( GEOMETRIC_REPRESENTATION_CONTEXT(2) 
PARAMETRIC_REPRESENTATION_CONTEXT() REPRESENTATION_CONTEXT('2D SPACE',''
  ) );
#3372 = ORIENTED_EDGE('',*,*,#1493,.F.);
#3373 = ORIENTED_EDGE('',*,*,#3159,.T.);
#3374 = ADVANCED_FACE('',(#3375,#3470),#1535,.T.);
#3375 = FACE_BOUND('',#3376,.T.);
#3376 = EDGE_LOOP('',(#3377,#3400,#3401,#3402,#3421,#3422,#3423,#3446));
#3377 = ORIENTED_EDGE('',*,*,#3378,.F.);
#3378 = EDGE_CURVE('',#1520,#3379,#3381,.T.);
#3379 = VERTEX_POINT('',#3380);
#3380 = CARTESIAN_POINT('',(18.5,-8.5,-10.6));
#3381 = SURFACE_CURVE('',#3382,(#3386,#3393),.PCURVE_S1.);
#3382 = LINE('',#3383,#3384);
#3383 = CARTESIAN_POINT('',(18.5,-8.5,-21.));
#3384 = VECTOR('',#3385,1.);
#3385 = DIRECTION('',(0.,0.,1.));
#3386 = PCURVE('',#1535,#3387);
#3387 = DEFINITIONAL_REPRESENTATION('',(#3388),#3392);
#3388 = LINE('',#3389,#3390);
#3389 = CARTESIAN_POINT('',(0.,0.));
#3390 = VECTOR('',#3391,1.);
#3391 = DIRECTION('',(1.,0.));
#3392 = ( GEOMETRIC_REPRESENTATION_CONTEXT(2) 
PARAMETRIC_REPRESENTATION_CONTEXT() REPRESENTATION_CONTEXT('2D SPACE',''
  ) );
#3393 = PCURVE('',#1563,#3394);
#3394 = DEFINITIONAL_REPRESENTATION('',(#3395),#3399);
#3395 = LINE('',#3396,#3397);
#3396 = CARTESIAN_POINT('',(0.,6.3));
#3397 = VECTOR('',#3398,1.);
#3398 = DIRECTION('',(1.,0.));
#3399 = ( GEOMETRIC_REPRESENTATION_CONTEXT(2) 
PARAMETRIC_REPRESENTATION_CONTEXT() REPRESENTATION_CONTEXT('2D SPACE',''
  ) );
#3400 = ORIENTED_EDGE('',*,*,#1519,.T.);
#3401 = ORIENTED_EDGE('',*,*,#3354,.T.);
#3402 = ORIENTED_EDGE('',*,*,#3403,.F.);
#3403 = EDGE_CURVE('',#3234,#3332,#3404,.T.);
#3404 = SURFACE_CURVE('',#3405,(#3409,#3415),.PCURVE_S1.);
#3405 = LINE('',#3406,#3407);
#3406 = CARTESIAN_POINT('',(18.5,-7.75,-20.5));
#3407 = VECTOR('',#3408,1.);
#3408 = DIRECTION('',(0.,-1.,0.));
#3409 = PCURVE('',#1535,#3410);
#3410 = DEFINITIONAL_REPRESENTATION('',(#3411),#3414);
#3411 = B_SPLINE_CURVE_WITH_KNOTS('',1,(#3412,#3413),.UNSPECIFIED.,.F.,
  .F.,(2,2),(-14.75,-0.75),.PIECEWISE_BEZIER_KNOTS.);
#3412 = CARTESIAN_POINT('',(0.5,-15.5));
#3413 = CARTESIAN_POINT('',(0.5,-1.5));
#3414 = ( GEOMETRIC_REPRESENTATION_CONTEXT(2) 
PARAMETRIC_REPRESENTATION_CONTEXT() REPRESENTATION_CONTEXT('2D SPACE',''
  ) );
#3415 = PCURVE('',#3249,#3416);
#3416 = DEFINITIONAL_REPRESENTATION('',(#3417),#3420);
#3417 = B_SPLINE_CURVE_WITH_KNOTS('',1,(#3418,#3419),.UNSPECIFIED.,.F.,
  .F.,(2,2),(-14.75,-0.75),.PIECEWISE_BEZIER_KNOTS.);
#3418 = CARTESIAN_POINT('',(0.5,14.));
#3419 = CARTESIAN_POINT('',(0.5,0.));
#3420 = ( GEOMETRIC_REPRESENTATION_CONTEXT(2) 
PARAMETRIC_REPRESENTATION_CONTEXT() REPRESENTATION_CONTEXT('2D SPACE',''
  ) );
#3421 = ORIENTED_EDGE('',*,*,#3261,.F.);
#3422 = ORIENTED_EDGE('',*,*,#1631,.T.);
#3423 = ORIENTED_EDGE('',*,*,#3424,.T.);
#3424 = EDGE_CURVE('',#1604,#3425,#3427,.T.);
#3425 = VERTEX_POINT('',#3426);
#3426 = CARTESIAN_POINT('',(18.5,8.5,-10.6));
#3427 = SURFACE_CURVE('',#3428,(#3432,#3439),.PCURVE_S1.);
#3428 = LINE('',#3429,#3430);
#3429 = CARTESIAN_POINT('',(18.5,8.5,-21.));
#3430 = VECTOR('',#3431,1.);
#3431 = DIRECTION('',(0.,0.,1.));
#3432 = PCURVE('',#1535,#3433);
#3433 = DEFINITIONAL_REPRESENTATION('',(#3434),#3438);
#3434 = LINE('',#3435,#3436);
#3435 = CARTESIAN_POINT('',(0.,-17.));
#3436 = VECTOR('',#3437,1.);
#3437 = DIRECTION('',(1.,0.));
#3438 = ( GEOMETRIC_REPRESENTATION_CONTEXT(2) 
PARAMETRIC_REPRESENTATION_CONTEXT() REPRESENTATION_CONTEXT('2D SPACE',''
  ) );
#3439 = PCURVE('',#1619,#3440);
#3440 = DEFINITIONAL_REPRESENTATION('',(#3441),#3445);
#3441 = LINE('',#3442,#3443);
#3442 = CARTESIAN_POINT('',(0.,6.3));
#3443 = VECTOR('',#3444,1.);
#3444 = DIRECTION('',(1.,0.));
#3445 = ( GEOMETRIC_REPRESENTATION_CONTEXT(2) 
PARAMETRIC_REPRESENTATION_CONTEXT() REPRESENTATION_CONTEXT('2D SPACE',''
  ) );
#3446 = ORIENTED_EDGE('',*,*,#3447,.T.);
#3447 = EDGE_CURVE('',#3425,#3379,#3448,.T.);
#3448 = SURFACE_CURVE('',#3449,(#3453,#3459),.PCURVE_S1.);
#3449 = LINE('',#3450,#3451);
#3450 = CARTESIAN_POINT('',(18.5,-9.5,-10.6));
#3451 = VECTOR('',#3452,1.);
#3452 = DIRECTION('',(0.,-1.,0.));
#3453 = PCURVE('',#1535,#3454);
#3454 = DEFINITIONAL_REPRESENTATION('',(#3455),#3458);
#3455 = B_SPLINE_CURVE_WITH_KNOTS('',1,(#3456,#3457),.UNSPECIFIED.,.F.,
  .F.,(2,2),(-18.,-1.),.PIECEWISE_BEZIER_KNOTS.);
#3456 = CARTESIAN_POINT('',(10.4,-17.));
#3457 = CARTESIAN_POINT('',(10.4,0.));
#3458 = ( GEOMETRIC_REPRESENTATION_CONTEXT(2) 
PARAMETRIC_REPRESENTATION_CONTEXT() REPRESENTATION_CONTEXT('2D SPACE',''
  ) );
#3459 = PCURVE('',#3460,#3465);
#3460 = PLANE('',#3461);
#3461 = AXIS2_PLACEMENT_3D('',#3462,#3463,#3464);
#3462 = CARTESIAN_POINT('',(11.8,-10.5,-10.6));
#3463 = DIRECTION('',(0.,0.,1.));
#3464 = DIRECTION('',(1.,0.,0.));
#3465 = DEFINITIONAL_REPRESENTATION('',(#3466),#3469);
#3466 = B_SPLINE_CURVE_WITH_KNOTS('',1,(#3467,#3468),.UNSPECIFIED.,.F.,
  .F.,(2,2),(-18.,-1.),.PIECEWISE_BEZIER_KNOTS.);
#3467 = CARTESIAN_POINT('',(6.7,19.));
#3468 = CARTESIAN_POINT('',(6.7,2.));
#3469 = ( GEOMETRIC_REPRESENTATION_CONTEXT(2) 
PARAMETRIC_REPRESENTATION_CONTEXT() REPRESENTATION_CONTEXT('2D SPACE',''
  ) );
#3470 = FACE_BOUND('',#3471,.T.);
#3471 = EDGE_LOOP('',(#3472,#3500,#3526,#3552));
#3472 = ORIENTED_EDGE('',*,*,#3473,.T.);
#3473 = EDGE_CURVE('',#3474,#3476,#3478,.T.);
#3474 = VERTEX_POINT('',#3475);
#3475 = CARTESIAN_POINT('',(18.5,7.,-20.));
#3476 = VERTEX_POINT('',#3477);
#3477 = CARTESIAN_POINT('',(18.5,-7.,-20.));
#3478 = SURFACE_CURVE('',#3479,(#3483,#3489),.PCURVE_S1.);
#3479 = LINE('',#3480,#3481);
#3480 = CARTESIAN_POINT('',(18.5,-7.75,-20.));
#3481 = VECTOR('',#3482,1.);
#3482 = DIRECTION('',(0.,-1.,0.));
#3483 = PCURVE('',#1535,#3484);
#3484 = DEFINITIONAL_REPRESENTATION('',(#3485),#3488);
#3485 = B_SPLINE_CURVE_WITH_KNOTS('',1,(#3486,#3487),.UNSPECIFIED.,.F.,
  .F.,(2,2),(-14.75,-0.75),.PIECEWISE_BEZIER_KNOTS.);
#3486 = CARTESIAN_POINT('',(1.,-15.5));
#3487 = CARTESIAN_POINT('',(1.,-1.5));
#3488 = ( GEOMETRIC_REPRESENTATION_CONTEXT(2) 
PARAMETRIC_REPRESENTATION_CONTEXT() REPRESENTATION_CONTEXT('2D SPACE',''
  ) );
#3489 = PCURVE('',#3490,#3495);
#3490 = PLANE('',#3491);
#3491 = AXIS2_PLACEMENT_3D('',#3492,#3493,#3494);
#3492 = CARTESIAN_POINT('',(11.5,-7.,-20.));
#3493 = DIRECTION('',(0.,0.,1.));
#3494 = DIRECTION('',(1.,0.,0.));
#3495 = DEFINITIONAL_REPRESENTATION('',(#3496),#3499);
#3496 = B_SPLINE_CURVE_WITH_KNOTS('',1,(#3497,#3498),.UNSPECIFIED.,.F.,
  .F.,(2,2),(-14.75,-0.75),.PIECEWISE_BEZIER_KNOTS.);
#3497 = CARTESIAN_POINT('',(7.,14.));
#3498 = CARTESIAN_POINT('',(7.,0.));
#3499 = ( GEOMETRIC_REPRESENTATION_CONTEXT(2) 
PARAMETRIC_REPRESENTATION_CONTEXT() REPRESENTATION_CONTEXT('2D SPACE',''
  ) );
#3500 = ORIENTED_EDGE('',*,*,#3501,.T.);
#3501 = EDGE_CURVE('',#3476,#3502,#3504,.T.);
#3502 = VERTEX_POINT('',#3503);
#3503 = CARTESIAN_POINT('',(18.5,-7.,-11.));
#3504 = SURFACE_CURVE('',#3505,(#3509,#3515),.PCURVE_S1.);
#3505 = LINE('',#3506,#3507);
#3506 = CARTESIAN_POINT('',(18.5,-7.,-20.5));
#3507 = VECTOR('',#3508,1.);
#3508 = DIRECTION('',(0.,0.,1.));
#3509 = PCURVE('',#1535,#3510);
#3510 = DEFINITIONAL_REPRESENTATION('',(#3511),#3514);
#3511 = B_SPLINE_CURVE_WITH_KNOTS('',1,(#3512,#3513),.UNSPECIFIED.,.F.,
  .F.,(2,2),(0.5,9.5),.PIECEWISE_BEZIER_KNOTS.);
#3512 = CARTESIAN_POINT('',(1.,-1.5));
#3513 = CARTESIAN_POINT('',(10.,-1.5));
#3514 = ( GEOMETRIC_REPRESENTATION_CONTEXT(2) 
PARAMETRIC_REPRESENTATION_CONTEXT() REPRESENTATION_CONTEXT('2D SPACE',''
  ) );
#3515 = PCURVE('',#3516,#3521);
#3516 = PLANE('',#3517);
#3517 = AXIS2_PLACEMENT_3D('',#3518,#3519,#3520);
#3518 = CARTESIAN_POINT('',(11.5,-7.,-20.));
#3519 = DIRECTION('',(0.,1.,0.));
#3520 = DIRECTION('',(0.,0.,1.));
#3521 = DEFINITIONAL_REPRESENTATION('',(#3522),#3525);
#3522 = B_SPLINE_CURVE_WITH_KNOTS('',1,(#3523,#3524),.UNSPECIFIED.,.F.,
  .F.,(2,2),(0.5,9.5),.PIECEWISE_BEZIER_KNOTS.);
#3523 = CARTESIAN_POINT('',(0.,7.));
#3524 = CARTESIAN_POINT('',(9.,7.));
#3525 = ( GEOMETRIC_REPRESENTATION_CONTEXT(2) 
PARAMETRIC_REPRESENTATION_CONTEXT() REPRESENTATION_CONTEXT('2D SPACE',''
  ) );
#3526 = ORIENTED_EDGE('',*,*,#3527,.F.);
#3527 = EDGE_CURVE('',#3528,#3502,#3530,.T.);
#3528 = VERTEX_POINT('',#3529);
#3529 = CARTESIAN_POINT('',(18.5,7.,-11.));
#3530 = SURFACE_CURVE('',#3531,(#3535,#3541),.PCURVE_S1.);
#3531 = LINE('',#3532,#3533);
#3532 = CARTESIAN_POINT('',(18.5,-7.75,-11.));
#3533 = VECTOR('',#3534,1.);
#3534 = DIRECTION('',(0.,-1.,0.));
#3535 = PCURVE('',#1535,#3536);
#3536 = DEFINITIONAL_REPRESENTATION('',(#3537),#3540);
#3537 = B_SPLINE_CURVE_WITH_KNOTS('',1,(#3538,#3539),.UNSPECIFIED.,.F.,
  .F.,(2,2),(-14.75,-0.75),.PIECEWISE_BEZIER_KNOTS.);
#3538 = CARTESIAN_POINT('',(10.,-15.5));
#3539 = CARTESIAN_POINT('',(10.,-1.5));
#3540 = ( GEOMETRIC_REPRESENTATION_CONTEXT(2) 
PARAMETRIC_REPRESENTATION_CONTEXT() REPRESENTATION_CONTEXT('2D SPACE',''
  ) );
#3541 = PCURVE('',#3542,#3547);
#3542 = PLANE('',#3543);
#3543 = AXIS2_PLACEMENT_3D('',#3544,#3545,#3546);
#3544 = CARTESIAN_POINT('',(11.5,-7.,-11.));
#3545 = DIRECTION('',(0.,0.,1.));
#3546 = DIRECTION('',(1.,0.,0.));
#3547 = DEFINITIONAL_REPRESENTATION('',(#3548),#3551);
#3548 = B_SPLINE_CURVE_WITH_KNOTS('',1,(#3549,#3550),.UNSPECIFIED.,.F.,
  .F.,(2,2),(-14.75,-0.75),.PIECEWISE_BEZIER_KNOTS.);
#3549 = CARTESIAN_POINT('',(7.,14.));
#3550 = CARTESIAN_POINT('',(7.,0.));
#3551 = ( GEOMETRIC_REPRESENTATION_CONTEXT(2) 
PARAMETRIC_REPRESENTATION_CONTEXT() REPRESENTATION_CONTEXT('2D SPACE',''
  ) );
#3552 = ORIENTED_EDGE('',*,*,#3553,.F.);
#3553 = EDGE_CURVE('',#3474,#3528,#3554,.T.);
#3554 = SURFACE_CURVE('',#3555,(#3559,#3565),.PCURVE_S1.);
#3555 = LINE('',#3556,#3557);
#3556 = CARTESIAN_POINT('',(18.5,7.,-20.5));
#3557 = VECTOR('',#3558,1.);
#3558 = DIRECTION('',(0.,0.,1.));
#3559 = PCURVE('',#1535,#3560);
#3560 = DEFINITIONAL_REPRESENTATION('',(#3561),#3564);
#3561 = B_SPLINE_CURVE_WITH_KNOTS('',1,(#3562,#3563),.UNSPECIFIED.,.F.,
  .F.,(2,2),(0.5,9.5),.PIECEWISE_BEZIER_KNOTS.);
#3562 = CARTESIAN_POINT('',(1.,-15.5));
#3563 = CARTESIAN_POINT('',(10.,-15.5));
#3564 = ( GEOMETRIC_REPRESENTATION_CONTEXT(2) 
PARAMETRIC_REPRESENTATION_CONTEXT() REPRESENTATION_CONTEXT('2D SPACE',''
  ) );
#3565 = PCURVE('',#3566,#3571);
#3566 = PLANE('',#3567);
#3567 = AXIS2_PLACEMENT_3D('',#3568,#3569,#3570);
#3568 = CARTESIAN_POINT('',(11.5,7.,-20.));
#3569 = DIRECTION('',(0.,1.,0.));
#3570 = DIRECTION('',(0.,0.,1.));
#3571 = DEFINITIONAL_REPRESENTATION('',(#3572),#3575);
#3572 = B_SPLINE_CURVE_WITH_KNOTS('',1,(#3573,#3574),.UNSPECIFIED.,.F.,
  .F.,(2,2),(0.5,9.5),.PIECEWISE_BEZIER_KNOTS.);
#3573 = CARTESIAN_POINT('',(0.,7.));
#3574 = CARTESIAN_POINT('',(9.,7.));
#3575 = ( GEOMETRIC_REPRESENTATION_CONTEXT(2) 
PARAMETRIC_REPRESENTATION_CONTEXT() REPRESENTATION_CONTEXT('2D SPACE',''
  ) );
#3576 = ADVANCED_FACE('',(#3577),#1619,.T.);
#3577 = FACE_BOUND('',#3578,.T.);
#3578 = EDGE_LOOP('',(#3579,#3580,#3581,#3604));
#3579 = ORIENTED_EDGE('',*,*,#3424,.F.);
#3580 = ORIENTED_EDGE('',*,*,#1603,.F.);
#3581 = ORIENTED_EDGE('',*,*,#3582,.T.);
#3582 = EDGE_CURVE('',#1576,#3583,#3585,.T.);
#3583 = VERTEX_POINT('',#3584);
#3584 = CARTESIAN_POINT('',(12.2,8.5,-10.6));
#3585 = SURFACE_CURVE('',#3586,(#3590,#3597),.PCURVE_S1.);
#3586 = LINE('',#3587,#3588);
#3587 = CARTESIAN_POINT('',(12.2,8.5,-21.));
#3588 = VECTOR('',#3589,1.);
#3589 = DIRECTION('',(0.,0.,1.));
#3590 = PCURVE('',#1619,#3591);
#3591 = DEFINITIONAL_REPRESENTATION('',(#3592),#3596);
#3592 = LINE('',#3593,#3594);
#3593 = CARTESIAN_POINT('',(0.,0.));
#3594 = VECTOR('',#3595,1.);
#3595 = DIRECTION('',(1.,0.));
#3596 = ( GEOMETRIC_REPRESENTATION_CONTEXT(2) 
PARAMETRIC_REPRESENTATION_CONTEXT() REPRESENTATION_CONTEXT('2D SPACE',''
  ) );
#3597 = PCURVE('',#1591,#3598);
#3598 = DEFINITIONAL_REPRESENTATION('',(#3599),#3603);
#3599 = LINE('',#3600,#3601);
#3600 = CARTESIAN_POINT('',(0.,-17.));
#3601 = VECTOR('',#3602,1.);
#3602 = DIRECTION('',(1.,0.));
#3603 = ( GEOMETRIC_REPRESENTATION_CONTEXT(2) 
PARAMETRIC_REPRESENTATION_CONTEXT() REPRESENTATION_CONTEXT('2D SPACE',''
  ) );
#3604 = ORIENTED_EDGE('',*,*,#3605,.T.);
#3605 = EDGE_CURVE('',#3583,#3425,#3606,.T.);
#3606 = SURFACE_CURVE('',#3607,(#3611,#3617),.PCURVE_S1.);
#3607 = LINE('',#3608,#3609);
#3608 = CARTESIAN_POINT('',(12.,8.5,-10.6));
#3609 = VECTOR('',#3610,1.);
#3610 = DIRECTION('',(1.,0.,0.));
#3611 = PCURVE('',#1619,#3612);
#3612 = DEFINITIONAL_REPRESENTATION('',(#3613),#3616);
#3613 = B_SPLINE_CURVE_WITH_KNOTS('',1,(#3614,#3615),.UNSPECIFIED.,.F.,
  .F.,(2,2),(0.2,6.5),.PIECEWISE_BEZIER_KNOTS.);
#3614 = CARTESIAN_POINT('',(10.4,0.));
#3615 = CARTESIAN_POINT('',(10.4,6.3));
#3616 = ( GEOMETRIC_REPRESENTATION_CONTEXT(2) 
PARAMETRIC_REPRESENTATION_CONTEXT() REPRESENTATION_CONTEXT('2D SPACE',''
  ) );
#3617 = PCURVE('',#3460,#3618);
#3618 = DEFINITIONAL_REPRESENTATION('',(#3619),#3622);
#3619 = B_SPLINE_CURVE_WITH_KNOTS('',1,(#3620,#3621),.UNSPECIFIED.,.F.,
  .F.,(2,2),(0.2,6.5),.PIECEWISE_BEZIER_KNOTS.);
#3620 = CARTESIAN_POINT('',(0.4,19.));
#3621 = CARTESIAN_POINT('',(6.7,19.));
#3622 = ( GEOMETRIC_REPRESENTATION_CONTEXT(2) 
PARAMETRIC_REPRESENTATION_CONTEXT() REPRESENTATION_CONTEXT('2D SPACE',''
  ) );
#3623 = ADVANCED_FACE('',(#3624),#1563,.F.);
#3624 = FACE_BOUND('',#3625,.F.);
#3625 = EDGE_LOOP('',(#3626,#3627,#3628,#3651));
#3626 = ORIENTED_EDGE('',*,*,#3378,.F.);
#3627 = ORIENTED_EDGE('',*,*,#1547,.F.);
#3628 = ORIENTED_EDGE('',*,*,#3629,.T.);
#3629 = EDGE_CURVE('',#1548,#3630,#3632,.T.);
#3630 = VERTEX_POINT('',#3631);
#3631 = CARTESIAN_POINT('',(12.2,-8.5,-10.6));
#3632 = SURFACE_CURVE('',#3633,(#3637,#3644),.PCURVE_S1.);
#3633 = LINE('',#3634,#3635);
#3634 = CARTESIAN_POINT('',(12.2,-8.5,-21.));
#3635 = VECTOR('',#3636,1.);
#3636 = DIRECTION('',(0.,0.,1.));
#3637 = PCURVE('',#1563,#3638);
#3638 = DEFINITIONAL_REPRESENTATION('',(#3639),#3643);
#3639 = LINE('',#3640,#3641);
#3640 = CARTESIAN_POINT('',(0.,0.));
#3641 = VECTOR('',#3642,1.);
#3642 = DIRECTION('',(1.,0.));
#3643 = ( GEOMETRIC_REPRESENTATION_CONTEXT(2) 
PARAMETRIC_REPRESENTATION_CONTEXT() REPRESENTATION_CONTEXT('2D SPACE',''
  ) );
#3644 = PCURVE('',#1591,#3645);
#3645 = DEFINITIONAL_REPRESENTATION('',(#3646),#3650);
#3646 = LINE('',#3647,#3648);
#3647 = CARTESIAN_POINT('',(0.,0.));
#3648 = VECTOR('',#3649,1.);
#3649 = DIRECTION('',(1.,0.));
#3650 = ( GEOMETRIC_REPRESENTATION_CONTEXT(2) 
PARAMETRIC_REPRESENTATION_CONTEXT() REPRESENTATION_CONTEXT('2D SPACE',''
  ) );
#3651 = ORIENTED_EDGE('',*,*,#3652,.T.);
#3652 = EDGE_CURVE('',#3630,#3379,#3653,.T.);
#3653 = SURFACE_CURVE('',#3654,(#3658,#3664),.PCURVE_S1.);
#3654 = LINE('',#3655,#3656);
#3655 = CARTESIAN_POINT('',(12.,-8.5,-10.6));
#3656 = VECTOR('',#3657,1.);
#3657 = DIRECTION('',(1.,0.,0.));
#3658 = PCURVE('',#1563,#3659);
#3659 = DEFINITIONAL_REPRESENTATION('',(#3660),#3663);
#3660 = B_SPLINE_CURVE_WITH_KNOTS('',1,(#3661,#3662),.UNSPECIFIED.,.F.,
  .F.,(2,2),(0.2,6.5),.PIECEWISE_BEZIER_KNOTS.);
#3661 = CARTESIAN_POINT('',(10.4,0.));
#3662 = CARTESIAN_POINT('',(10.4,6.3));
#3663 = ( GEOMETRIC_REPRESENTATION_CONTEXT(2) 
PARAMETRIC_REPRESENTATION_CONTEXT() REPRESENTATION_CONTEXT('2D SPACE',''
  ) );
#3664 = PCURVE('',#3460,#3665);
#3665 = DEFINITIONAL_REPRESENTATION('',(#3666),#3669);
#3666 = B_SPLINE_CURVE_WITH_KNOTS('',1,(#3667,#3668),.UNSPECIFIED.,.F.,
  .F.,(2,2),(0.2,6.5),.PIECEWISE_BEZIER_KNOTS.);
#3667 = CARTESIAN_POINT('',(0.4,2.));
#3668 = CARTESIAN_POINT('',(6.7,2.));
#3669 = ( GEOMETRIC_REPRESENTATION_CONTEXT(2) 
PARAMETRIC_REPRESENTATION_CONTEXT() REPRESENTATION_CONTEXT('2D SPACE',''
  ) );
#3670 = ADVANCED_FACE('',(#3671,#3695),#1591,.F.);
#3671 = FACE_BOUND('',#3672,.F.);
#3672 = EDGE_LOOP('',(#3673,#3674,#3675,#3676));
#3673 = ORIENTED_EDGE('',*,*,#3629,.F.);
#3674 = ORIENTED_EDGE('',*,*,#1575,.T.);
#3675 = ORIENTED_EDGE('',*,*,#3582,.T.);
#3676 = ORIENTED_EDGE('',*,*,#3677,.T.);
#3677 = EDGE_CURVE('',#3583,#3630,#3678,.T.);
#3678 = SURFACE_CURVE('',#3679,(#3683,#3689),.PCURVE_S1.);
#3679 = LINE('',#3680,#3681);
#3680 = CARTESIAN_POINT('',(12.2,-9.5,-10.6));
#3681 = VECTOR('',#3682,1.);
#3682 = DIRECTION('',(0.,-1.,0.));
#3683 = PCURVE('',#1591,#3684);
#3684 = DEFINITIONAL_REPRESENTATION('',(#3685),#3688);
#3685 = B_SPLINE_CURVE_WITH_KNOTS('',1,(#3686,#3687),.UNSPECIFIED.,.F.,
  .F.,(2,2),(-18.,-1.),.PIECEWISE_BEZIER_KNOTS.);
#3686 = CARTESIAN_POINT('',(10.4,-17.));
#3687 = CARTESIAN_POINT('',(10.4,0.));
#3688 = ( GEOMETRIC_REPRESENTATION_CONTEXT(2) 
PARAMETRIC_REPRESENTATION_CONTEXT() REPRESENTATION_CONTEXT('2D SPACE',''
  ) );
#3689 = PCURVE('',#3460,#3690);
#3690 = DEFINITIONAL_REPRESENTATION('',(#3691),#3694);
#3691 = B_SPLINE_CURVE_WITH_KNOTS('',1,(#3692,#3693),.UNSPECIFIED.,.F.,
  .F.,(2,2),(-18.,-1.),.PIECEWISE_BEZIER_KNOTS.);
#3692 = CARTESIAN_POINT('',(0.4,19.));
#3693 = CARTESIAN_POINT('',(0.4,2.));
#3694 = ( GEOMETRIC_REPRESENTATION_CONTEXT(2) 
PARAMETRIC_REPRESENTATION_CONTEXT() REPRESENTATION_CONTEXT('2D SPACE',''
  ) );
#3695 = FACE_BOUND('',#3696,.F.);
#3696 = EDGE_LOOP('',(#3697,#3720,#3741,#3762));
#3697 = ORIENTED_EDGE('',*,*,#3698,.T.);
#3698 = EDGE_CURVE('',#3699,#3701,#3703,.T.);
#3699 = VERTEX_POINT('',#3700);
#3700 = CARTESIAN_POINT('',(12.2,7.,-20.));
#3701 = VERTEX_POINT('',#3702);
#3702 = CARTESIAN_POINT('',(12.2,-7.,-20.));
#3703 = SURFACE_CURVE('',#3704,(#3708,#3714),.PCURVE_S1.);
#3704 = LINE('',#3705,#3706);
#3705 = CARTESIAN_POINT('',(12.2,-7.75,-20.));
#3706 = VECTOR('',#3707,1.);
#3707 = DIRECTION('',(0.,-1.,0.));
#3708 = PCURVE('',#1591,#3709);
#3709 = DEFINITIONAL_REPRESENTATION('',(#3710),#3713);
#3710 = B_SPLINE_CURVE_WITH_KNOTS('',1,(#3711,#3712),.UNSPECIFIED.,.F.,
  .F.,(2,2),(-14.75,-0.75),.PIECEWISE_BEZIER_KNOTS.);
#3711 = CARTESIAN_POINT('',(1.,-15.5));
#3712 = CARTESIAN_POINT('',(1.,-1.5));
#3713 = ( GEOMETRIC_REPRESENTATION_CONTEXT(2) 
PARAMETRIC_REPRESENTATION_CONTEXT() REPRESENTATION_CONTEXT('2D SPACE',''
  ) );
#3714 = PCURVE('',#3490,#3715);
#3715 = DEFINITIONAL_REPRESENTATION('',(#3716),#3719);
#3716 = B_SPLINE_CURVE_WITH_KNOTS('',1,(#3717,#3718),.UNSPECIFIED.,.F.,
  .F.,(2,2),(-14.75,-0.75),.PIECEWISE_BEZIER_KNOTS.);
#3717 = CARTESIAN_POINT('',(0.7,14.));
#3718 = CARTESIAN_POINT('',(0.7,0.));
#3719 = ( GEOMETRIC_REPRESENTATION_CONTEXT(2) 
PARAMETRIC_REPRESENTATION_CONTEXT() REPRESENTATION_CONTEXT('2D SPACE',''
  ) );
#3720 = ORIENTED_EDGE('',*,*,#3721,.T.);
#3721 = EDGE_CURVE('',#3701,#3722,#3724,.T.);
#3722 = VERTEX_POINT('',#3723);
#3723 = CARTESIAN_POINT('',(12.2,-7.,-11.));
#3724 = SURFACE_CURVE('',#3725,(#3729,#3735),.PCURVE_S1.);
#3725 = LINE('',#3726,#3727);
#3726 = CARTESIAN_POINT('',(12.2,-7.,-20.5));
#3727 = VECTOR('',#3728,1.);
#3728 = DIRECTION('',(0.,0.,1.));
#3729 = PCURVE('',#1591,#3730);
#3730 = DEFINITIONAL_REPRESENTATION('',(#3731),#3734);
#3731 = B_SPLINE_CURVE_WITH_KNOTS('',1,(#3732,#3733),.UNSPECIFIED.,.F.,
  .F.,(2,2),(0.5,9.5),.PIECEWISE_BEZIER_KNOTS.);
#3732 = CARTESIAN_POINT('',(1.,-1.5));
#3733 = CARTESIAN_POINT('',(10.,-1.5));
#3734 = ( GEOMETRIC_REPRESENTATION_CONTEXT(2) 
PARAMETRIC_REPRESENTATION_CONTEXT() REPRESENTATION_CONTEXT('2D SPACE',''
  ) );
#3735 = PCURVE('',#3516,#3736);
#3736 = DEFINITIONAL_REPRESENTATION('',(#3737),#3740);
#3737 = B_SPLINE_CURVE_WITH_KNOTS('',1,(#3738,#3739),.UNSPECIFIED.,.F.,
  .F.,(2,2),(0.5,9.5),.PIECEWISE_BEZIER_KNOTS.);
#3738 = CARTESIAN_POINT('',(0.,0.7));
#3739 = CARTESIAN_POINT('',(9.,0.7));
#3740 = ( GEOMETRIC_REPRESENTATION_CONTEXT(2) 
PARAMETRIC_REPRESENTATION_CONTEXT() REPRESENTATION_CONTEXT('2D SPACE',''
  ) );
#3741 = ORIENTED_EDGE('',*,*,#3742,.F.);
#3742 = EDGE_CURVE('',#3743,#3722,#3745,.T.);
#3743 = VERTEX_POINT('',#3744);
#3744 = CARTESIAN_POINT('',(12.2,7.,-11.));
#3745 = SURFACE_CURVE('',#3746,(#3750,#3756),.PCURVE_S1.);
#3746 = LINE('',#3747,#3748);
#3747 = CARTESIAN_POINT('',(12.2,-7.75,-11.));
#3748 = VECTOR('',#3749,1.);
#3749 = DIRECTION('',(0.,-1.,0.));
#3750 = PCURVE('',#1591,#3751);
#3751 = DEFINITIONAL_REPRESENTATION('',(#3752),#3755);
#3752 = B_SPLINE_CURVE_WITH_KNOTS('',1,(#3753,#3754),.UNSPECIFIED.,.F.,
  .F.,(2,2),(-14.75,-0.75),.PIECEWISE_BEZIER_KNOTS.);
#3753 = CARTESIAN_POINT('',(10.,-15.5));
#3754 = CARTESIAN_POINT('',(10.,-1.5));
#3755 = ( GEOMETRIC_REPRESENTATION_CONTEXT(2) 
PARAMETRIC_REPRESENTATION_CONTEXT() REPRESENTATION_CONTEXT('2D SPACE',''
  ) );
#3756 = PCURVE('',#3542,#3757);
#3757 = DEFINITIONAL_REPRESENTATION('',(#3758),#3761);
#3758 = B_SPLINE_CURVE_WITH_KNOTS('',1,(#3759,#3760),.UNSPECIFIED.,.F.,
  .F.,(2,2),(-14.75,-0.75),.PIECEWISE_BEZIER_KNOTS.);
#3759 = CARTESIAN_POINT('',(0.7,14.));
#3760 = CARTESIAN_POINT('',(0.7,0.));
#3761 = ( GEOMETRIC_REPRESENTATION_CONTEXT(2) 
PARAMETRIC_REPRESENTATION_CONTEXT() REPRESENTATION_CONTEXT('2D SPACE',''
  ) );
#3762 = ORIENTED_EDGE('',*,*,#3763,.F.);
#3763 = EDGE_CURVE('',#3699,#3743,#3764,.T.);
#3764 = SURFACE_CURVE('',#3765,(#3769,#3775),.PCURVE_S1.);
#3765 = LINE('',#3766,#3767);
#3766 = CARTESIAN_POINT('',(12.2,7.,-20.5));
#3767 = VECTOR('',#3768,1.);
#3768 = DIRECTION('',(0.,0.,1.));
#3769 = PCURVE('',#1591,#3770);
#3770 = DEFINITIONAL_REPRESENTATION('',(#3771),#3774);
#3771 = B_SPLINE_CURVE_WITH_KNOTS('',1,(#3772,#3773),.UNSPECIFIED.,.F.,
  .F.,(2,2),(0.5,9.5),.PIECEWISE_BEZIER_KNOTS.);
#3772 = CARTESIAN_POINT('',(1.,-15.5));
#3773 = CARTESIAN_POINT('',(10.,-15.5));
#3774 = ( GEOMETRIC_REPRESENTATION_CONTEXT(2) 
PARAMETRIC_REPRESENTATION_CONTEXT() REPRESENTATION_CONTEXT('2D SPACE',''
  ) );
#3775 = PCURVE('',#3566,#3776);
#3776 = DEFINITIONAL_REPRESENTATION('',(#3777),#3780);
#3777 = B_SPLINE_CURVE_WITH_KNOTS('',1,(#3778,#3779),.UNSPECIFIED.,.F.,
  .F.,(2,2),(0.5,9.5),.PIECEWISE_BEZIER_KNOTS.);
#3778 = CARTESIAN_POINT('',(0.,0.7));
#3779 = CARTESIAN_POINT('',(9.,0.7));
#3780 = ( GEOMETRIC_REPRESENTATION_CONTEXT(2) 
PARAMETRIC_REPRESENTATION_CONTEXT() REPRESENTATION_CONTEXT('2D SPACE',''
  ) );
#3781 = ADVANCED_FACE('',(#3782),#1886,.F.);
#3782 = FACE_BOUND('',#3783,.F.);
#3783 = EDGE_LOOP('',(#3784,#3785,#3808,#3835));
#3784 = ORIENTED_EDGE('',*,*,#1869,.F.);
#3785 = ORIENTED_EDGE('',*,*,#3786,.F.);
#3786 = EDGE_CURVE('',#3787,#1870,#3789,.T.);
#3787 = VERTEX_POINT('',#3788);
#3788 = CARTESIAN_POINT('',(-31.15533905932,-35.35533905932,-23.2));
#3789 = SEAM_CURVE('',#3790,(#3794,#3801),.PCURVE_S1.);
#3790 = LINE('',#3791,#3792);
#3791 = CARTESIAN_POINT('',(-31.15533905932,-35.35533905932,-23.2));
#3792 = VECTOR('',#3793,1.);
#3793 = DIRECTION('',(0.,0.,1.));
#3794 = PCURVE('',#1886,#3795);
#3795 = DEFINITIONAL_REPRESENTATION('',(#3796),#3800);
#3796 = LINE('',#3797,#3798);
#3797 = CARTESIAN_POINT('',(6.28318530718,-0.));
#3798 = VECTOR('',#3799,1.);
#3799 = DIRECTION('',(0.,1.));
#3800 = ( GEOMETRIC_REPRESENTATION_CONTEXT(2) 
PARAMETRIC_REPRESENTATION_CONTEXT() REPRESENTATION_CONTEXT('2D SPACE',''
  ) );
#3801 = PCURVE('',#1886,#3802);
#3802 = DEFINITIONAL_REPRESENTATION('',(#3803),#3807);
#3803 = LINE('',#3804,#3805);
#3804 = CARTESIAN_POINT('',(0.,-0.));
#3805 = VECTOR('',#3806,1.);
#3806 = DIRECTION('',(0.,1.));
#3807 = ( GEOMETRIC_REPRESENTATION_CONTEXT(2) 
PARAMETRIC_REPRESENTATION_CONTEXT() REPRESENTATION_CONTEXT('2D SPACE',''
  ) );
#3808 = ORIENTED_EDGE('',*,*,#3809,.T.);
#3809 = EDGE_CURVE('',#3787,#3787,#3810,.T.);
#3810 = SURFACE_CURVE('',#3811,(#3816,#3823),.PCURVE_S1.);
#3811 = CIRCLE('',#3812,4.2);
#3812 = AXIS2_PLACEMENT_3D('',#3813,#3814,#3815);
#3813 = CARTESIAN_POINT('',(-35.35533905932,-35.35533905932,-23.2));
#3814 = DIRECTION('',(0.,0.,1.));
#3815 = DIRECTION('',(1.,0.,-0.));
#3816 = PCURVE('',#1886,#3817);
#3817 = DEFINITIONAL_REPRESENTATION('',(#3818),#3822);
#3818 = LINE('',#3819,#3820);
#3819 = CARTESIAN_POINT('',(0.,0.));
#3820 = VECTOR('',#3821,1.);
#3821 = DIRECTION('',(1.,0.));
#3822 = ( GEOMETRIC_REPRESENTATION_CONTEXT(2) 
PARAMETRIC_REPRESENTATION_CONTEXT() REPRESENTATION_CONTEXT('2D SPACE',''
  ) );
#3823 = PCURVE('',#3824,#3829);
#3824 = PLANE('',#3825);
#3825 = AXIS2_PLACEMENT_3D('',#3826,#3827,#3828);
#3826 = CARTESIAN_POINT('',(-35.35533905932,-35.35533905932,-23.2));
#3827 = DIRECTION('',(0.,0.,1.));
#3828 = DIRECTION('',(1.,0.,-0.));
#3829 = DEFINITIONAL_REPRESENTATION('',(#3830),#3834);
#3830 = CIRCLE('',#3831,4.2);
#3831 = AXIS2_PLACEMENT_2D('',#3832,#3833);
#3832 = CARTESIAN_POINT('',(0.,0.));
#3833 = DIRECTION('',(1.,0.));
#3834 = ( GEOMETRIC_REPRESENTATION_CONTEXT(2) 
PARAMETRIC_REPRESENTATION_CONTEXT() REPRESENTATION_CONTEXT('2D SPACE',''
  ) );
#3835 = ORIENTED_EDGE('',*,*,#3786,.T.);
#3836 = ADVANCED_FACE('',(#3837),#1917,.F.);
#3837 = FACE_BOUND('',#3838,.F.);
#3838 = EDGE_LOOP('',(#3839,#3840,#3863,#3890));
#3839 = ORIENTED_EDGE('',*,*,#1900,.F.);
#3840 = ORIENTED_EDGE('',*,*,#3841,.F.);
#3841 = EDGE_CURVE('',#3842,#1901,#3844,.T.);
#3842 = VERTEX_POINT('',#3843);
#3843 = CARTESIAN_POINT('',(39.555339059327,-35.35533905932,-23.2));
#3844 = SEAM_CURVE('',#3845,(#3849,#3856),.PCURVE_S1.);
#3845 = LINE('',#3846,#3847);
#3846 = CARTESIAN_POINT('',(39.555339059327,-35.35533905932,-23.2));
#3847 = VECTOR('',#3848,1.);
#3848 = DIRECTION('',(0.,0.,1.));
#3849 = PCURVE('',#1917,#3850);
#3850 = DEFINITIONAL_REPRESENTATION('',(#3851),#3855);
#3851 = LINE('',#3852,#3853);
#3852 = CARTESIAN_POINT('',(6.28318530718,-0.));
#3853 = VECTOR('',#3854,1.);
#3854 = DIRECTION('',(0.,1.));
#3855 = ( GEOMETRIC_REPRESENTATION_CONTEXT(2) 
PARAMETRIC_REPRESENTATION_CONTEXT() REPRESENTATION_CONTEXT('2D SPACE',''
  ) );
#3856 = PCURVE('',#1917,#3857);
#3857 = DEFINITIONAL_REPRESENTATION('',(#3858),#3862);
#3858 = LINE('',#3859,#3860);
#3859 = CARTESIAN_POINT('',(0.,-0.));
#3860 = VECTOR('',#3861,1.);
#3861 = DIRECTION('',(0.,1.));
#3862 = ( GEOMETRIC_REPRESENTATION_CONTEXT(2) 
PARAMETRIC_REPRESENTATION_CONTEXT() REPRESENTATION_CONTEXT('2D SPACE',''
  ) );
#3863 = ORIENTED_EDGE('',*,*,#3864,.T.);
#3864 = EDGE_CURVE('',#3842,#3842,#3865,.T.);
#3865 = SURFACE_CURVE('',#3866,(#3871,#3878),.PCURVE_S1.);
#3866 = CIRCLE('',#3867,4.2);
#3867 = AXIS2_PLACEMENT_3D('',#3868,#3869,#3870);
#3868 = CARTESIAN_POINT('',(35.355339059327,-35.35533905932,-23.2));
#3869 = DIRECTION('',(0.,0.,1.));
#3870 = DIRECTION('',(1.,0.,-0.));
#3871 = PCURVE('',#1917,#3872);
#3872 = DEFINITIONAL_REPRESENTATION('',(#3873),#3877);
#3873 = LINE('',#3874,#3875);
#3874 = CARTESIAN_POINT('',(0.,0.));
#3875 = VECTOR('',#3876,1.);
#3876 = DIRECTION('',(1.,0.));
#3877 = ( GEOMETRIC_REPRESENTATION_CONTEXT(2) 
PARAMETRIC_REPRESENTATION_CONTEXT() REPRESENTATION_CONTEXT('2D SPACE',''
  ) );
#3878 = PCURVE('',#3879,#3884);
#3879 = PLANE('',#3880);
#3880 = AXIS2_PLACEMENT_3D('',#3881,#3882,#3883);
#3881 = CARTESIAN_POINT('',(35.355339059327,-35.35533905932,-23.2));
#3882 = DIRECTION('',(0.,0.,1.));
#3883 = DIRECTION('',(1.,0.,-0.));
#3884 = DEFINITIONAL_REPRESENTATION('',(#3885),#3889);
#3885 = CIRCLE('',#3886,4.2);
#3886 = AXIS2_PLACEMENT_2D('',#3887,#3888);
#3887 = CARTESIAN_POINT('',(0.,0.));
#3888 = DIRECTION('',(1.,0.));
#3889 = ( GEOMETRIC_REPRESENTATION_CONTEXT(2) 
PARAMETRIC_REPRESENTATION_CONTEXT() REPRESENTATION_CONTEXT('2D SPACE',''
  ) );
#3890 = ORIENTED_EDGE('',*,*,#3841,.T.);
#3891 = ADVANCED_FACE('',(#3892),#1948,.F.);
#3892 = FACE_BOUND('',#3893,.F.);
#3893 = EDGE_LOOP('',(#3894,#3895,#3918,#3945));
#3894 = ORIENTED_EDGE('',*,*,#1931,.F.);
#3895 = ORIENTED_EDGE('',*,*,#3896,.F.);
#3896 = EDGE_CURVE('',#3897,#1932,#3899,.T.);
#3897 = VERTEX_POINT('',#3898);
#3898 = CARTESIAN_POINT('',(-31.15533905932,35.355339059327,-23.2));
#3899 = SEAM_CURVE('',#3900,(#3904,#3911),.PCURVE_S1.);
#3900 = LINE('',#3901,#3902);
#3901 = CARTESIAN_POINT('',(-31.15533905932,35.355339059327,-23.2));
#3902 = VECTOR('',#3903,1.);
#3903 = DIRECTION('',(0.,0.,1.));
#3904 = PCURVE('',#1948,#3905);
#3905 = DEFINITIONAL_REPRESENTATION('',(#3906),#3910);
#3906 = LINE('',#3907,#3908);
#3907 = CARTESIAN_POINT('',(6.28318530718,-0.));
#3908 = VECTOR('',#3909,1.);
#3909 = DIRECTION('',(0.,1.));
#3910 = ( GEOMETRIC_REPRESENTATION_CONTEXT(2) 
PARAMETRIC_REPRESENTATION_CONTEXT() REPRESENTATION_CONTEXT('2D SPACE',''
  ) );
#3911 = PCURVE('',#1948,#3912);
#3912 = DEFINITIONAL_REPRESENTATION('',(#3913),#3917);
#3913 = LINE('',#3914,#3915);
#3914 = CARTESIAN_POINT('',(0.,-0.));
#3915 = VECTOR('',#3916,1.);
#3916 = DIRECTION('',(0.,1.));
#3917 = ( GEOMETRIC_REPRESENTATION_CONTEXT(2) 
PARAMETRIC_REPRESENTATION_CONTEXT() REPRESENTATION_CONTEXT('2D SPACE',''
  ) );
#3918 = ORIENTED_EDGE('',*,*,#3919,.T.);
#3919 = EDGE_CURVE('',#3897,#3897,#3920,.T.);
#3920 = SURFACE_CURVE('',#3921,(#3926,#3933),.PCURVE_S1.);
#3921 = CIRCLE('',#3922,4.2);
#3922 = AXIS2_PLACEMENT_3D('',#3923,#3924,#3925);
#3923 = CARTESIAN_POINT('',(-35.35533905932,35.355339059327,-23.2));
#3924 = DIRECTION('',(0.,0.,1.));
#3925 = DIRECTION('',(1.,0.,-0.));
#3926 = PCURVE('',#1948,#3927);
#3927 = DEFINITIONAL_REPRESENTATION('',(#3928),#3932);
#3928 = LINE('',#3929,#3930);
#3929 = CARTESIAN_POINT('',(0.,0.));
#3930 = VECTOR('',#3931,1.);
#3931 = DIRECTION('',(1.,0.));
#3932 = ( GEOMETRIC_REPRESENTATION_CONTEXT(2) 
PARAMETRIC_REPRESENTATION_CONTEXT() REPRESENTATION_CONTEXT('2D SPACE',''
  ) );
#3933 = PCURVE('',#3934,#3939);
#3934 = PLANE('',#3935);
#3935 = AXIS2_PLACEMENT_3D('',#3936,#3937,#3938);
#3936 = CARTESIAN_POINT('',(-35.35533905932,35.355339059327,-23.2));
#3937 = DIRECTION('',(0.,0.,1.));
#3938 = DIRECTION('',(1.,0.,-0.));
#3939 = DEFINITIONAL_REPRESENTATION('',(#3940),#3944);
#3940 = CIRCLE('',#3941,4.2);
#3941 = AXIS2_PLACEMENT_2D('',#3942,#3943);
#3942 = CARTESIAN_POINT('',(0.,0.));
#3943 = DIRECTION('',(1.,0.));
#3944 = ( GEOMETRIC_REPRESENTATION_CONTEXT(2) 
PARAMETRIC_REPRESENTATION_CONTEXT() REPRESENTATION_CONTEXT('2D SPACE',''
  ) );
#3945 = ORIENTED_EDGE('',*,*,#3896,.T.);
#3946 = ADVANCED_FACE('',(#3947),#1979,.F.);
#3947 = FACE_BOUND('',#3948,.F.);
#3948 = EDGE_LOOP('',(#3949,#3950,#3973,#4000));
#3949 = ORIENTED_EDGE('',*,*,#1962,.F.);
#3950 = ORIENTED_EDGE('',*,*,#3951,.F.);
#3951 = EDGE_CURVE('',#3952,#1963,#3954,.T.);
#3952 = VERTEX_POINT('',#3953);
#3953 = CARTESIAN_POINT('',(39.555339059327,35.355339059327,-23.2));
#3954 = SEAM_CURVE('',#3955,(#3959,#3966),.PCURVE_S1.);
#3955 = LINE('',#3956,#3957);
#3956 = CARTESIAN_POINT('',(39.555339059327,35.355339059327,-23.2));
#3957 = VECTOR('',#3958,1.);
#3958 = DIRECTION('',(0.,0.,1.));
#3959 = PCURVE('',#1979,#3960);
#3960 = DEFINITIONAL_REPRESENTATION('',(#3961),#3965);
#3961 = LINE('',#3962,#3963);
#3962 = CARTESIAN_POINT('',(6.28318530718,-0.));
#3963 = VECTOR('',#3964,1.);
#3964 = DIRECTION('',(0.,1.));
#3965 = ( GEOMETRIC_REPRESENTATION_CONTEXT(2) 
PARAMETRIC_REPRESENTATION_CONTEXT() REPRESENTATION_CONTEXT('2D SPACE',''
  ) );
#3966 = PCURVE('',#1979,#3967);
#3967 = DEFINITIONAL_REPRESENTATION('',(#3968),#3972);
#3968 = LINE('',#3969,#3970);
#3969 = CARTESIAN_POINT('',(0.,-0.));
#3970 = VECTOR('',#3971,1.);
#3971 = DIRECTION('',(0.,1.));
#3972 = ( GEOMETRIC_REPRESENTATION_CONTEXT(2) 
PARAMETRIC_REPRESENTATION_CONTEXT() REPRESENTATION_CONTEXT('2D SPACE',''
  ) );
#3973 = ORIENTED_EDGE('',*,*,#3974,.T.);
#3974 = EDGE_CURVE('',#3952,#3952,#3975,.T.);
#3975 = SURFACE_CURVE('',#3976,(#3981,#3988),.PCURVE_S1.);
#3976 = CIRCLE('',#3977,4.2);
#3977 = AXIS2_PLACEMENT_3D('',#3978,#3979,#3980);
#3978 = CARTESIAN_POINT('',(35.355339059327,35.355339059327,-23.2));
#3979 = DIRECTION('',(0.,0.,1.));
#3980 = DIRECTION('',(1.,0.,-0.));
#3981 = PCURVE('',#1979,#3982);
#3982 = DEFINITIONAL_REPRESENTATION('',(#3983),#3987);
#3983 = LINE('',#3984,#3985);
#3984 = CARTESIAN_POINT('',(0.,0.));
#3985 = VECTOR('',#3986,1.);
#3986 = DIRECTION('',(1.,0.));
#3987 = ( GEOMETRIC_REPRESENTATION_CONTEXT(2) 
PARAMETRIC_REPRESENTATION_CONTEXT() REPRESENTATION_CONTEXT('2D SPACE',''
  ) );
#3988 = PCURVE('',#3989,#3994);
#3989 = PLANE('',#3990);
#3990 = AXIS2_PLACEMENT_3D('',#3991,#3992,#3993);
#3991 = CARTESIAN_POINT('',(35.355339059327,35.355339059327,-23.2));
#3992 = DIRECTION('',(0.,0.,1.));
#3993 = DIRECTION('',(1.,0.,-0.));
#3994 = DEFINITIONAL_REPRESENTATION('',(#3995),#3999);
#3995 = CIRCLE('',#3996,4.2);
#3996 = AXIS2_PLACEMENT_2D('',#3997,#3998);
#3997 = CARTESIAN_POINT('',(0.,0.));
#3998 = DIRECTION('',(1.,0.));
#3999 = ( GEOMETRIC_REPRESENTATION_CONTEXT(2) 
PARAMETRIC_REPRESENTATION_CONTEXT() REPRESENTATION_CONTEXT('2D SPACE',''
  ) );
#4000 = ORIENTED_EDGE('',*,*,#3951,.T.);
#4001 = ADVANCED_FACE('',(#4002),#2087,.F.);
#4002 = FACE_BOUND('',#4003,.F.);
#4003 = EDGE_LOOP('',(#4004,#4028,#4049,#4050));
#4004 = ORIENTED_EDGE('',*,*,#4005,.F.);
#4005 = EDGE_CURVE('',#4006,#4006,#4008,.T.);
#4006 = VERTEX_POINT('',#4007);
#4007 = CARTESIAN_POINT('',(-33.15533905932,-35.35533905932,-23.2));
#4008 = SURFACE_CURVE('',#4009,(#4014,#4021),.PCURVE_S1.);
#4009 = CIRCLE('',#4010,2.2);
#4010 = AXIS2_PLACEMENT_3D('',#4011,#4012,#4013);
#4011 = CARTESIAN_POINT('',(-35.35533905932,-35.35533905932,-23.2));
#4012 = DIRECTION('',(0.,0.,1.));
#4013 = DIRECTION('',(1.,0.,-0.));
#4014 = PCURVE('',#2087,#4015);
#4015 = DEFINITIONAL_REPRESENTATION('',(#4016),#4020);
#4016 = LINE('',#4017,#4018);
#4017 = CARTESIAN_POINT('',(0.,4.3));
#4018 = VECTOR('',#4019,1.);
#4019 = DIRECTION('',(1.,0.));
#4020 = ( GEOMETRIC_REPRESENTATION_CONTEXT(2) 
PARAMETRIC_REPRESENTATION_CONTEXT() REPRESENTATION_CONTEXT('2D SPACE',''
  ) );
#4021 = PCURVE('',#3824,#4022);
#4022 = DEFINITIONAL_REPRESENTATION('',(#4023),#4027);
#4023 = CIRCLE('',#4024,2.2);
#4024 = AXIS2_PLACEMENT_2D('',#4025,#4026);
#4025 = CARTESIAN_POINT('',(0.,0.));
#4026 = DIRECTION('',(1.,0.));
#4027 = ( GEOMETRIC_REPRESENTATION_CONTEXT(2) 
PARAMETRIC_REPRESENTATION_CONTEXT() REPRESENTATION_CONTEXT('2D SPACE',''
  ) );
#4028 = ORIENTED_EDGE('',*,*,#4029,.F.);
#4029 = EDGE_CURVE('',#2071,#4006,#4030,.T.);
#4030 = SEAM_CURVE('',#4031,(#4035,#4042),.PCURVE_S1.);
#4031 = LINE('',#4032,#4033);
#4032 = CARTESIAN_POINT('',(-33.15533905932,-35.35533905932,-27.5));
#4033 = VECTOR('',#4034,1.);
#4034 = DIRECTION('',(0.,0.,1.));
#4035 = PCURVE('',#2087,#4036);
#4036 = DEFINITIONAL_REPRESENTATION('',(#4037),#4041);
#4037 = LINE('',#4038,#4039);
#4038 = CARTESIAN_POINT('',(6.28318530718,-0.));
#4039 = VECTOR('',#4040,1.);
#4040 = DIRECTION('',(0.,1.));
#4041 = ( GEOMETRIC_REPRESENTATION_CONTEXT(2) 
PARAMETRIC_REPRESENTATION_CONTEXT() REPRESENTATION_CONTEXT('2D SPACE',''
  ) );
#4042 = PCURVE('',#2087,#4043);
#4043 = DEFINITIONAL_REPRESENTATION('',(#4044),#4048);
#4044 = LINE('',#4045,#4046);
#4045 = CARTESIAN_POINT('',(0.,-0.));
#4046 = VECTOR('',#4047,1.);
#4047 = DIRECTION('',(0.,1.));
#4048 = ( GEOMETRIC_REPRESENTATION_CONTEXT(2) 
PARAMETRIC_REPRESENTATION_CONTEXT() REPRESENTATION_CONTEXT('2D SPACE',''
  ) );
#4049 = ORIENTED_EDGE('',*,*,#2070,.T.);
#4050 = ORIENTED_EDGE('',*,*,#4029,.T.);
#4051 = ADVANCED_FACE('',(#4052),#2118,.F.);
#4052 = FACE_BOUND('',#4053,.F.);
#4053 = EDGE_LOOP('',(#4054,#4078,#4099,#4100));
#4054 = ORIENTED_EDGE('',*,*,#4055,.F.);
#4055 = EDGE_CURVE('',#4056,#4056,#4058,.T.);
#4056 = VERTEX_POINT('',#4057);
#4057 = CARTESIAN_POINT('',(37.555339059327,-35.35533905932,-23.2));
#4058 = SURFACE_CURVE('',#4059,(#4064,#4071),.PCURVE_S1.);
#4059 = CIRCLE('',#4060,2.2);
#4060 = AXIS2_PLACEMENT_3D('',#4061,#4062,#4063);
#4061 = CARTESIAN_POINT('',(35.355339059327,-35.35533905932,-23.2));
#4062 = DIRECTION('',(0.,0.,1.));
#4063 = DIRECTION('',(1.,0.,-0.));
#4064 = PCURVE('',#2118,#4065);
#4065 = DEFINITIONAL_REPRESENTATION('',(#4066),#4070);
#4066 = LINE('',#4067,#4068);
#4067 = CARTESIAN_POINT('',(0.,4.3));
#4068 = VECTOR('',#4069,1.);
#4069 = DIRECTION('',(1.,0.));
#4070 = ( GEOMETRIC_REPRESENTATION_CONTEXT(2) 
PARAMETRIC_REPRESENTATION_CONTEXT() REPRESENTATION_CONTEXT('2D SPACE',''
  ) );
#4071 = PCURVE('',#3879,#4072);
#4072 = DEFINITIONAL_REPRESENTATION('',(#4073),#4077);
#4073 = CIRCLE('',#4074,2.2);
#4074 = AXIS2_PLACEMENT_2D('',#4075,#4076);
#4075 = CARTESIAN_POINT('',(0.,0.));
#4076 = DIRECTION('',(1.,0.));
#4077 = ( GEOMETRIC_REPRESENTATION_CONTEXT(2) 
PARAMETRIC_REPRESENTATION_CONTEXT() REPRESENTATION_CONTEXT('2D SPACE',''
  ) );
#4078 = ORIENTED_EDGE('',*,*,#4079,.F.);
#4079 = EDGE_CURVE('',#2102,#4056,#4080,.T.);
#4080 = SEAM_CURVE('',#4081,(#4085,#4092),.PCURVE_S1.);
#4081 = LINE('',#4082,#4083);
#4082 = CARTESIAN_POINT('',(37.555339059327,-35.35533905932,-27.5));
#4083 = VECTOR('',#4084,1.);
#4084 = DIRECTION('',(0.,0.,1.));
#4085 = PCURVE('',#2118,#4086);
#4086 = DEFINITIONAL_REPRESENTATION('',(#4087),#4091);
#4087 = LINE('',#4088,#4089);
#4088 = CARTESIAN_POINT('',(6.28318530718,-0.));
#4089 = VECTOR('',#4090,1.);
#4090 = DIRECTION('',(0.,1.));
#4091 = ( GEOMETRIC_REPRESENTATION_CONTEXT(2) 
PARAMETRIC_REPRESENTATION_CONTEXT() REPRESENTATION_CONTEXT('2D SPACE',''
  ) );
#4092 = PCURVE('',#2118,#4093);
#4093 = DEFINITIONAL_REPRESENTATION('',(#4094),#4098);
#4094 = LINE('',#4095,#4096);
#4095 = CARTESIAN_POINT('',(0.,-0.));
#4096 = VECTOR('',#4097,1.);
#4097 = DIRECTION('',(0.,1.));
#4098 = ( GEOMETRIC_REPRESENTATION_CONTEXT(2) 
PARAMETRIC_REPRESENTATION_CONTEXT() REPRESENTATION_CONTEXT('2D SPACE',''
  ) );
#4099 = ORIENTED_EDGE('',*,*,#2101,.T.);
#4100 = ORIENTED_EDGE('',*,*,#4079,.T.);
#4101 = ADVANCED_FACE('',(#4102),#2213,.F.);
#4102 = FACE_BOUND('',#4103,.F.);
#4103 = EDGE_LOOP('',(#4104,#4128,#4149,#4150));
#4104 = ORIENTED_EDGE('',*,*,#4105,.F.);
#4105 = EDGE_CURVE('',#4106,#4106,#4108,.T.);
#4106 = VERTEX_POINT('',#4107);
#4107 = CARTESIAN_POINT('',(-33.15533905932,35.355339059327,-23.2));
#4108 = SURFACE_CURVE('',#4109,(#4114,#4121),.PCURVE_S1.);
#4109 = CIRCLE('',#4110,2.2);
#4110 = AXIS2_PLACEMENT_3D('',#4111,#4112,#4113);
#4111 = CARTESIAN_POINT('',(-35.35533905932,35.355339059327,-23.2));
#4112 = DIRECTION('',(0.,0.,1.));
#4113 = DIRECTION('',(1.,0.,-0.));
#4114 = PCURVE('',#2213,#4115);
#4115 = DEFINITIONAL_REPRESENTATION('',(#4116),#4120);
#4116 = LINE('',#4117,#4118);
#4117 = CARTESIAN_POINT('',(0.,4.3));
#4118 = VECTOR('',#4119,1.);
#4119 = DIRECTION('',(1.,0.));
#4120 = ( GEOMETRIC_REPRESENTATION_CONTEXT(2) 
PARAMETRIC_REPRESENTATION_CONTEXT() REPRESENTATION_CONTEXT('2D SPACE',''
  ) );
#4121 = PCURVE('',#3934,#4122);
#4122 = DEFINITIONAL_REPRESENTATION('',(#4123),#4127);
#4123 = CIRCLE('',#4124,2.2);
#4124 = AXIS2_PLACEMENT_2D('',#4125,#4126);
#4125 = CARTESIAN_POINT('',(0.,0.));
#4126 = DIRECTION('',(1.,0.));
#4127 = ( GEOMETRIC_REPRESENTATION_CONTEXT(2) 
PARAMETRIC_REPRESENTATION_CONTEXT() REPRESENTATION_CONTEXT('2D SPACE',''
  ) );
#4128 = ORIENTED_EDGE('',*,*,#4129,.F.);
#4129 = EDGE_CURVE('',#2197,#4106,#4130,.T.);
#4130 = SEAM_CURVE('',#4131,(#4135,#4142),.PCURVE_S1.);
#4131 = LINE('',#4132,#4133);
#4132 = CARTESIAN_POINT('',(-33.15533905932,35.355339059327,-27.5));
#4133 = VECTOR('',#4134,1.);
#4134 = DIRECTION('',(0.,0.,1.));
#4135 = PCURVE('',#2213,#4136);
#4136 = DEFINITIONAL_REPRESENTATION('',(#4137),#4141);
#4137 = LINE('',#4138,#4139);
#4138 = CARTESIAN_POINT('',(6.28318530718,-0.));
#4139 = VECTOR('',#4140,1.);
#4140 = DIRECTION('',(0.,1.));
#4141 = ( GEOMETRIC_REPRESENTATION_CONTEXT(2) 
PARAMETRIC_REPRESENTATION_CONTEXT() REPRESENTATION_CONTEXT('2D SPACE',''
  ) );
#4142 = PCURVE('',#2213,#4143);
#4143 = DEFINITIONAL_REPRESENTATION('',(#4144),#4148);
#4144 = LINE('',#4145,#4146);
#4145 = CARTESIAN_POINT('',(0.,-0.));
#4146 = VECTOR('',#4147,1.);
#4147 = DIRECTION('',(0.,1.));
#4148 = ( GEOMETRIC_REPRESENTATION_CONTEXT(2) 
PARAMETRIC_REPRESENTATION_CONTEXT() REPRESENTATION_CONTEXT('2D SPACE',''
  ) );
#4149 = ORIENTED_EDGE('',*,*,#2196,.T.);
#4150 = ORIENTED_EDGE('',*,*,#4129,.T.);
#4151 = ADVANCED_FACE('',(#4152),#2308,.F.);
#4152 = FACE_BOUND('',#4153,.F.);
#4153 = EDGE_LOOP('',(#4154,#4178,#4199,#4200));
#4154 = ORIENTED_EDGE('',*,*,#4155,.F.);
#4155 = EDGE_CURVE('',#4156,#4156,#4158,.T.);
#4156 = VERTEX_POINT('',#4157);
#4157 = CARTESIAN_POINT('',(37.555339059327,35.355339059327,-23.2));
#4158 = SURFACE_CURVE('',#4159,(#4164,#4171),.PCURVE_S1.);
#4159 = CIRCLE('',#4160,2.2);
#4160 = AXIS2_PLACEMENT_3D('',#4161,#4162,#4163);
#4161 = CARTESIAN_POINT('',(35.355339059327,35.355339059327,-23.2));
#4162 = DIRECTION('',(0.,0.,1.));
#4163 = DIRECTION('',(1.,0.,-0.));
#4164 = PCURVE('',#2308,#4165);
#4165 = DEFINITIONAL_REPRESENTATION('',(#4166),#4170);
#4166 = LINE('',#4167,#4168);
#4167 = CARTESIAN_POINT('',(0.,4.3));
#4168 = VECTOR('',#4169,1.);
#4169 = DIRECTION('',(1.,0.));
#4170 = ( GEOMETRIC_REPRESENTATION_CONTEXT(2) 
PARAMETRIC_REPRESENTATION_CONTEXT() REPRESENTATION_CONTEXT('2D SPACE',''
  ) );
#4171 = PCURVE('',#3989,#4172);
#4172 = DEFINITIONAL_REPRESENTATION('',(#4173),#4177);
#4173 = CIRCLE('',#4174,2.2);
#4174 = AXIS2_PLACEMENT_2D('',#4175,#4176);
#4175 = CARTESIAN_POINT('',(0.,0.));
#4176 = DIRECTION('',(1.,0.));
#4177 = ( GEOMETRIC_REPRESENTATION_CONTEXT(2) 
PARAMETRIC_REPRESENTATION_CONTEXT() REPRESENTATION_CONTEXT('2D SPACE',''
  ) );
#4178 = ORIENTED_EDGE('',*,*,#4179,.F.);
#4179 = EDGE_CURVE('',#2292,#4156,#4180,.T.);
#4180 = SEAM_CURVE('',#4181,(#4185,#4192),.PCURVE_S1.);
#4181 = LINE('',#4182,#4183);
#4182 = CARTESIAN_POINT('',(37.555339059327,35.355339059327,-27.5));
#4183 = VECTOR('',#4184,1.);
#4184 = DIRECTION('',(0.,0.,1.));
#4185 = PCURVE('',#2308,#4186);
#4186 = DEFINITIONAL_REPRESENTATION('',(#4187),#4191);
#4187 = LINE('',#4188,#4189);
#4188 = CARTESIAN_POINT('',(6.28318530718,-0.));
#4189 = VECTOR('',#4190,1.);
#4190 = DIRECTION('',(0.,1.));
#4191 = ( GEOMETRIC_REPRESENTATION_CONTEXT(2) 
PARAMETRIC_REPRESENTATION_CONTEXT() REPRESENTATION_CONTEXT('2D SPACE',''
  ) );
#4192 = PCURVE('',#2308,#4193);
#4193 = DEFINITIONAL_REPRESENTATION('',(#4194),#4198);
#4194 = LINE('',#4195,#4196);
#4195 = CARTESIAN_POINT('',(0.,-0.));
#4196 = VECTOR('',#4197,1.);
#4197 = DIRECTION('',(0.,1.));
#4198 = ( GEOMETRIC_REPRESENTATION_CONTEXT(2) 
PARAMETRIC_REPRESENTATION_CONTEXT() REPRESENTATION_CONTEXT('2D SPACE',''
  ) );
#4199 = ORIENTED_EDGE('',*,*,#2291,.T.);
#4200 = ORIENTED_EDGE('',*,*,#4179,.T.);
#4201 = ADVANCED_FACE('',(#4202,#4316),#2437,.F.);
#4202 = FACE_BOUND('',#4203,.F.);
#4203 = EDGE_LOOP('',(#4204,#4234,#4262,#4290));
#4204 = ORIENTED_EDGE('',*,*,#4205,.F.);
#4205 = EDGE_CURVE('',#4206,#4208,#4210,.T.);
#4206 = VERTEX_POINT('',#4207);
#4207 = CARTESIAN_POINT('',(-19.,-10.5,-10.6));
#4208 = VERTEX_POINT('',#4209);
#4209 = CARTESIAN_POINT('',(-19.,10.5,-10.6));
#4210 = SURFACE_CURVE('',#4211,(#4215,#4222),.PCURVE_S1.);
#4211 = LINE('',#4212,#4213);
#4212 = CARTESIAN_POINT('',(-19.,-10.5,-10.6));
#4213 = VECTOR('',#4214,1.);
#4214 = DIRECTION('',(0.,1.,0.));
#4215 = PCURVE('',#2437,#4216);
#4216 = DEFINITIONAL_REPRESENTATION('',(#4217),#4221);
#4217 = LINE('',#4218,#4219);
#4218 = CARTESIAN_POINT('',(0.,0.));
#4219 = VECTOR('',#4220,1.);
#4220 = DIRECTION('',(0.,1.));
#4221 = ( GEOMETRIC_REPRESENTATION_CONTEXT(2) 
PARAMETRIC_REPRESENTATION_CONTEXT() REPRESENTATION_CONTEXT('2D SPACE',''
  ) );
#4222 = PCURVE('',#4223,#4228);
#4223 = PLANE('',#4224);
#4224 = AXIS2_PLACEMENT_3D('',#4225,#4226,#4227);
#4225 = CARTESIAN_POINT('',(-19.,-10.5,-10.6));
#4226 = DIRECTION('',(1.,0.,0.));
#4227 = DIRECTION('',(0.,0.,1.));
#4228 = DEFINITIONAL_REPRESENTATION('',(#4229),#4233);
#4229 = LINE('',#4230,#4231);
#4230 = CARTESIAN_POINT('',(0.,0.));
#4231 = VECTOR('',#4232,1.);
#4232 = DIRECTION('',(0.,-1.));
#4233 = ( GEOMETRIC_REPRESENTATION_CONTEXT(2) 
PARAMETRIC_REPRESENTATION_CONTEXT() REPRESENTATION_CONTEXT('2D SPACE',''
  ) );
#4234 = ORIENTED_EDGE('',*,*,#4235,.T.);
#4235 = EDGE_CURVE('',#4206,#4236,#4238,.T.);
#4236 = VERTEX_POINT('',#4237);
#4237 = CARTESIAN_POINT('',(-11.8,-10.5,-10.6));
#4238 = SURFACE_CURVE('',#4239,(#4243,#4250),.PCURVE_S1.);
#4239 = LINE('',#4240,#4241);
#4240 = CARTESIAN_POINT('',(-19.,-10.5,-10.6));
#4241 = VECTOR('',#4242,1.);
#4242 = DIRECTION('',(1.,0.,0.));
#4243 = PCURVE('',#2437,#4244);
#4244 = DEFINITIONAL_REPRESENTATION('',(#4245),#4249);
#4245 = LINE('',#4246,#4247);
#4246 = CARTESIAN_POINT('',(0.,0.));
#4247 = VECTOR('',#4248,1.);
#4248 = DIRECTION('',(1.,0.));
#4249 = ( GEOMETRIC_REPRESENTATION_CONTEXT(2) 
PARAMETRIC_REPRESENTATION_CONTEXT() REPRESENTATION_CONTEXT('2D SPACE',''
  ) );
#4250 = PCURVE('',#4251,#4256);
#4251 = PLANE('',#4252);
#4252 = AXIS2_PLACEMENT_3D('',#4253,#4254,#4255);
#4253 = CARTESIAN_POINT('',(-19.,-10.5,-10.6));
#4254 = DIRECTION('',(0.,1.,0.));
#4255 = DIRECTION('',(0.,0.,1.));
#4256 = DEFINITIONAL_REPRESENTATION('',(#4257),#4261);
#4257 = LINE('',#4258,#4259);
#4258 = CARTESIAN_POINT('',(0.,0.));
#4259 = VECTOR('',#4260,1.);
#4260 = DIRECTION('',(0.,1.));
#4261 = ( GEOMETRIC_REPRESENTATION_CONTEXT(2) 
PARAMETRIC_REPRESENTATION_CONTEXT() REPRESENTATION_CONTEXT('2D SPACE',''
  ) );
#4262 = ORIENTED_EDGE('',*,*,#4263,.T.);
#4263 = EDGE_CURVE('',#4236,#4264,#4266,.T.);
#4264 = VERTEX_POINT('',#4265);
#4265 = CARTESIAN_POINT('',(-11.8,10.5,-10.6));
#4266 = SURFACE_CURVE('',#4267,(#4271,#4278),.PCURVE_S1.);
#4267 = LINE('',#4268,#4269);
#4268 = CARTESIAN_POINT('',(-11.8,-10.5,-10.6));
#4269 = VECTOR('',#4270,1.);
#4270 = DIRECTION('',(0.,1.,0.));
#4271 = PCURVE('',#2437,#4272);
#4272 = DEFINITIONAL_REPRESENTATION('',(#4273),#4277);
#4273 = LINE('',#4274,#4275);
#4274 = CARTESIAN_POINT('',(7.2,0.));
#4275 = VECTOR('',#4276,1.);
#4276 = DIRECTION('',(0.,1.));
#4277 = ( GEOMETRIC_REPRESENTATION_CONTEXT(2) 
PARAMETRIC_REPRESENTATION_CONTEXT() REPRESENTATION_CONTEXT('2D SPACE',''
  ) );
#4278 = PCURVE('',#4279,#4284);
#4279 = PLANE('',#4280);
#4280 = AXIS2_PLACEMENT_3D('',#4281,#4282,#4283);
#4281 = CARTESIAN_POINT('',(-11.8,-10.5,-10.6));
#4282 = DIRECTION('',(1.,0.,0.));
#4283 = DIRECTION('',(0.,0.,1.));
#4284 = DEFINITIONAL_REPRESENTATION('',(#4285),#4289);
#4285 = LINE('',#4286,#4287);
#4286 = CARTESIAN_POINT('',(0.,0.));
#4287 = VECTOR('',#4288,1.);
#4288 = DIRECTION('',(0.,-1.));
#4289 = ( GEOMETRIC_REPRESENTATION_CONTEXT(2) 
PARAMETRIC_REPRESENTATION_CONTEXT() REPRESENTATION_CONTEXT('2D SPACE',''
  ) );
#4290 = ORIENTED_EDGE('',*,*,#4291,.F.);
#4291 = EDGE_CURVE('',#4208,#4264,#4292,.T.);
#4292 = SURFACE_CURVE('',#4293,(#4297,#4304),.PCURVE_S1.);
#4293 = LINE('',#4294,#4295);
#4294 = CARTESIAN_POINT('',(-19.,10.5,-10.6));
#4295 = VECTOR('',#4296,1.);
#4296 = DIRECTION('',(1.,0.,0.));
#4297 = PCURVE('',#2437,#4298);
#4298 = DEFINITIONAL_REPRESENTATION('',(#4299),#4303);
#4299 = LINE('',#4300,#4301);
#4300 = CARTESIAN_POINT('',(0.,21.));
#4301 = VECTOR('',#4302,1.);
#4302 = DIRECTION('',(1.,0.));
#4303 = ( GEOMETRIC_REPRESENTATION_CONTEXT(2) 
PARAMETRIC_REPRESENTATION_CONTEXT() REPRESENTATION_CONTEXT('2D SPACE',''
  ) );
#4304 = PCURVE('',#4305,#4310);
#4305 = PLANE('',#4306);
#4306 = AXIS2_PLACEMENT_3D('',#4307,#4308,#4309);
#4307 = CARTESIAN_POINT('',(-19.,10.5,-10.6));
#4308 = DIRECTION('',(0.,1.,0.));
#4309 = DIRECTION('',(0.,0.,1.));
#4310 = DEFINITIONAL_REPRESENTATION('',(#4311),#4315);
#4311 = LINE('',#4312,#4313);
#4312 = CARTESIAN_POINT('',(0.,0.));
#4313 = VECTOR('',#4314,1.);
#4314 = DIRECTION('',(0.,1.));
#4315 = ( GEOMETRIC_REPRESENTATION_CONTEXT(2) 
PARAMETRIC_REPRESENTATION_CONTEXT() REPRESENTATION_CONTEXT('2D SPACE',''
  ) );
#4316 = FACE_BOUND('',#4317,.F.);
#4317 = EDGE_LOOP('',(#4318,#4319,#4320,#4321));
#4318 = ORIENTED_EDGE('',*,*,#2721,.F.);
#4319 = ORIENTED_EDGE('',*,*,#2582,.T.);
#4320 = ORIENTED_EDGE('',*,*,#2424,.T.);
#4321 = ORIENTED_EDGE('',*,*,#2629,.F.);
#4322 = ADVANCED_FACE('',(#4323),#2467,.T.);
#4323 = FACE_BOUND('',#4324,.T.);
#4324 = EDGE_LOOP('',(#4325,#4346,#4347,#4368));
#4325 = ORIENTED_EDGE('',*,*,#4326,.F.);
#4326 = EDGE_CURVE('',#2743,#2451,#4327,.T.);
#4327 = SURFACE_CURVE('',#4328,(#4332,#4339),.PCURVE_S1.);
#4328 = LINE('',#4329,#4330);
#4329 = CARTESIAN_POINT('',(-19.5,7.,-20.));
#4330 = VECTOR('',#4331,1.);
#4331 = DIRECTION('',(1.,0.,0.));
#4332 = PCURVE('',#2467,#4333);
#4333 = DEFINITIONAL_REPRESENTATION('',(#4334),#4338);
#4334 = LINE('',#4335,#4336);
#4335 = CARTESIAN_POINT('',(0.,14.));
#4336 = VECTOR('',#4337,1.);
#4337 = DIRECTION('',(1.,0.));
#4338 = ( GEOMETRIC_REPRESENTATION_CONTEXT(2) 
PARAMETRIC_REPRESENTATION_CONTEXT() REPRESENTATION_CONTEXT('2D SPACE',''
  ) );
#4339 = PCURVE('',#2543,#4340);
#4340 = DEFINITIONAL_REPRESENTATION('',(#4341),#4345);
#4341 = LINE('',#4342,#4343);
#4342 = CARTESIAN_POINT('',(0.,0.));
#4343 = VECTOR('',#4344,1.);
#4344 = DIRECTION('',(0.,1.));
#4345 = ( GEOMETRIC_REPRESENTATION_CONTEXT(2) 
PARAMETRIC_REPRESENTATION_CONTEXT() REPRESENTATION_CONTEXT('2D SPACE',''
  ) );
#4346 = ORIENTED_EDGE('',*,*,#2742,.T.);
#4347 = ORIENTED_EDGE('',*,*,#4348,.T.);
#4348 = EDGE_CURVE('',#2745,#2453,#4349,.T.);
#4349 = SURFACE_CURVE('',#4350,(#4354,#4361),.PCURVE_S1.);
#4350 = LINE('',#4351,#4352);
#4351 = CARTESIAN_POINT('',(-19.5,-7.,-20.));
#4352 = VECTOR('',#4353,1.);
#4353 = DIRECTION('',(1.,0.,0.));
#4354 = PCURVE('',#2467,#4355);
#4355 = DEFINITIONAL_REPRESENTATION('',(#4356),#4360);
#4356 = LINE('',#4357,#4358);
#4357 = CARTESIAN_POINT('',(0.,0.));
#4358 = VECTOR('',#4359,1.);
#4359 = DIRECTION('',(1.,0.));
#4360 = ( GEOMETRIC_REPRESENTATION_CONTEXT(2) 
PARAMETRIC_REPRESENTATION_CONTEXT() REPRESENTATION_CONTEXT('2D SPACE',''
  ) );
#4361 = PCURVE('',#2493,#4362);
#4362 = DEFINITIONAL_REPRESENTATION('',(#4363),#4367);
#4363 = LINE('',#4364,#4365);
#4364 = CARTESIAN_POINT('',(0.,0.));
#4365 = VECTOR('',#4366,1.);
#4366 = DIRECTION('',(0.,1.));
#4367 = ( GEOMETRIC_REPRESENTATION_CONTEXT(2) 
PARAMETRIC_REPRESENTATION_CONTEXT() REPRESENTATION_CONTEXT('2D SPACE',''
  ) );
#4368 = ORIENTED_EDGE('',*,*,#2450,.F.);
#4369 = ADVANCED_FACE('',(#4370),#2543,.F.);
#4370 = FACE_BOUND('',#4371,.F.);
#4371 = EDGE_LOOP('',(#4372,#4373,#4374,#4395));
#4372 = ORIENTED_EDGE('',*,*,#4326,.F.);
#4373 = ORIENTED_EDGE('',*,*,#2807,.T.);
#4374 = ORIENTED_EDGE('',*,*,#4375,.T.);
#4375 = EDGE_CURVE('',#2787,#2505,#4376,.T.);
#4376 = SURFACE_CURVE('',#4377,(#4381,#4388),.PCURVE_S1.);
#4377 = LINE('',#4378,#4379);
#4378 = CARTESIAN_POINT('',(-19.5,7.,-11.));
#4379 = VECTOR('',#4380,1.);
#4380 = DIRECTION('',(1.,0.,0.));
#4381 = PCURVE('',#2543,#4382);
#4382 = DEFINITIONAL_REPRESENTATION('',(#4383),#4387);
#4383 = LINE('',#4384,#4385);
#4384 = CARTESIAN_POINT('',(9.,0.));
#4385 = VECTOR('',#4386,1.);
#4386 = DIRECTION('',(0.,1.));
#4387 = ( GEOMETRIC_REPRESENTATION_CONTEXT(2) 
PARAMETRIC_REPRESENTATION_CONTEXT() REPRESENTATION_CONTEXT('2D SPACE',''
  ) );
#4388 = PCURVE('',#2519,#4389);
#4389 = DEFINITIONAL_REPRESENTATION('',(#4390),#4394);
#4390 = LINE('',#4391,#4392);
#4391 = CARTESIAN_POINT('',(0.,14.));
#4392 = VECTOR('',#4393,1.);
#4393 = DIRECTION('',(1.,0.));
#4394 = ( GEOMETRIC_REPRESENTATION_CONTEXT(2) 
PARAMETRIC_REPRESENTATION_CONTEXT() REPRESENTATION_CONTEXT('2D SPACE',''
  ) );
#4395 = ORIENTED_EDGE('',*,*,#2530,.F.);
#4396 = ADVANCED_FACE('',(#4397,#4423),#2519,.F.);
#4397 = FACE_BOUND('',#4398,.F.);
#4398 = EDGE_LOOP('',(#4399,#4400,#4401,#4422));
#4399 = ORIENTED_EDGE('',*,*,#4375,.F.);
#4400 = ORIENTED_EDGE('',*,*,#2786,.T.);
#4401 = ORIENTED_EDGE('',*,*,#4402,.T.);
#4402 = EDGE_CURVE('',#2766,#2479,#4403,.T.);
#4403 = SURFACE_CURVE('',#4404,(#4408,#4415),.PCURVE_S1.);
#4404 = LINE('',#4405,#4406);
#4405 = CARTESIAN_POINT('',(-19.5,-7.,-11.));
#4406 = VECTOR('',#4407,1.);
#4407 = DIRECTION('',(1.,0.,0.));
#4408 = PCURVE('',#2519,#4409);
#4409 = DEFINITIONAL_REPRESENTATION('',(#4410),#4414);
#4410 = LINE('',#4411,#4412);
#4411 = CARTESIAN_POINT('',(0.,0.));
#4412 = VECTOR('',#4413,1.);
#4413 = DIRECTION('',(1.,0.));
#4414 = ( GEOMETRIC_REPRESENTATION_CONTEXT(2) 
PARAMETRIC_REPRESENTATION_CONTEXT() REPRESENTATION_CONTEXT('2D SPACE',''
  ) );
#4415 = PCURVE('',#2493,#4416);
#4416 = DEFINITIONAL_REPRESENTATION('',(#4417),#4421);
#4417 = LINE('',#4418,#4419);
#4418 = CARTESIAN_POINT('',(9.,0.));
#4419 = VECTOR('',#4420,1.);
#4420 = DIRECTION('',(0.,1.));
#4421 = ( GEOMETRIC_REPRESENTATION_CONTEXT(2) 
PARAMETRIC_REPRESENTATION_CONTEXT() REPRESENTATION_CONTEXT('2D SPACE',''
  ) );
#4422 = ORIENTED_EDGE('',*,*,#2504,.F.);
#4423 = FACE_BOUND('',#4424,.F.);
#4424 = EDGE_LOOP('',(#4425));
#4425 = ORIENTED_EDGE('',*,*,#4426,.F.);
#4426 = EDGE_CURVE('',#4427,#4427,#4429,.T.);
#4427 = VERTEX_POINT('',#4428);
#4428 = CARTESIAN_POINT('',(-12.8,-2.32682891838E-16,-11.));
#4429 = SURFACE_CURVE('',#4430,(#4435,#4442),.PCURVE_S1.);
#4430 = CIRCLE('',#4431,0.95);
#4431 = AXIS2_PLACEMENT_3D('',#4432,#4433,#4434);
#4432 = CARTESIAN_POINT('',(-13.75,0.,-11.));
#4433 = DIRECTION('',(0.,0.,1.));
#4434 = DIRECTION('',(1.,0.,-0.));
#4435 = PCURVE('',#2519,#4436);
#4436 = DEFINITIONAL_REPRESENTATION('',(#4437),#4441);
#4437 = CIRCLE('',#4438,0.95);
#4438 = AXIS2_PLACEMENT_2D('',#4439,#4440);
#4439 = CARTESIAN_POINT('',(5.75,7.));
#4440 = DIRECTION('',(1.,0.));
#4441 = ( GEOMETRIC_REPRESENTATION_CONTEXT(2) 
PARAMETRIC_REPRESENTATION_CONTEXT() REPRESENTATION_CONTEXT('2D SPACE',''
  ) );
#4442 = PCURVE('',#4443,#4448);
#4443 = CYLINDRICAL_SURFACE('',#4444,0.95);
#4444 = AXIS2_PLACEMENT_3D('',#4445,#4446,#4447);
#4445 = CARTESIAN_POINT('',(-13.75,0.,-15.));
#4446 = DIRECTION('',(0.,0.,1.));
#4447 = DIRECTION('',(1.,0.,-0.));
#4448 = DEFINITIONAL_REPRESENTATION('',(#4449),#4453);
#4449 = LINE('',#4450,#4451);
#4450 = CARTESIAN_POINT('',(0.,4.));
#4451 = VECTOR('',#4452,1.);
#4452 = DIRECTION('',(1.,0.));
#4453 = ( GEOMETRIC_REPRESENTATION_CONTEXT(2) 
PARAMETRIC_REPRESENTATION_CONTEXT() REPRESENTATION_CONTEXT('2D SPACE',''
  ) );
#4454 = ADVANCED_FACE('',(#4455),#2493,.T.);
#4455 = FACE_BOUND('',#4456,.T.);
#4456 = EDGE_LOOP('',(#4457,#4458,#4459,#4460));
#4457 = ORIENTED_EDGE('',*,*,#4348,.F.);
#4458 = ORIENTED_EDGE('',*,*,#2765,.T.);
#4459 = ORIENTED_EDGE('',*,*,#4402,.T.);
#4460 = ORIENTED_EDGE('',*,*,#2478,.F.);
#4461 = ADVANCED_FACE('',(#4462),#2689,.F.);
#4462 = FACE_BOUND('',#4463,.F.);
#4463 = EDGE_LOOP('',(#4464,#4465,#4466,#4467));
#4464 = ORIENTED_EDGE('',*,*,#2880,.F.);
#4465 = ORIENTED_EDGE('',*,*,#2674,.T.);
#4466 = ORIENTED_EDGE('',*,*,#2978,.T.);
#4467 = ORIENTED_EDGE('',*,*,#4468,.T.);
#4468 = EDGE_CURVE('',#2979,#2881,#4469,.T.);
#4469 = SURFACE_CURVE('',#4470,(#4474,#4481),.PCURVE_S1.);
#4470 = LINE('',#4471,#4472);
#4471 = CARTESIAN_POINT('',(-18.,-7.,-20.5));
#4472 = VECTOR('',#4473,1.);
#4473 = DIRECTION('',(0.,1.,0.));
#4474 = PCURVE('',#2689,#4475);
#4475 = DEFINITIONAL_REPRESENTATION('',(#4476),#4480);
#4476 = LINE('',#4477,#4478);
#4477 = CARTESIAN_POINT('',(53.,0.));
#4478 = VECTOR('',#4479,1.);
#4479 = DIRECTION('',(0.,1.));
#4480 = ( GEOMETRIC_REPRESENTATION_CONTEXT(2) 
PARAMETRIC_REPRESENTATION_CONTEXT() REPRESENTATION_CONTEXT('2D SPACE',''
  ) );
#4481 = PCURVE('',#2917,#4482);
#4482 = DEFINITIONAL_REPRESENTATION('',(#4483),#4487);
#4483 = LINE('',#4484,#4485);
#4484 = CARTESIAN_POINT('',(4.5,0.));
#4485 = VECTOR('',#4486,1.);
#4486 = DIRECTION('',(0.,-1.));
#4487 = ( GEOMETRIC_REPRESENTATION_CONTEXT(2) 
PARAMETRIC_REPRESENTATION_CONTEXT() REPRESENTATION_CONTEXT('2D SPACE',''
  ) );
#4488 = ADVANCED_FACE('',(#4489),#2847,.T.);
#4489 = FACE_BOUND('',#4490,.T.);
#4490 = EDGE_LOOP('',(#4491,#4492,#4493,#4494));
#4491 = ORIENTED_EDGE('',*,*,#2829,.F.);
#4492 = ORIENTED_EDGE('',*,*,#3070,.F.);
#4493 = ORIENTED_EDGE('',*,*,#2932,.T.);
#4494 = ORIENTED_EDGE('',*,*,#4495,.T.);
#4495 = EDGE_CURVE('',#2935,#2832,#4496,.T.);
#4496 = SURFACE_CURVE('',#4497,(#4501,#4508),.PCURVE_S1.);
#4497 = LINE('',#4498,#4499);
#4498 = CARTESIAN_POINT('',(-18.,-7.,-25.));
#4499 = VECTOR('',#4500,1.);
#4500 = DIRECTION('',(0.,1.,0.));
#4501 = PCURVE('',#2847,#4502);
#4502 = DEFINITIONAL_REPRESENTATION('',(#4503),#4507);
#4503 = LINE('',#4504,#4505);
#4504 = CARTESIAN_POINT('',(53.,0.));
#4505 = VECTOR('',#4506,1.);
#4506 = DIRECTION('',(0.,1.));
#4507 = ( GEOMETRIC_REPRESENTATION_CONTEXT(2) 
PARAMETRIC_REPRESENTATION_CONTEXT() REPRESENTATION_CONTEXT('2D SPACE',''
  ) );
#4508 = PCURVE('',#2917,#4509);
#4509 = DEFINITIONAL_REPRESENTATION('',(#4510),#4514);
#4510 = LINE('',#4511,#4512);
#4511 = CARTESIAN_POINT('',(0.,0.));
#4512 = VECTOR('',#4513,1.);
#4513 = DIRECTION('',(0.,-1.));
#4514 = ( GEOMETRIC_REPRESENTATION_CONTEXT(2) 
PARAMETRIC_REPRESENTATION_CONTEXT() REPRESENTATION_CONTEXT('2D SPACE',''
  ) );
#4515 = ADVANCED_FACE('',(#4516),#2917,.F.);
#4516 = FACE_BOUND('',#4517,.F.);
#4517 = EDGE_LOOP('',(#4518,#4519,#4520,#4521));
#4518 = ORIENTED_EDGE('',*,*,#3001,.F.);
#4519 = ORIENTED_EDGE('',*,*,#4495,.T.);
#4520 = ORIENTED_EDGE('',*,*,#2903,.T.);
#4521 = ORIENTED_EDGE('',*,*,#4468,.F.);
#4522 = ADVANCED_FACE('',(#4523),#3148,.T.);
#4523 = FACE_BOUND('',#4524,.T.);
#4524 = EDGE_LOOP('',(#4525,#4526,#4547,#4548));
#4525 = ORIENTED_EDGE('',*,*,#3182,.F.);
#4526 = ORIENTED_EDGE('',*,*,#4527,.F.);
#4527 = EDGE_CURVE('',#3286,#3183,#4528,.T.);
#4528 = SURFACE_CURVE('',#4529,(#4533,#4540),.PCURVE_S1.);
#4529 = LINE('',#4530,#4531);
#4530 = CARTESIAN_POINT('',(18.,-7.,-25.));
#4531 = VECTOR('',#4532,1.);
#4532 = DIRECTION('',(0.,1.,0.));
#4533 = PCURVE('',#3148,#4534);
#4534 = DEFINITIONAL_REPRESENTATION('',(#4535),#4539);
#4535 = LINE('',#4536,#4537);
#4536 = CARTESIAN_POINT('',(0.,0.));
#4537 = VECTOR('',#4538,1.);
#4538 = DIRECTION('',(0.,1.));
#4539 = ( GEOMETRIC_REPRESENTATION_CONTEXT(2) 
PARAMETRIC_REPRESENTATION_CONTEXT() REPRESENTATION_CONTEXT('2D SPACE',''
  ) );
#4540 = PCURVE('',#3221,#4541);
#4541 = DEFINITIONAL_REPRESENTATION('',(#4542),#4546);
#4542 = LINE('',#4543,#4544);
#4543 = CARTESIAN_POINT('',(0.,0.));
#4544 = VECTOR('',#4545,1.);
#4545 = DIRECTION('',(0.,-1.));
#4546 = ( GEOMETRIC_REPRESENTATION_CONTEXT(2) 
PARAMETRIC_REPRESENTATION_CONTEXT() REPRESENTATION_CONTEXT('2D SPACE',''
  ) );
#4547 = ORIENTED_EDGE('',*,*,#3285,.T.);
#4548 = ORIENTED_EDGE('',*,*,#3133,.T.);
#4549 = ADVANCED_FACE('',(#4550),#3249,.F.);
#4550 = FACE_BOUND('',#4551,.F.);
#4551 = EDGE_LOOP('',(#4552,#4553,#4574,#4575));
#4552 = ORIENTED_EDGE('',*,*,#3233,.F.);
#4553 = ORIENTED_EDGE('',*,*,#4554,.F.);
#4554 = EDGE_CURVE('',#3309,#3206,#4555,.T.);
#4555 = SURFACE_CURVE('',#4556,(#4560,#4567),.PCURVE_S1.);
#4556 = LINE('',#4557,#4558);
#4557 = CARTESIAN_POINT('',(18.,-7.,-20.5));
#4558 = VECTOR('',#4559,1.);
#4559 = DIRECTION('',(0.,1.,0.));
#4560 = PCURVE('',#3249,#4561);
#4561 = DEFINITIONAL_REPRESENTATION('',(#4562),#4566);
#4562 = LINE('',#4563,#4564);
#4563 = CARTESIAN_POINT('',(0.,0.));
#4564 = VECTOR('',#4565,1.);
#4565 = DIRECTION('',(0.,1.));
#4566 = ( GEOMETRIC_REPRESENTATION_CONTEXT(2) 
PARAMETRIC_REPRESENTATION_CONTEXT() REPRESENTATION_CONTEXT('2D SPACE',''
  ) );
#4567 = PCURVE('',#3221,#4568);
#4568 = DEFINITIONAL_REPRESENTATION('',(#4569),#4573);
#4569 = LINE('',#4570,#4571);
#4570 = CARTESIAN_POINT('',(4.5,0.));
#4571 = VECTOR('',#4572,1.);
#4572 = DIRECTION('',(0.,-1.));
#4573 = ( GEOMETRIC_REPRESENTATION_CONTEXT(2) 
PARAMETRIC_REPRESENTATION_CONTEXT() REPRESENTATION_CONTEXT('2D SPACE',''
  ) );
#4574 = ORIENTED_EDGE('',*,*,#3331,.T.);
#4575 = ORIENTED_EDGE('',*,*,#3403,.F.);
#4576 = ADVANCED_FACE('',(#4577),#3221,.T.);
#4577 = FACE_BOUND('',#4578,.T.);
#4578 = EDGE_LOOP('',(#4579,#4580,#4581,#4582));
#4579 = ORIENTED_EDGE('',*,*,#3308,.F.);
#4580 = ORIENTED_EDGE('',*,*,#4527,.T.);
#4581 = ORIENTED_EDGE('',*,*,#3205,.T.);
#4582 = ORIENTED_EDGE('',*,*,#4554,.F.);
#4583 = ADVANCED_FACE('',(#4584,#4698),#3460,.F.);
#4584 = FACE_BOUND('',#4585,.F.);
#4585 = EDGE_LOOP('',(#4586,#4616,#4644,#4672));
#4586 = ORIENTED_EDGE('',*,*,#4587,.F.);
#4587 = EDGE_CURVE('',#4588,#4590,#4592,.T.);
#4588 = VERTEX_POINT('',#4589);
#4589 = CARTESIAN_POINT('',(11.8,-10.5,-10.6));
#4590 = VERTEX_POINT('',#4591);
#4591 = CARTESIAN_POINT('',(11.8,10.5,-10.6));
#4592 = SURFACE_CURVE('',#4593,(#4597,#4604),.PCURVE_S1.);
#4593 = LINE('',#4594,#4595);
#4594 = CARTESIAN_POINT('',(11.8,-10.5,-10.6));
#4595 = VECTOR('',#4596,1.);
#4596 = DIRECTION('',(0.,1.,0.));
#4597 = PCURVE('',#3460,#4598);
#4598 = DEFINITIONAL_REPRESENTATION('',(#4599),#4603);
#4599 = LINE('',#4600,#4601);
#4600 = CARTESIAN_POINT('',(0.,0.));
#4601 = VECTOR('',#4602,1.);
#4602 = DIRECTION('',(0.,1.));
#4603 = ( GEOMETRIC_REPRESENTATION_CONTEXT(2) 
PARAMETRIC_REPRESENTATION_CONTEXT() REPRESENTATION_CONTEXT('2D SPACE',''
  ) );
#4604 = PCURVE('',#4605,#4610);
#4605 = PLANE('',#4606);
#4606 = AXIS2_PLACEMENT_3D('',#4607,#4608,#4609);
#4607 = CARTESIAN_POINT('',(11.8,-10.5,-10.6));
#4608 = DIRECTION('',(1.,0.,0.));
#4609 = DIRECTION('',(0.,0.,1.));
#4610 = DEFINITIONAL_REPRESENTATION('',(#4611),#4615);
#4611 = LINE('',#4612,#4613);
#4612 = CARTESIAN_POINT('',(0.,0.));
#4613 = VECTOR('',#4614,1.);
#4614 = DIRECTION('',(0.,-1.));
#4615 = ( GEOMETRIC_REPRESENTATION_CONTEXT(2) 
PARAMETRIC_REPRESENTATION_CONTEXT() REPRESENTATION_CONTEXT('2D SPACE',''
  ) );
#4616 = ORIENTED_EDGE('',*,*,#4617,.T.);
#4617 = EDGE_CURVE('',#4588,#4618,#4620,.T.);
#4618 = VERTEX_POINT('',#4619);
#4619 = CARTESIAN_POINT('',(19.,-10.5,-10.6));
#4620 = SURFACE_CURVE('',#4621,(#4625,#4632),.PCURVE_S1.);
#4621 = LINE('',#4622,#4623);
#4622 = CARTESIAN_POINT('',(11.8,-10.5,-10.6));
#4623 = VECTOR('',#4624,1.);
#4624 = DIRECTION('',(1.,0.,0.));
#4625 = PCURVE('',#3460,#4626);
#4626 = DEFINITIONAL_REPRESENTATION('',(#4627),#4631);
#4627 = LINE('',#4628,#4629);
#4628 = CARTESIAN_POINT('',(0.,0.));
#4629 = VECTOR('',#4630,1.);
#4630 = DIRECTION('',(1.,0.));
#4631 = ( GEOMETRIC_REPRESENTATION_CONTEXT(2) 
PARAMETRIC_REPRESENTATION_CONTEXT() REPRESENTATION_CONTEXT('2D SPACE',''
  ) );
#4632 = PCURVE('',#4633,#4638);
#4633 = PLANE('',#4634);
#4634 = AXIS2_PLACEMENT_3D('',#4635,#4636,#4637);
#4635 = CARTESIAN_POINT('',(11.8,-10.5,-10.6));
#4636 = DIRECTION('',(0.,1.,0.));
#4637 = DIRECTION('',(0.,0.,1.));
#4638 = DEFINITIONAL_REPRESENTATION('',(#4639),#4643);
#4639 = LINE('',#4640,#4641);
#4640 = CARTESIAN_POINT('',(0.,0.));
#4641 = VECTOR('',#4642,1.);
#4642 = DIRECTION('',(0.,1.));
#4643 = ( GEOMETRIC_REPRESENTATION_CONTEXT(2) 
PARAMETRIC_REPRESENTATION_CONTEXT() REPRESENTATION_CONTEXT('2D SPACE',''
  ) );
#4644 = ORIENTED_EDGE('',*,*,#4645,.T.);
#4645 = EDGE_CURVE('',#4618,#4646,#4648,.T.);
#4646 = VERTEX_POINT('',#4647);
#4647 = CARTESIAN_POINT('',(19.,10.5,-10.6));
#4648 = SURFACE_CURVE('',#4649,(#4653,#4660),.PCURVE_S1.);
#4649 = LINE('',#4650,#4651);
#4650 = CARTESIAN_POINT('',(19.,-10.5,-10.6));
#4651 = VECTOR('',#4652,1.);
#4652 = DIRECTION('',(0.,1.,0.));
#4653 = PCURVE('',#3460,#4654);
#4654 = DEFINITIONAL_REPRESENTATION('',(#4655),#4659);
#4655 = LINE('',#4656,#4657);
#4656 = CARTESIAN_POINT('',(7.2,0.));
#4657 = VECTOR('',#4658,1.);
#4658 = DIRECTION('',(0.,1.));
#4659 = ( GEOMETRIC_REPRESENTATION_CONTEXT(2) 
PARAMETRIC_REPRESENTATION_CONTEXT() REPRESENTATION_CONTEXT('2D SPACE',''
  ) );
#4660 = PCURVE('',#4661,#4666);
#4661 = PLANE('',#4662);
#4662 = AXIS2_PLACEMENT_3D('',#4663,#4664,#4665);
#4663 = CARTESIAN_POINT('',(19.,-10.5,-10.6));
#4664 = DIRECTION('',(1.,0.,0.));
#4665 = DIRECTION('',(0.,0.,1.));
#4666 = DEFINITIONAL_REPRESENTATION('',(#4667),#4671);
#4667 = LINE('',#4668,#4669);
#4668 = CARTESIAN_POINT('',(0.,0.));
#4669 = VECTOR('',#4670,1.);
#4670 = DIRECTION('',(0.,-1.));
#4671 = ( GEOMETRIC_REPRESENTATION_CONTEXT(2) 
PARAMETRIC_REPRESENTATION_CONTEXT() REPRESENTATION_CONTEXT('2D SPACE',''
  ) );
#4672 = ORIENTED_EDGE('',*,*,#4673,.F.);
#4673 = EDGE_CURVE('',#4590,#4646,#4674,.T.);
#4674 = SURFACE_CURVE('',#4675,(#4679,#4686),.PCURVE_S1.);
#4675 = LINE('',#4676,#4677);
#4676 = CARTESIAN_POINT('',(11.8,10.5,-10.6));
#4677 = VECTOR('',#4678,1.);
#4678 = DIRECTION('',(1.,0.,0.));
#4679 = PCURVE('',#3460,#4680);
#4680 = DEFINITIONAL_REPRESENTATION('',(#4681),#4685);
#4681 = LINE('',#4682,#4683);
#4682 = CARTESIAN_POINT('',(0.,21.));
#4683 = VECTOR('',#4684,1.);
#4684 = DIRECTION('',(1.,0.));
#4685 = ( GEOMETRIC_REPRESENTATION_CONTEXT(2) 
PARAMETRIC_REPRESENTATION_CONTEXT() REPRESENTATION_CONTEXT('2D SPACE',''
  ) );
#4686 = PCURVE('',#4687,#4692);
#4687 = PLANE('',#4688);
#4688 = AXIS2_PLACEMENT_3D('',#4689,#4690,#4691);
#4689 = CARTESIAN_POINT('',(11.8,10.5,-10.6));
#4690 = DIRECTION('',(0.,1.,0.));
#4691 = DIRECTION('',(0.,0.,1.));
#4692 = DEFINITIONAL_REPRESENTATION('',(#4693),#4697);
#4693 = LINE('',#4694,#4695);
#4694 = CARTESIAN_POINT('',(0.,0.));
#4695 = VECTOR('',#4696,1.);
#4696 = DIRECTION('',(0.,1.));
#4697 = ( GEOMETRIC_REPRESENTATION_CONTEXT(2) 
PARAMETRIC_REPRESENTATION_CONTEXT() REPRESENTATION_CONTEXT('2D SPACE',''
  ) );
#4698 = FACE_BOUND('',#4699,.F.);
#4699 = EDGE_LOOP('',(#4700,#4701,#4702,#4703));
#4700 = ORIENTED_EDGE('',*,*,#3677,.F.);
#4701 = ORIENTED_EDGE('',*,*,#3605,.T.);
#4702 = ORIENTED_EDGE('',*,*,#3447,.T.);
#4703 = ORIENTED_EDGE('',*,*,#3652,.F.);
#4704 = ADVANCED_FACE('',(#4705),#3490,.T.);
#4705 = FACE_BOUND('',#4706,.T.);
#4706 = EDGE_LOOP('',(#4707,#4728,#4729,#4750));
#4707 = ORIENTED_EDGE('',*,*,#4708,.F.);
#4708 = EDGE_CURVE('',#3699,#3474,#4709,.T.);
#4709 = SURFACE_CURVE('',#4710,(#4714,#4721),.PCURVE_S1.);
#4710 = LINE('',#4711,#4712);
#4711 = CARTESIAN_POINT('',(11.5,7.,-20.));
#4712 = VECTOR('',#4713,1.);
#4713 = DIRECTION('',(1.,0.,0.));
#4714 = PCURVE('',#3490,#4715);
#4715 = DEFINITIONAL_REPRESENTATION('',(#4716),#4720);
#4716 = LINE('',#4717,#4718);
#4717 = CARTESIAN_POINT('',(0.,14.));
#4718 = VECTOR('',#4719,1.);
#4719 = DIRECTION('',(1.,0.));
#4720 = ( GEOMETRIC_REPRESENTATION_CONTEXT(2) 
PARAMETRIC_REPRESENTATION_CONTEXT() REPRESENTATION_CONTEXT('2D SPACE',''
  ) );
#4721 = PCURVE('',#3566,#4722);
#4722 = DEFINITIONAL_REPRESENTATION('',(#4723),#4727);
#4723 = LINE('',#4724,#4725);
#4724 = CARTESIAN_POINT('',(0.,0.));
#4725 = VECTOR('',#4726,1.);
#4726 = DIRECTION('',(0.,1.));
#4727 = ( GEOMETRIC_REPRESENTATION_CONTEXT(2) 
PARAMETRIC_REPRESENTATION_CONTEXT() REPRESENTATION_CONTEXT('2D SPACE',''
  ) );
#4728 = ORIENTED_EDGE('',*,*,#3698,.T.);
#4729 = ORIENTED_EDGE('',*,*,#4730,.T.);
#4730 = EDGE_CURVE('',#3701,#3476,#4731,.T.);
#4731 = SURFACE_CURVE('',#4732,(#4736,#4743),.PCURVE_S1.);
#4732 = LINE('',#4733,#4734);
#4733 = CARTESIAN_POINT('',(11.5,-7.,-20.));
#4734 = VECTOR('',#4735,1.);
#4735 = DIRECTION('',(1.,0.,0.));
#4736 = PCURVE('',#3490,#4737);
#4737 = DEFINITIONAL_REPRESENTATION('',(#4738),#4742);
#4738 = LINE('',#4739,#4740);
#4739 = CARTESIAN_POINT('',(0.,0.));
#4740 = VECTOR('',#4741,1.);
#4741 = DIRECTION('',(1.,0.));
#4742 = ( GEOMETRIC_REPRESENTATION_CONTEXT(2) 
PARAMETRIC_REPRESENTATION_CONTEXT() REPRESENTATION_CONTEXT('2D SPACE',''
  ) );
#4743 = PCURVE('',#3516,#4744);
#4744 = DEFINITIONAL_REPRESENTATION('',(#4745),#4749);
#4745 = LINE('',#4746,#4747);
#4746 = CARTESIAN_POINT('',(0.,0.));
#4747 = VECTOR('',#4748,1.);
#4748 = DIRECTION('',(0.,1.));
#4749 = ( GEOMETRIC_REPRESENTATION_CONTEXT(2) 
PARAMETRIC_REPRESENTATION_CONTEXT() REPRESENTATION_CONTEXT('2D SPACE',''
  ) );
#4750 = ORIENTED_EDGE('',*,*,#3473,.F.);
#4751 = ADVANCED_FACE('',(#4752),#3566,.F.);
#4752 = FACE_BOUND('',#4753,.F.);
#4753 = EDGE_LOOP('',(#4754,#4755,#4756,#4777));
#4754 = ORIENTED_EDGE('',*,*,#4708,.F.);
#4755 = ORIENTED_EDGE('',*,*,#3763,.T.);
#4756 = ORIENTED_EDGE('',*,*,#4757,.T.);
#4757 = EDGE_CURVE('',#3743,#3528,#4758,.T.);
#4758 = SURFACE_CURVE('',#4759,(#4763,#4770),.PCURVE_S1.);
#4759 = LINE('',#4760,#4761);
#4760 = CARTESIAN_POINT('',(11.5,7.,-11.));
#4761 = VECTOR('',#4762,1.);
#4762 = DIRECTION('',(1.,0.,0.));
#4763 = PCURVE('',#3566,#4764);
#4764 = DEFINITIONAL_REPRESENTATION('',(#4765),#4769);
#4765 = LINE('',#4766,#4767);
#4766 = CARTESIAN_POINT('',(9.,0.));
#4767 = VECTOR('',#4768,1.);
#4768 = DIRECTION('',(0.,1.));
#4769 = ( GEOMETRIC_REPRESENTATION_CONTEXT(2) 
PARAMETRIC_REPRESENTATION_CONTEXT() REPRESENTATION_CONTEXT('2D SPACE',''
  ) );
#4770 = PCURVE('',#3542,#4771);
#4771 = DEFINITIONAL_REPRESENTATION('',(#4772),#4776);
#4772 = LINE('',#4773,#4774);
#4773 = CARTESIAN_POINT('',(0.,14.));
#4774 = VECTOR('',#4775,1.);
#4775 = DIRECTION('',(1.,0.));
#4776 = ( GEOMETRIC_REPRESENTATION_CONTEXT(2) 
PARAMETRIC_REPRESENTATION_CONTEXT() REPRESENTATION_CONTEXT('2D SPACE',''
  ) );
#4777 = ORIENTED_EDGE('',*,*,#3553,.F.);
#4778 = ADVANCED_FACE('',(#4779),#3516,.T.);
#4779 = FACE_BOUND('',#4780,.T.);
#4780 = EDGE_LOOP('',(#4781,#4782,#4783,#4804));
#4781 = ORIENTED_EDGE('',*,*,#4730,.F.);
#4782 = ORIENTED_EDGE('',*,*,#3721,.T.);
#4783 = ORIENTED_EDGE('',*,*,#4784,.T.);
#4784 = EDGE_CURVE('',#3722,#3502,#4785,.T.);
#4785 = SURFACE_CURVE('',#4786,(#4790,#4797),.PCURVE_S1.);
#4786 = LINE('',#4787,#4788);
#4787 = CARTESIAN_POINT('',(11.5,-7.,-11.));
#4788 = VECTOR('',#4789,1.);
#4789 = DIRECTION('',(1.,0.,0.));
#4790 = PCURVE('',#3516,#4791);
#4791 = DEFINITIONAL_REPRESENTATION('',(#4792),#4796);
#4792 = LINE('',#4793,#4794);
#4793 = CARTESIAN_POINT('',(9.,0.));
#4794 = VECTOR('',#4795,1.);
#4795 = DIRECTION('',(0.,1.));
#4796 = ( GEOMETRIC_REPRESENTATION_CONTEXT(2) 
PARAMETRIC_REPRESENTATION_CONTEXT() REPRESENTATION_CONTEXT('2D SPACE',''
  ) );
#4797 = PCURVE('',#3542,#4798);
#4798 = DEFINITIONAL_REPRESENTATION('',(#4799),#4803);
#4799 = LINE('',#4800,#4801);
#4800 = CARTESIAN_POINT('',(0.,0.));
#4801 = VECTOR('',#4802,1.);
#4802 = DIRECTION('',(1.,0.));
#4803 = ( GEOMETRIC_REPRESENTATION_CONTEXT(2) 
PARAMETRIC_REPRESENTATION_CONTEXT() REPRESENTATION_CONTEXT('2D SPACE',''
  ) );
#4804 = ORIENTED_EDGE('',*,*,#3501,.F.);
#4805 = ADVANCED_FACE('',(#4806,#4812),#3542,.F.);
#4806 = FACE_BOUND('',#4807,.F.);
#4807 = EDGE_LOOP('',(#4808,#4809,#4810,#4811));
#4808 = ORIENTED_EDGE('',*,*,#4757,.F.);
#4809 = ORIENTED_EDGE('',*,*,#3742,.T.);
#4810 = ORIENTED_EDGE('',*,*,#4784,.T.);
#4811 = ORIENTED_EDGE('',*,*,#3527,.F.);
#4812 = FACE_BOUND('',#4813,.F.);
#4813 = EDGE_LOOP('',(#4814));
#4814 = ORIENTED_EDGE('',*,*,#4815,.F.);
#4815 = EDGE_CURVE('',#4816,#4816,#4818,.T.);
#4816 = VERTEX_POINT('',#4817);
#4817 = CARTESIAN_POINT('',(14.7,-2.32682891838E-16,-11.));
#4818 = SURFACE_CURVE('',#4819,(#4824,#4831),.PCURVE_S1.);
#4819 = CIRCLE('',#4820,0.95);
#4820 = AXIS2_PLACEMENT_3D('',#4821,#4822,#4823);
#4821 = CARTESIAN_POINT('',(13.75,0.,-11.));
#4822 = DIRECTION('',(0.,0.,1.));
#4823 = DIRECTION('',(1.,0.,-0.));
#4824 = PCURVE('',#3542,#4825);
#4825 = DEFINITIONAL_REPRESENTATION('',(#4826),#4830);
#4826 = CIRCLE('',#4827,0.95);
#4827 = AXIS2_PLACEMENT_2D('',#4828,#4829);
#4828 = CARTESIAN_POINT('',(2.25,7.));
#4829 = DIRECTION('',(1.,0.));
#4830 = ( GEOMETRIC_REPRESENTATION_CONTEXT(2) 
PARAMETRIC_REPRESENTATION_CONTEXT() REPRESENTATION_CONTEXT('2D SPACE',''
  ) );
#4831 = PCURVE('',#4832,#4837);
#4832 = CYLINDRICAL_SURFACE('',#4833,0.95);
#4833 = AXIS2_PLACEMENT_3D('',#4834,#4835,#4836);
#4834 = CARTESIAN_POINT('',(13.75,0.,-15.));
#4835 = DIRECTION('',(0.,0.,1.));
#4836 = DIRECTION('',(1.,0.,-0.));
#4837 = DEFINITIONAL_REPRESENTATION('',(#4838),#4842);
#4838 = LINE('',#4839,#4840);
#4839 = CARTESIAN_POINT('',(0.,4.));
#4840 = VECTOR('',#4841,1.);
#4841 = DIRECTION('',(1.,0.));
#4842 = ( GEOMETRIC_REPRESENTATION_CONTEXT(2) 
PARAMETRIC_REPRESENTATION_CONTEXT() REPRESENTATION_CONTEXT('2D SPACE',''
  ) );
#4843 = ADVANCED_FACE('',(#4844,#4847),#3824,.T.);
#4844 = FACE_BOUND('',#4845,.T.);
#4845 = EDGE_LOOP('',(#4846));
#4846 = ORIENTED_EDGE('',*,*,#3809,.T.);
#4847 = FACE_BOUND('',#4848,.T.);
#4848 = EDGE_LOOP('',(#4849));
#4849 = ORIENTED_EDGE('',*,*,#4005,.F.);
#4850 = ADVANCED_FACE('',(#4851,#4854),#3879,.T.);
#4851 = FACE_BOUND('',#4852,.T.);
#4852 = EDGE_LOOP('',(#4853));
#4853 = ORIENTED_EDGE('',*,*,#3864,.T.);
#4854 = FACE_BOUND('',#4855,.T.);
#4855 = EDGE_LOOP('',(#4856));
#4856 = ORIENTED_EDGE('',*,*,#4055,.F.);
#4857 = ADVANCED_FACE('',(#4858,#4861),#3934,.T.);
#4858 = FACE_BOUND('',#4859,.T.);
#4859 = EDGE_LOOP('',(#4860));
#4860 = ORIENTED_EDGE('',*,*,#3919,.T.);
#4861 = FACE_BOUND('',#4862,.T.);
#4862 = EDGE_LOOP('',(#4863));
#4863 = ORIENTED_EDGE('',*,*,#4105,.F.);
#4864 = ADVANCED_FACE('',(#4865,#4868),#3989,.T.);
#4865 = FACE_BOUND('',#4866,.T.);
#4866 = EDGE_LOOP('',(#4867));
#4867 = ORIENTED_EDGE('',*,*,#3974,.T.);
#4868 = FACE_BOUND('',#4869,.T.);
#4869 = EDGE_LOOP('',(#4870));
#4870 = ORIENTED_EDGE('',*,*,#4155,.F.);
#4871 = ADVANCED_FACE('',(#4872),#4223,.F.);
#4872 = FACE_BOUND('',#4873,.F.);
#4873 = EDGE_LOOP('',(#4874,#4897,#4898,#4921));
#4874 = ORIENTED_EDGE('',*,*,#4875,.F.);
#4875 = EDGE_CURVE('',#4206,#4876,#4878,.T.);
#4876 = VERTEX_POINT('',#4877);
#4877 = CARTESIAN_POINT('',(-19.,-10.5,-8.4));
#4878 = SURFACE_CURVE('',#4879,(#4883,#4890),.PCURVE_S1.);
#4879 = LINE('',#4880,#4881);
#4880 = CARTESIAN_POINT('',(-19.,-10.5,-10.6));
#4881 = VECTOR('',#4882,1.);
#4882 = DIRECTION('',(0.,0.,1.));
#4883 = PCURVE('',#4223,#4884);
#4884 = DEFINITIONAL_REPRESENTATION('',(#4885),#4889);
#4885 = LINE('',#4886,#4887);
#4886 = CARTESIAN_POINT('',(0.,0.));
#4887 = VECTOR('',#4888,1.);
#4888 = DIRECTION('',(1.,0.));
#4889 = ( GEOMETRIC_REPRESENTATION_CONTEXT(2) 
PARAMETRIC_REPRESENTATION_CONTEXT() REPRESENTATION_CONTEXT('2D SPACE',''
  ) );
#4890 = PCURVE('',#4251,#4891);
#4891 = DEFINITIONAL_REPRESENTATION('',(#4892),#4896);
#4892 = LINE('',#4893,#4894);
#4893 = CARTESIAN_POINT('',(0.,0.));
#4894 = VECTOR('',#4895,1.);
#4895 = DIRECTION('',(1.,0.));
#4896 = ( GEOMETRIC_REPRESENTATION_CONTEXT(2) 
PARAMETRIC_REPRESENTATION_CONTEXT() REPRESENTATION_CONTEXT('2D SPACE',''
  ) );
#4897 = ORIENTED_EDGE('',*,*,#4205,.T.);
#4898 = ORIENTED_EDGE('',*,*,#4899,.T.);
#4899 = EDGE_CURVE('',#4208,#4900,#4902,.T.);
#4900 = VERTEX_POINT('',#4901);
#4901 = CARTESIAN_POINT('',(-19.,10.5,-8.4));
#4902 = SURFACE_CURVE('',#4903,(#4907,#4914),.PCURVE_S1.);
#4903 = LINE('',#4904,#4905);
#4904 = CARTESIAN_POINT('',(-19.,10.5,-10.6));
#4905 = VECTOR('',#4906,1.);
#4906 = DIRECTION('',(0.,0.,1.));
#4907 = PCURVE('',#4223,#4908);
#4908 = DEFINITIONAL_REPRESENTATION('',(#4909),#4913);
#4909 = LINE('',#4910,#4911);
#4910 = CARTESIAN_POINT('',(0.,-21.));
#4911 = VECTOR('',#4912,1.);
#4912 = DIRECTION('',(1.,0.));
#4913 = ( GEOMETRIC_REPRESENTATION_CONTEXT(2) 
PARAMETRIC_REPRESENTATION_CONTEXT() REPRESENTATION_CONTEXT('2D SPACE',''
  ) );
#4914 = PCURVE('',#4305,#4915);
#4915 = DEFINITIONAL_REPRESENTATION('',(#4916),#4920);
#4916 = LINE('',#4917,#4918);
#4917 = CARTESIAN_POINT('',(0.,0.));
#4918 = VECTOR('',#4919,1.);
#4919 = DIRECTION('',(1.,0.));
#4920 = ( GEOMETRIC_REPRESENTATION_CONTEXT(2) 
PARAMETRIC_REPRESENTATION_CONTEXT() REPRESENTATION_CONTEXT('2D SPACE',''
  ) );
#4921 = ORIENTED_EDGE('',*,*,#4922,.F.);
#4922 = EDGE_CURVE('',#4876,#4900,#4923,.T.);
#4923 = SURFACE_CURVE('',#4924,(#4928,#4935),.PCURVE_S1.);
#4924 = LINE('',#4925,#4926);
#4925 = CARTESIAN_POINT('',(-19.,-10.5,-8.4));
#4926 = VECTOR('',#4927,1.);
#4927 = DIRECTION('',(0.,1.,0.));
#4928 = PCURVE('',#4223,#4929);
#4929 = DEFINITIONAL_REPRESENTATION('',(#4930),#4934);
#4930 = LINE('',#4931,#4932);
#4931 = CARTESIAN_POINT('',(2.2,0.));
#4932 = VECTOR('',#4933,1.);
#4933 = DIRECTION('',(0.,-1.));
#4934 = ( GEOMETRIC_REPRESENTATION_CONTEXT(2) 
PARAMETRIC_REPRESENTATION_CONTEXT() REPRESENTATION_CONTEXT('2D SPACE',''
  ) );
#4935 = PCURVE('',#4936,#4941);
#4936 = PLANE('',#4937);
#4937 = AXIS2_PLACEMENT_3D('',#4938,#4939,#4940);
#4938 = CARTESIAN_POINT('',(-19.,-10.5,-8.4));
#4939 = DIRECTION('',(0.,0.,1.));
#4940 = DIRECTION('',(1.,0.,0.));
#4941 = DEFINITIONAL_REPRESENTATION('',(#4942),#4946);
#4942 = LINE('',#4943,#4944);
#4943 = CARTESIAN_POINT('',(0.,0.));
#4944 = VECTOR('',#4945,1.);
#4945 = DIRECTION('',(0.,1.));
#4946 = ( GEOMETRIC_REPRESENTATION_CONTEXT(2) 
PARAMETRIC_REPRESENTATION_CONTEXT() REPRESENTATION_CONTEXT('2D SPACE',''
  ) );
#4947 = ADVANCED_FACE('',(#4948),#4305,.T.);
#4948 = FACE_BOUND('',#4949,.T.);
#4949 = EDGE_LOOP('',(#4950,#4951,#4952,#4975));
#4950 = ORIENTED_EDGE('',*,*,#4291,.F.);
#4951 = ORIENTED_EDGE('',*,*,#4899,.T.);
#4952 = ORIENTED_EDGE('',*,*,#4953,.T.);
#4953 = EDGE_CURVE('',#4900,#4954,#4956,.T.);
#4954 = VERTEX_POINT('',#4955);
#4955 = CARTESIAN_POINT('',(-11.8,10.5,-8.4));
#4956 = SURFACE_CURVE('',#4957,(#4961,#4968),.PCURVE_S1.);
#4957 = LINE('',#4958,#4959);
#4958 = CARTESIAN_POINT('',(-19.,10.5,-8.4));
#4959 = VECTOR('',#4960,1.);
#4960 = DIRECTION('',(1.,0.,0.));
#4961 = PCURVE('',#4305,#4962);
#4962 = DEFINITIONAL_REPRESENTATION('',(#4963),#4967);
#4963 = LINE('',#4964,#4965);
#4964 = CARTESIAN_POINT('',(2.2,0.));
#4965 = VECTOR('',#4966,1.);
#4966 = DIRECTION('',(0.,1.));
#4967 = ( GEOMETRIC_REPRESENTATION_CONTEXT(2) 
PARAMETRIC_REPRESENTATION_CONTEXT() REPRESENTATION_CONTEXT('2D SPACE',''
  ) );
#4968 = PCURVE('',#4936,#4969);
#4969 = DEFINITIONAL_REPRESENTATION('',(#4970),#4974);
#4970 = LINE('',#4971,#4972);
#4971 = CARTESIAN_POINT('',(0.,21.));
#4972 = VECTOR('',#4973,1.);
#4973 = DIRECTION('',(1.,0.));
#4974 = ( GEOMETRIC_REPRESENTATION_CONTEXT(2) 
PARAMETRIC_REPRESENTATION_CONTEXT() REPRESENTATION_CONTEXT('2D SPACE',''
  ) );
#4975 = ORIENTED_EDGE('',*,*,#4976,.F.);
#4976 = EDGE_CURVE('',#4264,#4954,#4977,.T.);
#4977 = SURFACE_CURVE('',#4978,(#4982,#4989),.PCURVE_S1.);
#4978 = LINE('',#4979,#4980);
#4979 = CARTESIAN_POINT('',(-11.8,10.5,-10.6));
#4980 = VECTOR('',#4981,1.);
#4981 = DIRECTION('',(0.,0.,1.));
#4982 = PCURVE('',#4305,#4983);
#4983 = DEFINITIONAL_REPRESENTATION('',(#4984),#4988);
#4984 = LINE('',#4985,#4986);
#4985 = CARTESIAN_POINT('',(0.,7.2));
#4986 = VECTOR('',#4987,1.);
#4987 = DIRECTION('',(1.,0.));
#4988 = ( GEOMETRIC_REPRESENTATION_CONTEXT(2) 
PARAMETRIC_REPRESENTATION_CONTEXT() REPRESENTATION_CONTEXT('2D SPACE',''
  ) );
#4989 = PCURVE('',#4279,#4990);
#4990 = DEFINITIONAL_REPRESENTATION('',(#4991),#4995);
#4991 = LINE('',#4992,#4993);
#4992 = CARTESIAN_POINT('',(0.,-21.));
#4993 = VECTOR('',#4994,1.);
#4994 = DIRECTION('',(1.,0.));
#4995 = ( GEOMETRIC_REPRESENTATION_CONTEXT(2) 
PARAMETRIC_REPRESENTATION_CONTEXT() REPRESENTATION_CONTEXT('2D SPACE',''
  ) );
#4996 = ADVANCED_FACE('',(#4997),#4251,.F.);
#4997 = FACE_BOUND('',#4998,.F.);
#4998 = EDGE_LOOP('',(#4999,#5000,#5001,#5024));
#4999 = ORIENTED_EDGE('',*,*,#4235,.F.);
#5000 = ORIENTED_EDGE('',*,*,#4875,.T.);
#5001 = ORIENTED_EDGE('',*,*,#5002,.T.);
#5002 = EDGE_CURVE('',#4876,#5003,#5005,.T.);
#5003 = VERTEX_POINT('',#5004);
#5004 = CARTESIAN_POINT('',(-11.8,-10.5,-8.4));
#5005 = SURFACE_CURVE('',#5006,(#5010,#5017),.PCURVE_S1.);
#5006 = LINE('',#5007,#5008);
#5007 = CARTESIAN_POINT('',(-19.,-10.5,-8.4));
#5008 = VECTOR('',#5009,1.);
#5009 = DIRECTION('',(1.,0.,0.));
#5010 = PCURVE('',#4251,#5011);
#5011 = DEFINITIONAL_REPRESENTATION('',(#5012),#5016);
#5012 = LINE('',#5013,#5014);
#5013 = CARTESIAN_POINT('',(2.2,0.));
#5014 = VECTOR('',#5015,1.);
#5015 = DIRECTION('',(0.,1.));
#5016 = ( GEOMETRIC_REPRESENTATION_CONTEXT(2) 
PARAMETRIC_REPRESENTATION_CONTEXT() REPRESENTATION_CONTEXT('2D SPACE',''
  ) );
#5017 = PCURVE('',#4936,#5018);
#5018 = DEFINITIONAL_REPRESENTATION('',(#5019),#5023);
#5019 = LINE('',#5020,#5021);
#5020 = CARTESIAN_POINT('',(0.,0.));
#5021 = VECTOR('',#5022,1.);
#5022 = DIRECTION('',(1.,0.));
#5023 = ( GEOMETRIC_REPRESENTATION_CONTEXT(2) 
PARAMETRIC_REPRESENTATION_CONTEXT() REPRESENTATION_CONTEXT('2D SPACE',''
  ) );
#5024 = ORIENTED_EDGE('',*,*,#5025,.F.);
#5025 = EDGE_CURVE('',#4236,#5003,#5026,.T.);
#5026 = SURFACE_CURVE('',#5027,(#5031,#5038),.PCURVE_S1.);
#5027 = LINE('',#5028,#5029);
#5028 = CARTESIAN_POINT('',(-11.8,-10.5,-10.6));
#5029 = VECTOR('',#5030,1.);
#5030 = DIRECTION('',(0.,0.,1.));
#5031 = PCURVE('',#4251,#5032);
#5032 = DEFINITIONAL_REPRESENTATION('',(#5033),#5037);
#5033 = LINE('',#5034,#5035);
#5034 = CARTESIAN_POINT('',(0.,7.2));
#5035 = VECTOR('',#5036,1.);
#5036 = DIRECTION('',(1.,0.));
#5037 = ( GEOMETRIC_REPRESENTATION_CONTEXT(2) 
PARAMETRIC_REPRESENTATION_CONTEXT() REPRESENTATION_CONTEXT('2D SPACE',''
  ) );
#5038 = PCURVE('',#4279,#5039);
#5039 = DEFINITIONAL_REPRESENTATION('',(#5040),#5044);
#5040 = LINE('',#5041,#5042);
#5041 = CARTESIAN_POINT('',(0.,0.));
#5042 = VECTOR('',#5043,1.);
#5043 = DIRECTION('',(1.,0.));
#5044 = ( GEOMETRIC_REPRESENTATION_CONTEXT(2) 
PARAMETRIC_REPRESENTATION_CONTEXT() REPRESENTATION_CONTEXT('2D SPACE',''
  ) );
#5045 = ADVANCED_FACE('',(#5046),#4279,.T.);
#5046 = FACE_BOUND('',#5047,.T.);
#5047 = EDGE_LOOP('',(#5048,#5049,#5050,#5051));
#5048 = ORIENTED_EDGE('',*,*,#5025,.F.);
#5049 = ORIENTED_EDGE('',*,*,#4263,.T.);
#5050 = ORIENTED_EDGE('',*,*,#4976,.T.);
#5051 = ORIENTED_EDGE('',*,*,#5052,.F.);
#5052 = EDGE_CURVE('',#5003,#4954,#5053,.T.);
#5053 = SURFACE_CURVE('',#5054,(#5058,#5065),.PCURVE_S1.);
#5054 = LINE('',#5055,#5056);
#5055 = CARTESIAN_POINT('',(-11.8,-10.5,-8.4));
#5056 = VECTOR('',#5057,1.);
#5057 = DIRECTION('',(0.,1.,0.));
#5058 = PCURVE('',#4279,#5059);
#5059 = DEFINITIONAL_REPRESENTATION('',(#5060),#5064);
#5060 = LINE('',#5061,#5062);
#5061 = CARTESIAN_POINT('',(2.2,0.));
#5062 = VECTOR('',#5063,1.);
#5063 = DIRECTION('',(0.,-1.));
#5064 = ( GEOMETRIC_REPRESENTATION_CONTEXT(2) 
PARAMETRIC_REPRESENTATION_CONTEXT() REPRESENTATION_CONTEXT('2D SPACE',''
  ) );
#5065 = PCURVE('',#4936,#5066);
#5066 = DEFINITIONAL_REPRESENTATION('',(#5067),#5071);
#5067 = LINE('',#5068,#5069);
#5068 = CARTESIAN_POINT('',(7.2,0.));
#5069 = VECTOR('',#5070,1.);
#5070 = DIRECTION('',(0.,1.));
#5071 = ( GEOMETRIC_REPRESENTATION_CONTEXT(2) 
PARAMETRIC_REPRESENTATION_CONTEXT() REPRESENTATION_CONTEXT('2D SPACE',''
  ) );
#5072 = ADVANCED_FACE('',(#5073),#4443,.F.);
#5073 = FACE_BOUND('',#5074,.F.);
#5074 = EDGE_LOOP('',(#5075,#5099,#5120,#5121));
#5075 = ORIENTED_EDGE('',*,*,#5076,.F.);
#5076 = EDGE_CURVE('',#5077,#5077,#5079,.T.);
#5077 = VERTEX_POINT('',#5078);
#5078 = CARTESIAN_POINT('',(-12.8,-2.32682891838E-16,-8.4));
#5079 = SURFACE_CURVE('',#5080,(#5085,#5092),.PCURVE_S1.);
#5080 = CIRCLE('',#5081,0.95);
#5081 = AXIS2_PLACEMENT_3D('',#5082,#5083,#5084);
#5082 = CARTESIAN_POINT('',(-13.75,0.,-8.4));
#5083 = DIRECTION('',(0.,0.,1.));
#5084 = DIRECTION('',(1.,0.,-0.));
#5085 = PCURVE('',#4443,#5086);
#5086 = DEFINITIONAL_REPRESENTATION('',(#5087),#5091);
#5087 = LINE('',#5088,#5089);
#5088 = CARTESIAN_POINT('',(0.,6.6));
#5089 = VECTOR('',#5090,1.);
#5090 = DIRECTION('',(1.,0.));
#5091 = ( GEOMETRIC_REPRESENTATION_CONTEXT(2) 
PARAMETRIC_REPRESENTATION_CONTEXT() REPRESENTATION_CONTEXT('2D SPACE',''
  ) );
#5092 = PCURVE('',#4936,#5093);
#5093 = DEFINITIONAL_REPRESENTATION('',(#5094),#5098);
#5094 = CIRCLE('',#5095,0.95);
#5095 = AXIS2_PLACEMENT_2D('',#5096,#5097);
#5096 = CARTESIAN_POINT('',(5.25,10.5));
#5097 = DIRECTION('',(1.,0.));
#5098 = ( GEOMETRIC_REPRESENTATION_CONTEXT(2) 
PARAMETRIC_REPRESENTATION_CONTEXT() REPRESENTATION_CONTEXT('2D SPACE',''
  ) );
#5099 = ORIENTED_EDGE('',*,*,#5100,.F.);
#5100 = EDGE_CURVE('',#4427,#5077,#5101,.T.);
#5101 = SEAM_CURVE('',#5102,(#5106,#5113),.PCURVE_S1.);
#5102 = LINE('',#5103,#5104);
#5103 = CARTESIAN_POINT('',(-12.8,-2.32682891838E-16,-15.));
#5104 = VECTOR('',#5105,1.);
#5105 = DIRECTION('',(0.,0.,1.));
#5106 = PCURVE('',#4443,#5107);
#5107 = DEFINITIONAL_REPRESENTATION('',(#5108),#5112);
#5108 = LINE('',#5109,#5110);
#5109 = CARTESIAN_POINT('',(6.28318530718,-0.));
#5110 = VECTOR('',#5111,1.);
#5111 = DIRECTION('',(0.,1.));
#5112 = ( GEOMETRIC_REPRESENTATION_CONTEXT(2) 
PARAMETRIC_REPRESENTATION_CONTEXT() REPRESENTATION_CONTEXT('2D SPACE',''
  ) );
#5113 = PCURVE('',#4443,#5114);
#5114 = DEFINITIONAL_REPRESENTATION('',(#5115),#5119);
#5115 = LINE('',#5116,#5117);
#5116 = CARTESIAN_POINT('',(0.,-0.));
#5117 = VECTOR('',#5118,1.);
#5118 = DIRECTION('',(0.,1.));
#5119 = ( GEOMETRIC_REPRESENTATION_CONTEXT(2) 
PARAMETRIC_REPRESENTATION_CONTEXT() REPRESENTATION_CONTEXT('2D SPACE',''
  ) );
#5120 = ORIENTED_EDGE('',*,*,#4426,.T.);
#5121 = ORIENTED_EDGE('',*,*,#5100,.T.);
#5122 = ADVANCED_FACE('',(#5123),#4605,.F.);
#5123 = FACE_BOUND('',#5124,.F.);
#5124 = EDGE_LOOP('',(#5125,#5148,#5149,#5172));
#5125 = ORIENTED_EDGE('',*,*,#5126,.F.);
#5126 = EDGE_CURVE('',#4588,#5127,#5129,.T.);
#5127 = VERTEX_POINT('',#5128);
#5128 = CARTESIAN_POINT('',(11.8,-10.5,-8.4));
#5129 = SURFACE_CURVE('',#5130,(#5134,#5141),.PCURVE_S1.);
#5130 = LINE('',#5131,#5132);
#5131 = CARTESIAN_POINT('',(11.8,-10.5,-10.6));
#5132 = VECTOR('',#5133,1.);
#5133 = DIRECTION('',(0.,0.,1.));
#5134 = PCURVE('',#4605,#5135);
#5135 = DEFINITIONAL_REPRESENTATION('',(#5136),#5140);
#5136 = LINE('',#5137,#5138);
#5137 = CARTESIAN_POINT('',(0.,0.));
#5138 = VECTOR('',#5139,1.);
#5139 = DIRECTION('',(1.,0.));
#5140 = ( GEOMETRIC_REPRESENTATION_CONTEXT(2) 
PARAMETRIC_REPRESENTATION_CONTEXT() REPRESENTATION_CONTEXT('2D SPACE',''
  ) );
#5141 = PCURVE('',#4633,#5142);
#5142 = DEFINITIONAL_REPRESENTATION('',(#5143),#5147);
#5143 = LINE('',#5144,#5145);
#5144 = CARTESIAN_POINT('',(0.,0.));
#5145 = VECTOR('',#5146,1.);
#5146 = DIRECTION('',(1.,0.));
#5147 = ( GEOMETRIC_REPRESENTATION_CONTEXT(2) 
PARAMETRIC_REPRESENTATION_CONTEXT() REPRESENTATION_CONTEXT('2D SPACE',''
  ) );
#5148 = ORIENTED_EDGE('',*,*,#4587,.T.);
#5149 = ORIENTED_EDGE('',*,*,#5150,.T.);
#5150 = EDGE_CURVE('',#4590,#5151,#5153,.T.);
#5151 = VERTEX_POINT('',#5152);
#5152 = CARTESIAN_POINT('',(11.8,10.5,-8.4));
#5153 = SURFACE_CURVE('',#5154,(#5158,#5165),.PCURVE_S1.);
#5154 = LINE('',#5155,#5156);
#5155 = CARTESIAN_POINT('',(11.8,10.5,-10.6));
#5156 = VECTOR('',#5157,1.);
#5157 = DIRECTION('',(0.,0.,1.));
#5158 = PCURVE('',#4605,#5159);
#5159 = DEFINITIONAL_REPRESENTATION('',(#5160),#5164);
#5160 = LINE('',#5161,#5162);
#5161 = CARTESIAN_POINT('',(0.,-21.));
#5162 = VECTOR('',#5163,1.);
#5163 = DIRECTION('',(1.,0.));
#5164 = ( GEOMETRIC_REPRESENTATION_CONTEXT(2) 
PARAMETRIC_REPRESENTATION_CONTEXT() REPRESENTATION_CONTEXT('2D SPACE',''
  ) );
#5165 = PCURVE('',#4687,#5166);
#5166 = DEFINITIONAL_REPRESENTATION('',(#5167),#5171);
#5167 = LINE('',#5168,#5169);
#5168 = CARTESIAN_POINT('',(0.,0.));
#5169 = VECTOR('',#5170,1.);
#5170 = DIRECTION('',(1.,0.));
#5171 = ( GEOMETRIC_REPRESENTATION_CONTEXT(2) 
PARAMETRIC_REPRESENTATION_CONTEXT() REPRESENTATION_CONTEXT('2D SPACE',''
  ) );
#5172 = ORIENTED_EDGE('',*,*,#5173,.F.);
#5173 = EDGE_CURVE('',#5127,#5151,#5174,.T.);
#5174 = SURFACE_CURVE('',#5175,(#5179,#5186),.PCURVE_S1.);
#5175 = LINE('',#5176,#5177);
#5176 = CARTESIAN_POINT('',(11.8,-10.5,-8.4));
#5177 = VECTOR('',#5178,1.);
#5178 = DIRECTION('',(0.,1.,0.));
#5179 = PCURVE('',#4605,#5180);
#5180 = DEFINITIONAL_REPRESENTATION('',(#5181),#5185);
#5181 = LINE('',#5182,#5183);
#5182 = CARTESIAN_POINT('',(2.2,0.));
#5183 = VECTOR('',#5184,1.);
#5184 = DIRECTION('',(0.,-1.));
#5185 = ( GEOMETRIC_REPRESENTATION_CONTEXT(2) 
PARAMETRIC_REPRESENTATION_CONTEXT() REPRESENTATION_CONTEXT('2D SPACE',''
  ) );
#5186 = PCURVE('',#5187,#5192);
#5187 = PLANE('',#5188);
#5188 = AXIS2_PLACEMENT_3D('',#5189,#5190,#5191);
#5189 = CARTESIAN_POINT('',(11.8,-10.5,-8.4));
#5190 = DIRECTION('',(0.,0.,1.));
#5191 = DIRECTION('',(1.,0.,0.));
#5192 = DEFINITIONAL_REPRESENTATION('',(#5193),#5197);
#5193 = LINE('',#5194,#5195);
#5194 = CARTESIAN_POINT('',(0.,0.));
#5195 = VECTOR('',#5196,1.);
#5196 = DIRECTION('',(0.,1.));
#5197 = ( GEOMETRIC_REPRESENTATION_CONTEXT(2) 
PARAMETRIC_REPRESENTATION_CONTEXT() REPRESENTATION_CONTEXT('2D SPACE',''
  ) );
#5198 = ADVANCED_FACE('',(#5199),#4687,.T.);
#5199 = FACE_BOUND('',#5200,.T.);
#5200 = EDGE_LOOP('',(#5201,#5202,#5203,#5226));
#5201 = ORIENTED_EDGE('',*,*,#4673,.F.);
#5202 = ORIENTED_EDGE('',*,*,#5150,.T.);
#5203 = ORIENTED_EDGE('',*,*,#5204,.T.);
#5204 = EDGE_CURVE('',#5151,#5205,#5207,.T.);
#5205 = VERTEX_POINT('',#5206);
#5206 = CARTESIAN_POINT('',(19.,10.5,-8.4));
#5207 = SURFACE_CURVE('',#5208,(#5212,#5219),.PCURVE_S1.);
#5208 = LINE('',#5209,#5210);
#5209 = CARTESIAN_POINT('',(11.8,10.5,-8.4));
#5210 = VECTOR('',#5211,1.);
#5211 = DIRECTION('',(1.,0.,0.));
#5212 = PCURVE('',#4687,#5213);
#5213 = DEFINITIONAL_REPRESENTATION('',(#5214),#5218);
#5214 = LINE('',#5215,#5216);
#5215 = CARTESIAN_POINT('',(2.2,0.));
#5216 = VECTOR('',#5217,1.);
#5217 = DIRECTION('',(0.,1.));
#5218 = ( GEOMETRIC_REPRESENTATION_CONTEXT(2) 
PARAMETRIC_REPRESENTATION_CONTEXT() REPRESENTATION_CONTEXT('2D SPACE',''
  ) );
#5219 = PCURVE('',#5187,#5220);
#5220 = DEFINITIONAL_REPRESENTATION('',(#5221),#5225);
#5221 = LINE('',#5222,#5223);
#5222 = CARTESIAN_POINT('',(0.,21.));
#5223 = VECTOR('',#5224,1.);
#5224 = DIRECTION('',(1.,0.));
#5225 = ( GEOMETRIC_REPRESENTATION_CONTEXT(2) 
PARAMETRIC_REPRESENTATION_CONTEXT() REPRESENTATION_CONTEXT('2D SPACE',''
  ) );
#5226 = ORIENTED_EDGE('',*,*,#5227,.F.);
#5227 = EDGE_CURVE('',#4646,#5205,#5228,.T.);
#5228 = SURFACE_CURVE('',#5229,(#5233,#5240),.PCURVE_S1.);
#5229 = LINE('',#5230,#5231);
#5230 = CARTESIAN_POINT('',(19.,10.5,-10.6));
#5231 = VECTOR('',#5232,1.);
#5232 = DIRECTION('',(0.,0.,1.));
#5233 = PCURVE('',#4687,#5234);
#5234 = DEFINITIONAL_REPRESENTATION('',(#5235),#5239);
#5235 = LINE('',#5236,#5237);
#5236 = CARTESIAN_POINT('',(0.,7.2));
#5237 = VECTOR('',#5238,1.);
#5238 = DIRECTION('',(1.,0.));
#5239 = ( GEOMETRIC_REPRESENTATION_CONTEXT(2) 
PARAMETRIC_REPRESENTATION_CONTEXT() REPRESENTATION_CONTEXT('2D SPACE',''
  ) );
#5240 = PCURVE('',#4661,#5241);
#5241 = DEFINITIONAL_REPRESENTATION('',(#5242),#5246);
#5242 = LINE('',#5243,#5244);
#5243 = CARTESIAN_POINT('',(0.,-21.));
#5244 = VECTOR('',#5245,1.);
#5245 = DIRECTION('',(1.,0.));
#5246 = ( GEOMETRIC_REPRESENTATION_CONTEXT(2) 
PARAMETRIC_REPRESENTATION_CONTEXT() REPRESENTATION_CONTEXT('2D SPACE',''
  ) );
#5247 = ADVANCED_FACE('',(#5248),#4633,.F.);
#5248 = FACE_BOUND('',#5249,.F.);
#5249 = EDGE_LOOP('',(#5250,#5251,#5252,#5275));
#5250 = ORIENTED_EDGE('',*,*,#4617,.F.);
#5251 = ORIENTED_EDGE('',*,*,#5126,.T.);
#5252 = ORIENTED_EDGE('',*,*,#5253,.T.);
#5253 = EDGE_CURVE('',#5127,#5254,#5256,.T.);
#5254 = VERTEX_POINT('',#5255);
#5255 = CARTESIAN_POINT('',(19.,-10.5,-8.4));
#5256 = SURFACE_CURVE('',#5257,(#5261,#5268),.PCURVE_S1.);
#5257 = LINE('',#5258,#5259);
#5258 = CARTESIAN_POINT('',(11.8,-10.5,-8.4));
#5259 = VECTOR('',#5260,1.);
#5260 = DIRECTION('',(1.,0.,0.));
#5261 = PCURVE('',#4633,#5262);
#5262 = DEFINITIONAL_REPRESENTATION('',(#5263),#5267);
#5263 = LINE('',#5264,#5265);
#5264 = CARTESIAN_POINT('',(2.2,0.));
#5265 = VECTOR('',#5266,1.);
#5266 = DIRECTION('',(0.,1.));
#5267 = ( GEOMETRIC_REPRESENTATION_CONTEXT(2) 
PARAMETRIC_REPRESENTATION_CONTEXT() REPRESENTATION_CONTEXT('2D SPACE',''
  ) );
#5268 = PCURVE('',#5187,#5269);
#5269 = DEFINITIONAL_REPRESENTATION('',(#5270),#5274);
#5270 = LINE('',#5271,#5272);
#5271 = CARTESIAN_POINT('',(0.,0.));
#5272 = VECTOR('',#5273,1.);
#5273 = DIRECTION('',(1.,0.));
#5274 = ( GEOMETRIC_REPRESENTATION_CONTEXT(2) 
PARAMETRIC_REPRESENTATION_CONTEXT() REPRESENTATION_CONTEXT('2D SPACE',''
  ) );
#5275 = ORIENTED_EDGE('',*,*,#5276,.F.);
#5276 = EDGE_CURVE('',#4618,#5254,#5277,.T.);
#5277 = SURFACE_CURVE('',#5278,(#5282,#5289),.PCURVE_S1.);
#5278 = LINE('',#5279,#5280);
#5279 = CARTESIAN_POINT('',(19.,-10.5,-10.6));
#5280 = VECTOR('',#5281,1.);
#5281 = DIRECTION('',(0.,0.,1.));
#5282 = PCURVE('',#4633,#5283);
#5283 = DEFINITIONAL_REPRESENTATION('',(#5284),#5288);
#5284 = LINE('',#5285,#5286);
#5285 = CARTESIAN_POINT('',(0.,7.2));
#5286 = VECTOR('',#5287,1.);
#5287 = DIRECTION('',(1.,0.));
#5288 = ( GEOMETRIC_REPRESENTATION_CONTEXT(2) 
PARAMETRIC_REPRESENTATION_CONTEXT() REPRESENTATION_CONTEXT('2D SPACE',''
  ) );
#5289 = PCURVE('',#4661,#5290);
#5290 = DEFINITIONAL_REPRESENTATION('',(#5291),#5295);
#5291 = LINE('',#5292,#5293);
#5292 = CARTESIAN_POINT('',(0.,0.));
#5293 = VECTOR('',#5294,1.);
#5294 = DIRECTION('',(1.,0.));
#5295 = ( GEOMETRIC_REPRESENTATION_CONTEXT(2) 
PARAMETRIC_REPRESENTATION_CONTEXT() REPRESENTATION_CONTEXT('2D SPACE',''
  ) );
#5296 = ADVANCED_FACE('',(#5297),#4661,.T.);
#5297 = FACE_BOUND('',#5298,.T.);
#5298 = EDGE_LOOP('',(#5299,#5300,#5301,#5302));
#5299 = ORIENTED_EDGE('',*,*,#5276,.F.);
#5300 = ORIENTED_EDGE('',*,*,#4645,.T.);
#5301 = ORIENTED_EDGE('',*,*,#5227,.T.);
#5302 = ORIENTED_EDGE('',*,*,#5303,.F.);
#5303 = EDGE_CURVE('',#5254,#5205,#5304,.T.);
#5304 = SURFACE_CURVE('',#5305,(#5309,#5316),.PCURVE_S1.);
#5305 = LINE('',#5306,#5307);
#5306 = CARTESIAN_POINT('',(19.,-10.5,-8.4));
#5307 = VECTOR('',#5308,1.);
#5308 = DIRECTION('',(0.,1.,0.));
#5309 = PCURVE('',#4661,#5310);
#5310 = DEFINITIONAL_REPRESENTATION('',(#5311),#5315);
#5311 = LINE('',#5312,#5313);
#5312 = CARTESIAN_POINT('',(2.2,0.));
#5313 = VECTOR('',#5314,1.);
#5314 = DIRECTION('',(0.,-1.));
#5315 = ( GEOMETRIC_REPRESENTATION_CONTEXT(2) 
PARAMETRIC_REPRESENTATION_CONTEXT() REPRESENTATION_CONTEXT('2D SPACE',''
  ) );
#5316 = PCURVE('',#5187,#5317);
#5317 = DEFINITIONAL_REPRESENTATION('',(#5318),#5322);
#5318 = LINE('',#5319,#5320);
#5319 = CARTESIAN_POINT('',(7.2,0.));
#5320 = VECTOR('',#5321,1.);
#5321 = DIRECTION('',(0.,1.));
#5322 = ( GEOMETRIC_REPRESENTATION_CONTEXT(2) 
PARAMETRIC_REPRESENTATION_CONTEXT() REPRESENTATION_CONTEXT('2D SPACE',''
  ) );
#5323 = ADVANCED_FACE('',(#5324),#4832,.F.);
#5324 = FACE_BOUND('',#5325,.F.);
#5325 = EDGE_LOOP('',(#5326,#5350,#5371,#5372));
#5326 = ORIENTED_EDGE('',*,*,#5327,.F.);
#5327 = EDGE_CURVE('',#5328,#5328,#5330,.T.);
#5328 = VERTEX_POINT('',#5329);
#5329 = CARTESIAN_POINT('',(14.7,-2.32682891838E-16,-8.4));
#5330 = SURFACE_CURVE('',#5331,(#5336,#5343),.PCURVE_S1.);
#5331 = CIRCLE('',#5332,0.95);
#5332 = AXIS2_PLACEMENT_3D('',#5333,#5334,#5335);
#5333 = CARTESIAN_POINT('',(13.75,0.,-8.4));
#5334 = DIRECTION('',(0.,0.,1.));
#5335 = DIRECTION('',(1.,0.,-0.));
#5336 = PCURVE('',#4832,#5337);
#5337 = DEFINITIONAL_REPRESENTATION('',(#5338),#5342);
#5338 = LINE('',#5339,#5340);
#5339 = CARTESIAN_POINT('',(0.,6.6));
#5340 = VECTOR('',#5341,1.);
#5341 = DIRECTION('',(1.,0.));
#5342 = ( GEOMETRIC_REPRESENTATION_CONTEXT(2) 
PARAMETRIC_REPRESENTATION_CONTEXT() REPRESENTATION_CONTEXT('2D SPACE',''
  ) );
#5343 = PCURVE('',#5187,#5344);
#5344 = DEFINITIONAL_REPRESENTATION('',(#5345),#5349);
#5345 = CIRCLE('',#5346,0.95);
#5346 = AXIS2_PLACEMENT_2D('',#5347,#5348);
#5347 = CARTESIAN_POINT('',(1.95,10.5));
#5348 = DIRECTION('',(1.,0.));
#5349 = ( GEOMETRIC_REPRESENTATION_CONTEXT(2) 
PARAMETRIC_REPRESENTATION_CONTEXT() REPRESENTATION_CONTEXT('2D SPACE',''
  ) );
#5350 = ORIENTED_EDGE('',*,*,#5351,.F.);
#5351 = EDGE_CURVE('',#4816,#5328,#5352,.T.);
#5352 = SEAM_CURVE('',#5353,(#5357,#5364),.PCURVE_S1.);
#5353 = LINE('',#5354,#5355);
#5354 = CARTESIAN_POINT('',(14.7,-2.32682891838E-16,-15.));
#5355 = VECTOR('',#5356,1.);
#5356 = DIRECTION('',(0.,0.,1.));
#5357 = PCURVE('',#4832,#5358);
#5358 = DEFINITIONAL_REPRESENTATION('',(#5359),#5363);
#5359 = LINE('',#5360,#5361);
#5360 = CARTESIAN_POINT('',(6.28318530718,-0.));
#5361 = VECTOR('',#5362,1.);
#5362 = DIRECTION('',(0.,1.));
#5363 = ( GEOMETRIC_REPRESENTATION_CONTEXT(2) 
PARAMETRIC_REPRESENTATION_CONTEXT() REPRESENTATION_CONTEXT('2D SPACE',''
  ) );
#5364 = PCURVE('',#4832,#5365);
#5365 = DEFINITIONAL_REPRESENTATION('',(#5366),#5370);
#5366 = LINE('',#5367,#5368);
#5367 = CARTESIAN_POINT('',(0.,-0.));
#5368 = VECTOR('',#5369,1.);
#5369 = DIRECTION('',(0.,1.));
#5370 = ( GEOMETRIC_REPRESENTATION_CONTEXT(2) 
PARAMETRIC_REPRESENTATION_CONTEXT() REPRESENTATION_CONTEXT('2D SPACE',''
  ) );
#5371 = ORIENTED_EDGE('',*,*,#4815,.T.);
#5372 = ORIENTED_EDGE('',*,*,#5351,.T.);
#5373 = ADVANCED_FACE('',(#5374,#5380),#4936,.T.);
#5374 = FACE_BOUND('',#5375,.T.);
#5375 = EDGE_LOOP('',(#5376,#5377,#5378,#5379));
#5376 = ORIENTED_EDGE('',*,*,#4922,.F.);
#5377 = ORIENTED_EDGE('',*,*,#5002,.T.);
#5378 = ORIENTED_EDGE('',*,*,#5052,.T.);
#5379 = ORIENTED_EDGE('',*,*,#4953,.F.);
#5380 = FACE_BOUND('',#5381,.T.);
#5381 = EDGE_LOOP('',(#5382));
#5382 = ORIENTED_EDGE('',*,*,#5076,.F.);
#5383 = ADVANCED_FACE('',(#5384,#5390),#5187,.T.);
#5384 = FACE_BOUND('',#5385,.T.);
#5385 = EDGE_LOOP('',(#5386,#5387,#5388,#5389));
#5386 = ORIENTED_EDGE('',*,*,#5173,.F.);
#5387 = ORIENTED_EDGE('',*,*,#5253,.T.);
#5388 = ORIENTED_EDGE('',*,*,#5303,.T.);
#5389 = ORIENTED_EDGE('',*,*,#5204,.F.);
#5390 = FACE_BOUND('',#5391,.T.);
#5391 = EDGE_LOOP('',(#5392));
#5392 = ORIENTED_EDGE('',*,*,#5327,.F.);
#5393 = ( GEOMETRIC_REPRESENTATION_CONTEXT(3) 
GLOBAL_UNCERTAINTY_ASSIGNED_CONTEXT((#5397)) 
GLOBAL_UNIT_ASSIGNED_CONTEXT((#5394,#5395,#5396)) REPRESENTATION_CONTEXT
('Context #1','3D Context with UNIT and UNCERTAINTY') );
#5394 = ( LENGTH_UNIT() NAMED_UNIT(*) SI_UNIT(.MILLI.,.METRE.) );
#5395 = ( NAMED_UNIT(*) PLANE_ANGLE_UNIT() SI_UNIT($,.RADIAN.) );
#5396 = ( NAMED_UNIT(*) SI_UNIT($,.STERADIAN.) SOLID_ANGLE_UNIT() );
#5397 = UNCERTAINTY_MEASURE_WITH_UNIT(LENGTH_MEASURE(2.E-07),#5394,
  'distance_accuracy_value','confusion accuracy');
#5398 = CONTEXT_DEPENDENT_SHAPE_REPRESENTATION(#5399,#5401);
#5399 = ( REPRESENTATION_RELATIONSHIP('','',#44,#10) 
REPRESENTATION_RELATIONSHIP_WITH_TRANSFORMATION(#5400) 
SHAPE_REPRESENTATION_RELATIONSHIP() );
#5400 = ITEM_DEFINED_TRANSFORMATION('','',#11,#15);
#5401 = PRODUCT_DEFINITION_SHAPE('Placement','Placement of an item',
  #5402);
#5402 = NEXT_ASSEMBLY_USAGE_OCCURRENCE('5','PanServo_StabilityBase','',
  #5,#39,$);
#5403 = PRODUCT_RELATED_PRODUCT_CATEGORY('part',$,(#41));
#5404 = SHAPE_DEFINITION_REPRESENTATION(#5405,#5411);
#5405 = PRODUCT_DEFINITION_SHAPE('','',#5406);
#5406 = PRODUCT_DEFINITION('design','',#5407,#5410);
#5407 = PRODUCT_DEFINITION_FORMATION('','',#5408);
#5408 = PRODUCT('CurvedArm_SG90_TiltHolder','CurvedArm_SG90_TiltHolder',
  '',(#5409));
#5409 = PRODUCT_CONTEXT('',#2,'mechanical');
#5410 = PRODUCT_DEFINITION_CONTEXT('part definition',#2,'design');
#5411 = ADVANCED_BREP_SHAPE_REPRESENTATION('',(#11,#5412),#11382);
#5412 = MANIFOLD_SOLID_BREP('',#5413);
#5413 = CLOSED_SHELL('',(#5414,#5502,#5556,#5610,#5769,#5931,#5958,#6013
    ,#6068,#6123,#6150,#6577,#6628,#6987,#7015,#7019,#7023,#7027,#7055,
    #7083,#7111,#7352,#7569,#7668,#7742,#7749,#7803,#7908,#7966,#8203,
    #8208,#8234,#8292,#8339,#8497,#8655,#8813,#8860,#8888,#9145,#9195,
    #9350,#9465,#9512,#9642,#9785,#9933,#9958,#9965,#10057,#10104,#10152
    ,#10270,#10295,#10322,#10439,#10498,#10674,#10721,#10769,#10797,
    #10820,#10948,#10957,#11003,#11074,#11101,#11170,#11220,#11247,
    #11274,#11281,#11330,#11355,#11364,#11369,#11378));
#5414 = ADVANCED_FACE('',(#5415),#5429,.T.);
#5415 = FACE_BOUND('',#5416,.F.);
#5416 = EDGE_LOOP('',(#5417,#5447,#5474,#5475));
#5417 = ORIENTED_EDGE('',*,*,#5418,.T.);
#5418 = EDGE_CURVE('',#5419,#5421,#5423,.T.);
#5419 = VERTEX_POINT('',#5420);
#5420 = CARTESIAN_POINT('',(20.,0.,5.));
#5421 = VERTEX_POINT('',#5422);
#5422 = CARTESIAN_POINT('',(20.,0.,7.));
#5423 = SEAM_CURVE('',#5424,(#5428,#5440),.PCURVE_S1.);
#5424 = LINE('',#5425,#5426);
#5425 = CARTESIAN_POINT('',(20.,0.,4.));
#5426 = VECTOR('',#5427,1.);
#5427 = DIRECTION('',(0.,0.,1.));
#5428 = PCURVE('',#5429,#5434);
#5429 = CYLINDRICAL_SURFACE('',#5430,20.);
#5430 = AXIS2_PLACEMENT_3D('',#5431,#5432,#5433);
#5431 = CARTESIAN_POINT('',(0.,0.,4.));
#5432 = DIRECTION('',(-0.,-0.,-1.));
#5433 = DIRECTION('',(1.,0.,0.));
#5434 = DEFINITIONAL_REPRESENTATION('',(#5435),#5439);
#5435 = LINE('',#5436,#5437);
#5436 = CARTESIAN_POINT('',(-0.,0.));
#5437 = VECTOR('',#5438,1.);
#5438 = DIRECTION('',(-0.,-1.));
#5439 = ( GEOMETRIC_REPRESENTATION_CONTEXT(2) 
PARAMETRIC_REPRESENTATION_CONTEXT() REPRESENTATION_CONTEXT('2D SPACE',''
  ) );
#5440 = PCURVE('',#5429,#5441);
#5441 = DEFINITIONAL_REPRESENTATION('',(#5442),#5446);
#5442 = LINE('',#5443,#5444);
#5443 = CARTESIAN_POINT('',(-6.28318530718,0.));
#5444 = VECTOR('',#5445,1.);
#5445 = DIRECTION('',(-0.,-1.));
#5446 = ( GEOMETRIC_REPRESENTATION_CONTEXT(2) 
PARAMETRIC_REPRESENTATION_CONTEXT() REPRESENTATION_CONTEXT('2D SPACE',''
  ) );
#5447 = ORIENTED_EDGE('',*,*,#5448,.T.);
#5448 = EDGE_CURVE('',#5421,#5421,#5449,.T.);
#5449 = SURFACE_CURVE('',#5450,(#5455,#5462),.PCURVE_S1.);
#5450 = CIRCLE('',#5451,20.);
#5451 = AXIS2_PLACEMENT_3D('',#5452,#5453,#5454);
#5452 = CARTESIAN_POINT('',(0.,0.,7.));
#5453 = DIRECTION('',(0.,0.,1.));
#5454 = DIRECTION('',(1.,0.,-0.));
#5455 = PCURVE('',#5429,#5456);
#5456 = DEFINITIONAL_REPRESENTATION('',(#5457),#5461);
#5457 = LINE('',#5458,#5459);
#5458 = CARTESIAN_POINT('',(-0.,-3.));
#5459 = VECTOR('',#5460,1.);
#5460 = DIRECTION('',(-1.,0.));
#5461 = ( GEOMETRIC_REPRESENTATION_CONTEXT(2) 
PARAMETRIC_REPRESENTATION_CONTEXT() REPRESENTATION_CONTEXT('2D SPACE',''
  ) );
#5462 = PCURVE('',#5463,#5468);
#5463 = TOROIDAL_SURFACE('',#5464,19.,1.);
#5464 = AXIS2_PLACEMENT_3D('',#5465,#5466,#5467);
#5465 = CARTESIAN_POINT('',(0.,0.,7.));
#5466 = DIRECTION('',(0.,0.,1.));
#5467 = DIRECTION('',(1.,0.,-0.));
#5468 = DEFINITIONAL_REPRESENTATION('',(#5469),#5473);
#5469 = LINE('',#5470,#5471);
#5470 = CARTESIAN_POINT('',(0.,0.));
#5471 = VECTOR('',#5472,1.);
#5472 = DIRECTION('',(1.,0.));
#5473 = ( GEOMETRIC_REPRESENTATION_CONTEXT(2) 
PARAMETRIC_REPRESENTATION_CONTEXT() REPRESENTATION_CONTEXT('2D SPACE',''
  ) );
#5474 = ORIENTED_EDGE('',*,*,#5418,.F.);
#5475 = ORIENTED_EDGE('',*,*,#5476,.F.);
#5476 = EDGE_CURVE('',#5419,#5419,#5477,.T.);
#5477 = SURFACE_CURVE('',#5478,(#5483,#5490),.PCURVE_S1.);
#5478 = CIRCLE('',#5479,20.);
#5479 = AXIS2_PLACEMENT_3D('',#5480,#5481,#5482);
#5480 = CARTESIAN_POINT('',(0.,0.,5.));
#5481 = DIRECTION('',(0.,0.,1.));
#5482 = DIRECTION('',(1.,0.,-0.));
#5483 = PCURVE('',#5429,#5484);
#5484 = DEFINITIONAL_REPRESENTATION('',(#5485),#5489);
#5485 = LINE('',#5486,#5487);
#5486 = CARTESIAN_POINT('',(-0.,-1.));
#5487 = VECTOR('',#5488,1.);
#5488 = DIRECTION('',(-1.,0.));
#5489 = ( GEOMETRIC_REPRESENTATION_CONTEXT(2) 
PARAMETRIC_REPRESENTATION_CONTEXT() REPRESENTATION_CONTEXT('2D SPACE',''
  ) );
#5490 = PCURVE('',#5491,#5496);
#5491 = TOROIDAL_SURFACE('',#5492,19.,1.);
#5492 = AXIS2_PLACEMENT_3D('',#5493,#5494,#5495);
#5493 = CARTESIAN_POINT('',(0.,0.,5.));
#5494 = DIRECTION('',(-0.,-0.,-1.));
#5495 = DIRECTION('',(1.,0.,-0.));
#5496 = DEFINITIONAL_REPRESENTATION('',(#5497),#5501);
#5497 = LINE('',#5498,#5499);
#5498 = CARTESIAN_POINT('',(-0.,0.));
#5499 = VECTOR('',#5500,1.);
#5500 = DIRECTION('',(-1.,0.));
#5501 = ( GEOMETRIC_REPRESENTATION_CONTEXT(2) 
PARAMETRIC_REPRESENTATION_CONTEXT() REPRESENTATION_CONTEXT('2D SPACE',''
  ) );
#5502 = ADVANCED_FACE('',(#5503),#5491,.T.);
#5503 = FACE_BOUND('',#5504,.F.);
#5504 = EDGE_LOOP('',(#5505,#5527,#5528,#5529));
#5505 = ORIENTED_EDGE('',*,*,#5506,.F.);
#5506 = EDGE_CURVE('',#5419,#5507,#5509,.T.);
#5507 = VERTEX_POINT('',#5508);
#5508 = CARTESIAN_POINT('',(19.,0.,4.));
#5509 = SEAM_CURVE('',#5510,(#5515,#5521),.PCURVE_S1.);
#5510 = CIRCLE('',#5511,1.);
#5511 = AXIS2_PLACEMENT_3D('',#5512,#5513,#5514);
#5512 = CARTESIAN_POINT('',(19.,0.,5.));
#5513 = DIRECTION('',(0.,1.,0.));
#5514 = DIRECTION('',(1.,0.,-0.));
#5515 = PCURVE('',#5491,#5516);
#5516 = DEFINITIONAL_REPRESENTATION('',(#5517),#5520);
#5517 = B_SPLINE_CURVE_WITH_KNOTS('',1,(#5518,#5519),.UNSPECIFIED.,.F.,
  .F.,(2,2),(0.,1.570796326795),.PIECEWISE_BEZIER_KNOTS.);
#5518 = CARTESIAN_POINT('',(0.,0.));
#5519 = CARTESIAN_POINT('',(0.,1.570796326795));
#5520 = ( GEOMETRIC_REPRESENTATION_CONTEXT(2) 
PARAMETRIC_REPRESENTATION_CONTEXT() REPRESENTATION_CONTEXT('2D SPACE',''
  ) );
#5521 = PCURVE('',#5491,#5522);
#5522 = DEFINITIONAL_REPRESENTATION('',(#5523),#5526);
#5523 = B_SPLINE_CURVE_WITH_KNOTS('',1,(#5524,#5525),.UNSPECIFIED.,.F.,
  .F.,(2,2),(0.,1.570796326795),.PIECEWISE_BEZIER_KNOTS.);
#5524 = CARTESIAN_POINT('',(-6.28318530718,0.));
#5525 = CARTESIAN_POINT('',(-6.28318530718,1.570796326795));
#5526 = ( GEOMETRIC_REPRESENTATION_CONTEXT(2) 
PARAMETRIC_REPRESENTATION_CONTEXT() REPRESENTATION_CONTEXT('2D SPACE',''
  ) );
#5527 = ORIENTED_EDGE('',*,*,#5476,.F.);
#5528 = ORIENTED_EDGE('',*,*,#5506,.T.);
#5529 = ORIENTED_EDGE('',*,*,#5530,.T.);
#5530 = EDGE_CURVE('',#5507,#5507,#5531,.T.);
#5531 = SURFACE_CURVE('',#5532,(#5537,#5544),.PCURVE_S1.);
#5532 = CIRCLE('',#5533,19.);
#5533 = AXIS2_PLACEMENT_3D('',#5534,#5535,#5536);
#5534 = CARTESIAN_POINT('',(0.,0.,4.));
#5535 = DIRECTION('',(0.,0.,1.));
#5536 = DIRECTION('',(1.,0.,-0.));
#5537 = PCURVE('',#5491,#5538);
#5538 = DEFINITIONAL_REPRESENTATION('',(#5539),#5543);
#5539 = LINE('',#5540,#5541);
#5540 = CARTESIAN_POINT('',(-0.,1.570796326795));
#5541 = VECTOR('',#5542,1.);
#5542 = DIRECTION('',(-1.,0.));
#5543 = ( GEOMETRIC_REPRESENTATION_CONTEXT(2) 
PARAMETRIC_REPRESENTATION_CONTEXT() REPRESENTATION_CONTEXT('2D SPACE',''
  ) );
#5544 = PCURVE('',#5545,#5550);
#5545 = PLANE('',#5546);
#5546 = AXIS2_PLACEMENT_3D('',#5547,#5548,#5549);
#5547 = CARTESIAN_POINT('',(-1.093952106032E-15,2.775209066E-16,4.));
#5548 = DIRECTION('',(0.,0.,1.));
#5549 = DIRECTION('',(1.,0.,-0.));
#5550 = DEFINITIONAL_REPRESENTATION('',(#5551),#5555);
#5551 = CIRCLE('',#5552,19.);
#5552 = AXIS2_PLACEMENT_2D('',#5553,#5554);
#5553 = CARTESIAN_POINT('',(1.093952106032E-15,-2.775209066E-16));
#5554 = DIRECTION('',(1.,0.));
#5555 = ( GEOMETRIC_REPRESENTATION_CONTEXT(2) 
PARAMETRIC_REPRESENTATION_CONTEXT() REPRESENTATION_CONTEXT('2D SPACE',''
  ) );
#5556 = ADVANCED_FACE('',(#5557),#5463,.T.);
#5557 = FACE_BOUND('',#5558,.T.);
#5558 = EDGE_LOOP('',(#5559,#5581,#5582,#5583));
#5559 = ORIENTED_EDGE('',*,*,#5560,.F.);
#5560 = EDGE_CURVE('',#5421,#5561,#5563,.T.);
#5561 = VERTEX_POINT('',#5562);
#5562 = CARTESIAN_POINT('',(19.,0.,8.));
#5563 = SEAM_CURVE('',#5564,(#5569,#5575),.PCURVE_S1.);
#5564 = CIRCLE('',#5565,1.);
#5565 = AXIS2_PLACEMENT_3D('',#5566,#5567,#5568);
#5566 = CARTESIAN_POINT('',(19.,0.,7.));
#5567 = DIRECTION('',(0.,-1.,0.));
#5568 = DIRECTION('',(1.,0.,0.));
#5569 = PCURVE('',#5463,#5570);
#5570 = DEFINITIONAL_REPRESENTATION('',(#5571),#5574);
#5571 = B_SPLINE_CURVE_WITH_KNOTS('',1,(#5572,#5573),.UNSPECIFIED.,.F.,
  .F.,(2,2),(0.,1.570796326795),.PIECEWISE_BEZIER_KNOTS.);
#5572 = CARTESIAN_POINT('',(0.,0.));
#5573 = CARTESIAN_POINT('',(0.,1.570796326795));
#5574 = ( GEOMETRIC_REPRESENTATION_CONTEXT(2) 
PARAMETRIC_REPRESENTATION_CONTEXT() REPRESENTATION_CONTEXT('2D SPACE',''
  ) );
#5575 = PCURVE('',#5463,#5576);
#5576 = DEFINITIONAL_REPRESENTATION('',(#5577),#5580);
#5577 = B_SPLINE_CURVE_WITH_KNOTS('',1,(#5578,#5579),.UNSPECIFIED.,.F.,
  .F.,(2,2),(0.,1.570796326795),.PIECEWISE_BEZIER_KNOTS.);
#5578 = CARTESIAN_POINT('',(6.28318530718,0.));
#5579 = CARTESIAN_POINT('',(6.28318530718,1.570796326795));
#5580 = ( GEOMETRIC_REPRESENTATION_CONTEXT(2) 
PARAMETRIC_REPRESENTATION_CONTEXT() REPRESENTATION_CONTEXT('2D SPACE',''
  ) );
#5581 = ORIENTED_EDGE('',*,*,#5448,.T.);
#5582 = ORIENTED_EDGE('',*,*,#5560,.T.);
#5583 = ORIENTED_EDGE('',*,*,#5584,.F.);
#5584 = EDGE_CURVE('',#5561,#5561,#5585,.T.);
#5585 = SURFACE_CURVE('',#5586,(#5591,#5598),.PCURVE_S1.);
#5586 = CIRCLE('',#5587,19.);
#5587 = AXIS2_PLACEMENT_3D('',#5588,#5589,#5590);
#5588 = CARTESIAN_POINT('',(0.,0.,8.));
#5589 = DIRECTION('',(0.,0.,1.));
#5590 = DIRECTION('',(1.,0.,-0.));
#5591 = PCURVE('',#5463,#5592);
#5592 = DEFINITIONAL_REPRESENTATION('',(#5593),#5597);
#5593 = LINE('',#5594,#5595);
#5594 = CARTESIAN_POINT('',(0.,1.570796326795));
#5595 = VECTOR('',#5596,1.);
#5596 = DIRECTION('',(1.,0.));
#5597 = ( GEOMETRIC_REPRESENTATION_CONTEXT(2) 
PARAMETRIC_REPRESENTATION_CONTEXT() REPRESENTATION_CONTEXT('2D SPACE',''
  ) );
#5598 = PCURVE('',#5599,#5604);
#5599 = PLANE('',#5600);
#5600 = AXIS2_PLACEMENT_3D('',#5601,#5602,#5603);
#5601 = CARTESIAN_POINT('',(-1.093952106032E-15,2.775209066E-16,8.));
#5602 = DIRECTION('',(0.,0.,1.));
#5603 = DIRECTION('',(1.,0.,-0.));
#5604 = DEFINITIONAL_REPRESENTATION('',(#5605),#5609);
#5605 = CIRCLE('',#5606,19.);
#5606 = AXIS2_PLACEMENT_2D('',#5607,#5608);
#5607 = CARTESIAN_POINT('',(1.093952106032E-15,-2.775209066E-16));
#5608 = DIRECTION('',(1.,0.));
#5609 = ( GEOMETRIC_REPRESENTATION_CONTEXT(2) 
PARAMETRIC_REPRESENTATION_CONTEXT() REPRESENTATION_CONTEXT('2D SPACE',''
  ) );
#5610 = ADVANCED_FACE('',(#5611,#5614,#5645,#5676,#5707,#5738),#5545,.F.
  );
#5611 = FACE_BOUND('',#5612,.F.);
#5612 = EDGE_LOOP('',(#5613));
#5613 = ORIENTED_EDGE('',*,*,#5530,.T.);
#5614 = FACE_BOUND('',#5615,.F.);
#5615 = EDGE_LOOP('',(#5616));
#5616 = ORIENTED_EDGE('',*,*,#5617,.F.);
#5617 = EDGE_CURVE('',#5618,#5618,#5620,.T.);
#5618 = VERTEX_POINT('',#5619);
#5619 = CARTESIAN_POINT('',(1.,-7.,4.));
#5620 = SURFACE_CURVE('',#5621,(#5626,#5633),.PCURVE_S1.);
#5621 = CIRCLE('',#5622,1.);
#5622 = AXIS2_PLACEMENT_3D('',#5623,#5624,#5625);
#5623 = CARTESIAN_POINT('',(0.,-7.,4.));
#5624 = DIRECTION('',(0.,0.,1.));
#5625 = DIRECTION('',(1.,0.,-0.));
#5626 = PCURVE('',#5545,#5627);
#5627 = DEFINITIONAL_REPRESENTATION('',(#5628),#5632);
#5628 = CIRCLE('',#5629,1.);
#5629 = AXIS2_PLACEMENT_2D('',#5630,#5631);
#5630 = CARTESIAN_POINT('',(1.093952106032E-15,-7.));
#5631 = DIRECTION('',(1.,0.));
#5632 = ( GEOMETRIC_REPRESENTATION_CONTEXT(2) 
PARAMETRIC_REPRESENTATION_CONTEXT() REPRESENTATION_CONTEXT('2D SPACE',''
  ) );
#5633 = PCURVE('',#5634,#5639);
#5634 = CYLINDRICAL_SURFACE('',#5635,1.);
#5635 = AXIS2_PLACEMENT_3D('',#5636,#5637,#5638);
#5636 = CARTESIAN_POINT('',(0.,-7.,3.5));
#5637 = DIRECTION('',(0.,0.,1.));
#5638 = DIRECTION('',(1.,0.,-0.));
#5639 = DEFINITIONAL_REPRESENTATION('',(#5640),#5644);
#5640 = LINE('',#5641,#5642);
#5641 = CARTESIAN_POINT('',(0.,0.5));
#5642 = VECTOR('',#5643,1.);
#5643 = DIRECTION('',(1.,0.));
#5644 = ( GEOMETRIC_REPRESENTATION_CONTEXT(2) 
PARAMETRIC_REPRESENTATION_CONTEXT() REPRESENTATION_CONTEXT('2D SPACE',''
  ) );
#5645 = FACE_BOUND('',#5646,.F.);
#5646 = EDGE_LOOP('',(#5647));
#5647 = ORIENTED_EDGE('',*,*,#5648,.F.);
#5648 = EDGE_CURVE('',#5649,#5649,#5651,.T.);
#5649 = VERTEX_POINT('',#5650);
#5650 = CARTESIAN_POINT('',(-6.,-2.449293598295E-16,4.));
#5651 = SURFACE_CURVE('',#5652,(#5657,#5664),.PCURVE_S1.);
#5652 = CIRCLE('',#5653,1.);
#5653 = AXIS2_PLACEMENT_3D('',#5654,#5655,#5656);
#5654 = CARTESIAN_POINT('',(-7.,0.,4.));
#5655 = DIRECTION('',(0.,0.,1.));
#5656 = DIRECTION('',(1.,0.,-0.));
#5657 = PCURVE('',#5545,#5658);
#5658 = DEFINITIONAL_REPRESENTATION('',(#5659),#5663);
#5659 = CIRCLE('',#5660,1.);
#5660 = AXIS2_PLACEMENT_2D('',#5661,#5662);
#5661 = CARTESIAN_POINT('',(-7.,-2.775209066E-16));
#5662 = DIRECTION('',(1.,0.));
#5663 = ( GEOMETRIC_REPRESENTATION_CONTEXT(2) 
PARAMETRIC_REPRESENTATION_CONTEXT() REPRESENTATION_CONTEXT('2D SPACE',''
  ) );
#5664 = PCURVE('',#5665,#5670);
#5665 = CYLINDRICAL_SURFACE('',#5666,1.);
#5666 = AXIS2_PLACEMENT_3D('',#5667,#5668,#5669);
#5667 = CARTESIAN_POINT('',(-7.,0.,3.5));
#5668 = DIRECTION('',(0.,0.,1.));
#5669 = DIRECTION('',(1.,0.,-0.));
#5670 = DEFINITIONAL_REPRESENTATION('',(#5671),#5675);
#5671 = LINE('',#5672,#5673);
#5672 = CARTESIAN_POINT('',(0.,0.5));
#5673 = VECTOR('',#5674,1.);
#5674 = DIRECTION('',(1.,0.));
#5675 = ( GEOMETRIC_REPRESENTATION_CONTEXT(2) 
PARAMETRIC_REPRESENTATION_CONTEXT() REPRESENTATION_CONTEXT('2D SPACE',''
  ) );
#5676 = FACE_BOUND('',#5677,.F.);
#5677 = EDGE_LOOP('',(#5678));
#5678 = ORIENTED_EDGE('',*,*,#5679,.F.);
#5679 = EDGE_CURVE('',#5680,#5680,#5682,.T.);
#5680 = VERTEX_POINT('',#5681);
#5681 = CARTESIAN_POINT('',(1.6,-3.918869757272E-16,4.));
#5682 = SURFACE_CURVE('',#5683,(#5688,#5695),.PCURVE_S1.);
#5683 = CIRCLE('',#5684,1.6);
#5684 = AXIS2_PLACEMENT_3D('',#5685,#5686,#5687);
#5685 = CARTESIAN_POINT('',(0.,0.,4.));
#5686 = DIRECTION('',(0.,0.,1.));
#5687 = DIRECTION('',(1.,0.,-0.));
#5688 = PCURVE('',#5545,#5689);
#5689 = DEFINITIONAL_REPRESENTATION('',(#5690),#5694);
#5690 = CIRCLE('',#5691,1.6);
#5691 = AXIS2_PLACEMENT_2D('',#5692,#5693);
#5692 = CARTESIAN_POINT('',(1.093952106032E-15,-2.775209066E-16));
#5693 = DIRECTION('',(1.,0.));
#5694 = ( GEOMETRIC_REPRESENTATION_CONTEXT(2) 
PARAMETRIC_REPRESENTATION_CONTEXT() REPRESENTATION_CONTEXT('2D SPACE',''
  ) );
#5695 = PCURVE('',#5696,#5701);
#5696 = CYLINDRICAL_SURFACE('',#5697,1.6);
#5697 = AXIS2_PLACEMENT_3D('',#5698,#5699,#5700);
#5698 = CARTESIAN_POINT('',(0.,0.,3.5));
#5699 = DIRECTION('',(0.,0.,1.));
#5700 = DIRECTION('',(1.,0.,-0.));
#5701 = DEFINITIONAL_REPRESENTATION('',(#5702),#5706);
#5702 = LINE('',#5703,#5704);
#5703 = CARTESIAN_POINT('',(0.,0.5));
#5704 = VECTOR('',#5705,1.);
#5705 = DIRECTION('',(1.,0.));
#5706 = ( GEOMETRIC_REPRESENTATION_CONTEXT(2) 
PARAMETRIC_REPRESENTATION_CONTEXT() REPRESENTATION_CONTEXT('2D SPACE',''
  ) );
#5707 = FACE_BOUND('',#5708,.F.);
#5708 = EDGE_LOOP('',(#5709));
#5709 = ORIENTED_EDGE('',*,*,#5710,.F.);
#5710 = EDGE_CURVE('',#5711,#5711,#5713,.T.);
#5711 = VERTEX_POINT('',#5712);
#5712 = CARTESIAN_POINT('',(8.,-2.449293598295E-16,4.));
#5713 = SURFACE_CURVE('',#5714,(#5719,#5726),.PCURVE_S1.);
#5714 = CIRCLE('',#5715,1.);
#5715 = AXIS2_PLACEMENT_3D('',#5716,#5717,#5718);
#5716 = CARTESIAN_POINT('',(7.,0.,4.));
#5717 = DIRECTION('',(0.,0.,1.));
#5718 = DIRECTION('',(1.,0.,-0.));
#5719 = PCURVE('',#5545,#5720);
#5720 = DEFINITIONAL_REPRESENTATION('',(#5721),#5725);
#5721 = CIRCLE('',#5722,1.);
#5722 = AXIS2_PLACEMENT_2D('',#5723,#5724);
#5723 = CARTESIAN_POINT('',(7.,-2.775209066E-16));
#5724 = DIRECTION('',(1.,0.));
#5725 = ( GEOMETRIC_REPRESENTATION_CONTEXT(2) 
PARAMETRIC_REPRESENTATION_CONTEXT() REPRESENTATION_CONTEXT('2D SPACE',''
  ) );
#5726 = PCURVE('',#5727,#5732);
#5727 = CYLINDRICAL_SURFACE('',#5728,1.);
#5728 = AXIS2_PLACEMENT_3D('',#5729,#5730,#5731);
#5729 = CARTESIAN_POINT('',(7.,0.,3.5));
#5730 = DIRECTION('',(0.,0.,1.));
#5731 = DIRECTION('',(1.,0.,-0.));
#5732 = DEFINITIONAL_REPRESENTATION('',(#5733),#5737);
#5733 = LINE('',#5734,#5735);
#5734 = CARTESIAN_POINT('',(0.,0.5));
#5735 = VECTOR('',#5736,1.);
#5736 = DIRECTION('',(1.,0.));
#5737 = ( GEOMETRIC_REPRESENTATION_CONTEXT(2) 
PARAMETRIC_REPRESENTATION_CONTEXT() REPRESENTATION_CONTEXT('2D SPACE',''
  ) );
#5738 = FACE_BOUND('',#5739,.F.);
#5739 = EDGE_LOOP('',(#5740));
#5740 = ORIENTED_EDGE('',*,*,#5741,.F.);
#5741 = EDGE_CURVE('',#5742,#5742,#5744,.T.);
#5742 = VERTEX_POINT('',#5743);
#5743 = CARTESIAN_POINT('',(1.,7.,4.));
#5744 = SURFACE_CURVE('',#5745,(#5750,#5757),.PCURVE_S1.);
#5745 = CIRCLE('',#5746,1.);
#5746 = AXIS2_PLACEMENT_3D('',#5747,#5748,#5749);
#5747 = CARTESIAN_POINT('',(0.,7.,4.));
#5748 = DIRECTION('',(0.,0.,1.));
#5749 = DIRECTION('',(1.,0.,-0.));
#5750 = PCURVE('',#5545,#5751);
#5751 = DEFINITIONAL_REPRESENTATION('',(#5752),#5756);
#5752 = CIRCLE('',#5753,1.);
#5753 = AXIS2_PLACEMENT_2D('',#5754,#5755);
#5754 = CARTESIAN_POINT('',(1.093952106032E-15,7.));
#5755 = DIRECTION('',(1.,0.));
#5756 = ( GEOMETRIC_REPRESENTATION_CONTEXT(2) 
PARAMETRIC_REPRESENTATION_CONTEXT() REPRESENTATION_CONTEXT('2D SPACE',''
  ) );
#5757 = PCURVE('',#5758,#5763);
#5758 = CYLINDRICAL_SURFACE('',#5759,1.);
#5759 = AXIS2_PLACEMENT_3D('',#5760,#5761,#5762);
#5760 = CARTESIAN_POINT('',(0.,7.,3.5));
#5761 = DIRECTION('',(0.,0.,1.));
#5762 = DIRECTION('',(1.,0.,-0.));
#5763 = DEFINITIONAL_REPRESENTATION('',(#5764),#5768);
#5764 = LINE('',#5765,#5766);
#5765 = CARTESIAN_POINT('',(0.,0.5));
#5766 = VECTOR('',#5767,1.);
#5767 = DIRECTION('',(1.,0.));
#5768 = ( GEOMETRIC_REPRESENTATION_CONTEXT(2) 
PARAMETRIC_REPRESENTATION_CONTEXT() REPRESENTATION_CONTEXT('2D SPACE',''
  ) );
#5769 = ADVANCED_FACE('',(#5770,#5773,#5799,#5905),#5599,.T.);
#5770 = FACE_BOUND('',#5771,.T.);
#5771 = EDGE_LOOP('',(#5772));
#5772 = ORIENTED_EDGE('',*,*,#5584,.T.);
#5773 = FACE_BOUND('',#5774,.T.);
#5774 = EDGE_LOOP('',(#5775));
#5775 = ORIENTED_EDGE('',*,*,#5776,.F.);
#5776 = EDGE_CURVE('',#5777,#5777,#5779,.T.);
#5777 = VERTEX_POINT('',#5778);
#5778 = CARTESIAN_POINT('',(1.,-7.,8.));
#5779 = SURFACE_CURVE('',#5780,(#5785,#5792),.PCURVE_S1.);
#5780 = CIRCLE('',#5781,1.);
#5781 = AXIS2_PLACEMENT_3D('',#5782,#5783,#5784);
#5782 = CARTESIAN_POINT('',(0.,-7.,8.));
#5783 = DIRECTION('',(0.,0.,1.));
#5784 = DIRECTION('',(1.,0.,-0.));
#5785 = PCURVE('',#5599,#5786);
#5786 = DEFINITIONAL_REPRESENTATION('',(#5787),#5791);
#5787 = CIRCLE('',#5788,1.);
#5788 = AXIS2_PLACEMENT_2D('',#5789,#5790);
#5789 = CARTESIAN_POINT('',(1.093952106032E-15,-7.));
#5790 = DIRECTION('',(1.,0.));
#5791 = ( GEOMETRIC_REPRESENTATION_CONTEXT(2) 
PARAMETRIC_REPRESENTATION_CONTEXT() REPRESENTATION_CONTEXT('2D SPACE',''
  ) );
#5792 = PCURVE('',#5634,#5793);
#5793 = DEFINITIONAL_REPRESENTATION('',(#5794),#5798);
#5794 = LINE('',#5795,#5796);
#5795 = CARTESIAN_POINT('',(0.,4.5));
#5796 = VECTOR('',#5797,1.);
#5797 = DIRECTION('',(1.,0.));
#5798 = ( GEOMETRIC_REPRESENTATION_CONTEXT(2) 
PARAMETRIC_REPRESENTATION_CONTEXT() REPRESENTATION_CONTEXT('2D SPACE',''
  ) );
#5799 = FACE_BOUND('',#5800,.T.);
#5800 = EDGE_LOOP('',(#5801,#5829,#5855,#5881));
#5801 = ORIENTED_EDGE('',*,*,#5802,.F.);
#5802 = EDGE_CURVE('',#5803,#5805,#5807,.T.);
#5803 = VERTEX_POINT('',#5804);
#5804 = CARTESIAN_POINT('',(12.649110640674,3.,8.));
#5805 = VERTEX_POINT('',#5806);
#5806 = CARTESIAN_POINT('',(-12.64911064067,3.,8.));
#5807 = SURFACE_CURVE('',#5808,(#5812,#5818),.PCURVE_S1.);
#5808 = LINE('',#5809,#5810);
#5809 = CARTESIAN_POINT('',(-5.449927172295,3.,8.));
#5810 = VECTOR('',#5811,1.);
#5811 = DIRECTION('',(-1.,0.,0.));
#5812 = PCURVE('',#5599,#5813);
#5813 = DEFINITIONAL_REPRESENTATION('',(#5814),#5817);
#5814 = B_SPLINE_CURVE_WITH_KNOTS('',1,(#5815,#5816),.UNSPECIFIED.,.F.,
  .F.,(2,2),(-19.44992717229,13.550072827705),.PIECEWISE_BEZIER_KNOTS.);
#5815 = CARTESIAN_POINT('',(14.,3.));
#5816 = CARTESIAN_POINT('',(-19.,3.));
#5817 = ( GEOMETRIC_REPRESENTATION_CONTEXT(2) 
PARAMETRIC_REPRESENTATION_CONTEXT() REPRESENTATION_CONTEXT('2D SPACE',''
  ) );
#5818 = PCURVE('',#5819,#5824);
#5819 = PLANE('',#5820);
#5820 = AXIS2_PLACEMENT_3D('',#5821,#5822,#5823);
#5821 = CARTESIAN_POINT('',(-10.89985434459,3.,54.));
#5822 = DIRECTION('',(0.,1.,0.));
#5823 = DIRECTION('',(0.,-0.,1.));
#5824 = DEFINITIONAL_REPRESENTATION('',(#5825),#5828);
#5825 = B_SPLINE_CURVE_WITH_KNOTS('',1,(#5826,#5827),.UNSPECIFIED.,.F.,
  .F.,(2,2),(-19.44992717229,13.550072827705),.PIECEWISE_BEZIER_KNOTS.);
#5826 = CARTESIAN_POINT('',(-46.,24.89985434459));
#5827 = CARTESIAN_POINT('',(-46.,-8.10014565541));
#5828 = ( GEOMETRIC_REPRESENTATION_CONTEXT(2) 
PARAMETRIC_REPRESENTATION_CONTEXT() REPRESENTATION_CONTEXT('2D SPACE',''
  ) );
#5829 = ORIENTED_EDGE('',*,*,#5830,.T.);
#5830 = EDGE_CURVE('',#5803,#5831,#5833,.T.);
#5831 = VERTEX_POINT('',#5832);
#5832 = CARTESIAN_POINT('',(12.649110640674,-3.,8.));
#5833 = SURFACE_CURVE('',#5834,(#5838,#5844),.PCURVE_S1.);
#5834 = LINE('',#5835,#5836);
#5835 = CARTESIAN_POINT('',(12.649110640674,0.,8.));
#5836 = VECTOR('',#5837,1.);
#5837 = DIRECTION('',(0.,-1.,0.));
#5838 = PCURVE('',#5599,#5839);
#5839 = DEFINITIONAL_REPRESENTATION('',(#5840),#5843);
#5840 = B_SPLINE_CURVE_WITH_KNOTS('',1,(#5841,#5842),.UNSPECIFIED.,.F.,
  .F.,(2,2),(-3.0000006,3.0000006),.PIECEWISE_BEZIER_KNOTS.);
#5841 = CARTESIAN_POINT('',(12.649110640674,3.0000006));
#5842 = CARTESIAN_POINT('',(12.649110640674,-3.0000006));
#5843 = ( GEOMETRIC_REPRESENTATION_CONTEXT(2) 
PARAMETRIC_REPRESENTATION_CONTEXT() REPRESENTATION_CONTEXT('2D SPACE',''
  ) );
#5844 = PCURVE('',#5845,#5850);
#5845 = CYLINDRICAL_SURFACE('',#5846,14.);
#5846 = AXIS2_PLACEMENT_3D('',#5847,#5848,#5849);
#5847 = CARTESIAN_POINT('',(0.,0.,14.));
#5848 = DIRECTION('',(0.,-1.,0.));
#5849 = DIRECTION('',(1.,0.,0.));
#5850 = DEFINITIONAL_REPRESENTATION('',(#5851),#5854);
#5851 = B_SPLINE_CURVE_WITH_KNOTS('',1,(#5852,#5853),.UNSPECIFIED.,.F.,
  .F.,(2,2),(-3.0000006,3.0000006),.PIECEWISE_BEZIER_KNOTS.);
#5852 = CARTESIAN_POINT('',(5.840274263106,-3.0000006));
#5853 = CARTESIAN_POINT('',(5.840274263106,3.0000006));
#5854 = ( GEOMETRIC_REPRESENTATION_CONTEXT(2) 
PARAMETRIC_REPRESENTATION_CONTEXT() REPRESENTATION_CONTEXT('2D SPACE',''
  ) );
#5855 = ORIENTED_EDGE('',*,*,#5856,.T.);
#5856 = EDGE_CURVE('',#5831,#5857,#5859,.T.);
#5857 = VERTEX_POINT('',#5858);
#5858 = CARTESIAN_POINT('',(-12.64911064067,-3.,8.));
#5859 = SURFACE_CURVE('',#5860,(#5864,#5870),.PCURVE_S1.);
#5860 = LINE('',#5861,#5862);
#5861 = CARTESIAN_POINT('',(-5.449927172295,-3.,8.));
#5862 = VECTOR('',#5863,1.);
#5863 = DIRECTION('',(-1.,0.,0.));
#5864 = PCURVE('',#5599,#5865);
#5865 = DEFINITIONAL_REPRESENTATION('',(#5866),#5869);
#5866 = B_SPLINE_CURVE_WITH_KNOTS('',1,(#5867,#5868),.UNSPECIFIED.,.F.,
  .F.,(2,2),(-19.44992717229,13.550072827705),.PIECEWISE_BEZIER_KNOTS.);
#5867 = CARTESIAN_POINT('',(14.,-3.));
#5868 = CARTESIAN_POINT('',(-19.,-3.));
#5869 = ( GEOMETRIC_REPRESENTATION_CONTEXT(2) 
PARAMETRIC_REPRESENTATION_CONTEXT() REPRESENTATION_CONTEXT('2D SPACE',''
  ) );
#5870 = PCURVE('',#5871,#5876);
#5871 = PLANE('',#5872);
#5872 = AXIS2_PLACEMENT_3D('',#5873,#5874,#5875);
#5873 = CARTESIAN_POINT('',(-10.89985434459,-3.,54.));
#5874 = DIRECTION('',(0.,1.,0.));
#5875 = DIRECTION('',(0.,-0.,1.));
#5876 = DEFINITIONAL_REPRESENTATION('',(#5877),#5880);
#5877 = B_SPLINE_CURVE_WITH_KNOTS('',1,(#5878,#5879),.UNSPECIFIED.,.F.,
  .F.,(2,2),(-19.44992717229,13.550072827705),.PIECEWISE_BEZIER_KNOTS.);
#5878 = CARTESIAN_POINT('',(-46.,24.89985434459));
#5879 = CARTESIAN_POINT('',(-46.,-8.10014565541));
#5880 = ( GEOMETRIC_REPRESENTATION_CONTEXT(2) 
PARAMETRIC_REPRESENTATION_CONTEXT() REPRESENTATION_CONTEXT('2D SPACE',''
  ) );
#5881 = ORIENTED_EDGE('',*,*,#5882,.F.);
#5882 = EDGE_CURVE('',#5805,#5857,#5883,.T.);
#5883 = SURFACE_CURVE('',#5884,(#5888,#5894),.PCURVE_S1.);
#5884 = LINE('',#5885,#5886);
#5885 = CARTESIAN_POINT('',(-12.64911064067,0.,8.));
#5886 = VECTOR('',#5887,1.);
#5887 = DIRECTION('',(0.,-1.,0.));
#5888 = PCURVE('',#5599,#5889);
#5889 = DEFINITIONAL_REPRESENTATION('',(#5890),#5893);
#5890 = B_SPLINE_CURVE_WITH_KNOTS('',1,(#5891,#5892),.UNSPECIFIED.,.F.,
  .F.,(2,2),(-3.0000006,3.0000006),.PIECEWISE_BEZIER_KNOTS.);
#5891 = CARTESIAN_POINT('',(-12.64911064067,3.0000006));
#5892 = CARTESIAN_POINT('',(-12.64911064067,-3.0000006));
#5893 = ( GEOMETRIC_REPRESENTATION_CONTEXT(2) 
PARAMETRIC_REPRESENTATION_CONTEXT() REPRESENTATION_CONTEXT('2D SPACE',''
  ) );
#5894 = PCURVE('',#5895,#5900);
#5895 = CYLINDRICAL_SURFACE('',#5896,14.);
#5896 = AXIS2_PLACEMENT_3D('',#5897,#5898,#5899);
#5897 = CARTESIAN_POINT('',(0.,0.,14.));
#5898 = DIRECTION('',(0.,-1.,0.));
#5899 = DIRECTION('',(1.,0.,0.));
#5900 = DEFINITIONAL_REPRESENTATION('',(#5901),#5904);
#5901 = B_SPLINE_CURVE_WITH_KNOTS('',1,(#5902,#5903),.UNSPECIFIED.,.F.,
  .F.,(2,2),(-3.0000006,3.0000006),.PIECEWISE_BEZIER_KNOTS.);
#5902 = CARTESIAN_POINT('',(3.584503697663,-3.0000006));
#5903 = CARTESIAN_POINT('',(3.584503697663,3.0000006));
#5904 = ( GEOMETRIC_REPRESENTATION_CONTEXT(2) 
PARAMETRIC_REPRESENTATION_CONTEXT() REPRESENTATION_CONTEXT('2D SPACE',''
  ) );
#5905 = FACE_BOUND('',#5906,.T.);
#5906 = EDGE_LOOP('',(#5907));
#5907 = ORIENTED_EDGE('',*,*,#5908,.F.);
#5908 = EDGE_CURVE('',#5909,#5909,#5911,.T.);
#5909 = VERTEX_POINT('',#5910);
#5910 = CARTESIAN_POINT('',(1.,7.,8.));
#5911 = SURFACE_CURVE('',#5912,(#5917,#5924),.PCURVE_S1.);
#5912 = CIRCLE('',#5913,1.);
#5913 = AXIS2_PLACEMENT_3D('',#5914,#5915,#5916);
#5914 = CARTESIAN_POINT('',(0.,7.,8.));
#5915 = DIRECTION('',(0.,0.,1.));
#5916 = DIRECTION('',(1.,0.,-0.));
#5917 = PCURVE('',#5599,#5918);
#5918 = DEFINITIONAL_REPRESENTATION('',(#5919),#5923);
#5919 = CIRCLE('',#5920,1.);
#5920 = AXIS2_PLACEMENT_2D('',#5921,#5922);
#5921 = CARTESIAN_POINT('',(1.093952106032E-15,7.));
#5922 = DIRECTION('',(1.,0.));
#5923 = ( GEOMETRIC_REPRESENTATION_CONTEXT(2) 
PARAMETRIC_REPRESENTATION_CONTEXT() REPRESENTATION_CONTEXT('2D SPACE',''
  ) );
#5924 = PCURVE('',#5758,#5925);
#5925 = DEFINITIONAL_REPRESENTATION('',(#5926),#5930);
#5926 = LINE('',#5927,#5928);
#5927 = CARTESIAN_POINT('',(0.,4.5));
#5928 = VECTOR('',#5929,1.);
#5929 = DIRECTION('',(1.,0.));
#5930 = ( GEOMETRIC_REPRESENTATION_CONTEXT(2) 
PARAMETRIC_REPRESENTATION_CONTEXT() REPRESENTATION_CONTEXT('2D SPACE',''
  ) );
#5931 = ADVANCED_FACE('',(#5932),#5634,.F.);
#5932 = FACE_BOUND('',#5933,.F.);
#5933 = EDGE_LOOP('',(#5934,#5935,#5956,#5957));
#5934 = ORIENTED_EDGE('',*,*,#5776,.F.);
#5935 = ORIENTED_EDGE('',*,*,#5936,.F.);
#5936 = EDGE_CURVE('',#5618,#5777,#5937,.T.);
#5937 = SEAM_CURVE('',#5938,(#5942,#5949),.PCURVE_S1.);
#5938 = LINE('',#5939,#5940);
#5939 = CARTESIAN_POINT('',(1.,-7.,3.5));
#5940 = VECTOR('',#5941,1.);
#5941 = DIRECTION('',(0.,0.,1.));
#5942 = PCURVE('',#5634,#5943);
#5943 = DEFINITIONAL_REPRESENTATION('',(#5944),#5948);
#5944 = LINE('',#5945,#5946);
#5945 = CARTESIAN_POINT('',(6.28318530718,-0.));
#5946 = VECTOR('',#5947,1.);
#5947 = DIRECTION('',(0.,1.));
#5948 = ( GEOMETRIC_REPRESENTATION_CONTEXT(2) 
PARAMETRIC_REPRESENTATION_CONTEXT() REPRESENTATION_CONTEXT('2D SPACE',''
  ) );
#5949 = PCURVE('',#5634,#5950);
#5950 = DEFINITIONAL_REPRESENTATION('',(#5951),#5955);
#5951 = LINE('',#5952,#5953);
#5952 = CARTESIAN_POINT('',(0.,-0.));
#5953 = VECTOR('',#5954,1.);
#5954 = DIRECTION('',(0.,1.));
#5955 = ( GEOMETRIC_REPRESENTATION_CONTEXT(2) 
PARAMETRIC_REPRESENTATION_CONTEXT() REPRESENTATION_CONTEXT('2D SPACE',''
  ) );
#5956 = ORIENTED_EDGE('',*,*,#5617,.T.);
#5957 = ORIENTED_EDGE('',*,*,#5936,.T.);
#5958 = ADVANCED_FACE('',(#5959),#5665,.F.);
#5959 = FACE_BOUND('',#5960,.F.);
#5960 = EDGE_LOOP('',(#5961,#5962,#5985,#6012));
#5961 = ORIENTED_EDGE('',*,*,#5648,.T.);
#5962 = ORIENTED_EDGE('',*,*,#5963,.F.);
#5963 = EDGE_CURVE('',#5964,#5649,#5966,.T.);
#5964 = VERTEX_POINT('',#5965);
#5965 = CARTESIAN_POINT('',(-6.,-2.449293598295E-16,8.5));
#5966 = SEAM_CURVE('',#5967,(#5971,#5978),.PCURVE_S1.);
#5967 = LINE('',#5968,#5969);
#5968 = CARTESIAN_POINT('',(-6.,-2.449293598295E-16,8.5));
#5969 = VECTOR('',#5970,1.);
#5970 = DIRECTION('',(0.,0.,-1.));
#5971 = PCURVE('',#5665,#5972);
#5972 = DEFINITIONAL_REPRESENTATION('',(#5973),#5977);
#5973 = LINE('',#5974,#5975);
#5974 = CARTESIAN_POINT('',(6.28318530718,5.));
#5975 = VECTOR('',#5976,1.);
#5976 = DIRECTION('',(-0.,-1.));
#5977 = ( GEOMETRIC_REPRESENTATION_CONTEXT(2) 
PARAMETRIC_REPRESENTATION_CONTEXT() REPRESENTATION_CONTEXT('2D SPACE',''
  ) );
#5978 = PCURVE('',#5665,#5979);
#5979 = DEFINITIONAL_REPRESENTATION('',(#5980),#5984);
#5980 = LINE('',#5981,#5982);
#5981 = CARTESIAN_POINT('',(0.,5.));
#5982 = VECTOR('',#5983,1.);
#5983 = DIRECTION('',(-0.,-1.));
#5984 = ( GEOMETRIC_REPRESENTATION_CONTEXT(2) 
PARAMETRIC_REPRESENTATION_CONTEXT() REPRESENTATION_CONTEXT('2D SPACE',''
  ) );
#5985 = ORIENTED_EDGE('',*,*,#5986,.F.);
#5986 = EDGE_CURVE('',#5964,#5964,#5987,.T.);
#5987 = SURFACE_CURVE('',#5988,(#5993,#6000),.PCURVE_S1.);
#5988 = CIRCLE('',#5989,1.);
#5989 = AXIS2_PLACEMENT_3D('',#5990,#5991,#5992);
#5990 = CARTESIAN_POINT('',(-7.,0.,8.5));
#5991 = DIRECTION('',(0.,0.,1.));
#5992 = DIRECTION('',(1.,0.,-0.));
#5993 = PCURVE('',#5665,#5994);
#5994 = DEFINITIONAL_REPRESENTATION('',(#5995),#5999);
#5995 = LINE('',#5996,#5997);
#5996 = CARTESIAN_POINT('',(0.,5.));
#5997 = VECTOR('',#5998,1.);
#5998 = DIRECTION('',(1.,0.));
#5999 = ( GEOMETRIC_REPRESENTATION_CONTEXT(2) 
PARAMETRIC_REPRESENTATION_CONTEXT() REPRESENTATION_CONTEXT('2D SPACE',''
  ) );
#6000 = PCURVE('',#6001,#6006);
#6001 = PLANE('',#6002);
#6002 = AXIS2_PLACEMENT_3D('',#6003,#6004,#6005);
#6003 = CARTESIAN_POINT('',(-7.,0.,8.5));
#6004 = DIRECTION('',(0.,0.,1.));
#6005 = DIRECTION('',(1.,0.,-0.));
#6006 = DEFINITIONAL_REPRESENTATION('',(#6007),#6011);
#6007 = CIRCLE('',#6008,1.);
#6008 = AXIS2_PLACEMENT_2D('',#6009,#6010);
#6009 = CARTESIAN_POINT('',(0.,0.));
#6010 = DIRECTION('',(1.,0.));
#6011 = ( GEOMETRIC_REPRESENTATION_CONTEXT(2) 
PARAMETRIC_REPRESENTATION_CONTEXT() REPRESENTATION_CONTEXT('2D SPACE',''
  ) );
#6012 = ORIENTED_EDGE('',*,*,#5963,.T.);
#6013 = ADVANCED_FACE('',(#6014),#5696,.F.);
#6014 = FACE_BOUND('',#6015,.F.);
#6015 = EDGE_LOOP('',(#6016,#6017,#6040,#6067));
#6016 = ORIENTED_EDGE('',*,*,#5679,.T.);
#6017 = ORIENTED_EDGE('',*,*,#6018,.F.);
#6018 = EDGE_CURVE('',#6019,#5680,#6021,.T.);
#6019 = VERTEX_POINT('',#6020);
#6020 = CARTESIAN_POINT('',(1.6,-3.918869757272E-16,8.5));
#6021 = SEAM_CURVE('',#6022,(#6026,#6033),.PCURVE_S1.);
#6022 = LINE('',#6023,#6024);
#6023 = CARTESIAN_POINT('',(1.6,-3.918869757272E-16,8.5));
#6024 = VECTOR('',#6025,1.);
#6025 = DIRECTION('',(0.,0.,-1.));
#6026 = PCURVE('',#5696,#6027);
#6027 = DEFINITIONAL_REPRESENTATION('',(#6028),#6032);
#6028 = LINE('',#6029,#6030);
#6029 = CARTESIAN_POINT('',(6.28318530718,5.));
#6030 = VECTOR('',#6031,1.);
#6031 = DIRECTION('',(-0.,-1.));
#6032 = ( GEOMETRIC_REPRESENTATION_CONTEXT(2) 
PARAMETRIC_REPRESENTATION_CONTEXT() REPRESENTATION_CONTEXT('2D SPACE',''
  ) );
#6033 = PCURVE('',#5696,#6034);
#6034 = DEFINITIONAL_REPRESENTATION('',(#6035),#6039);
#6035 = LINE('',#6036,#6037);
#6036 = CARTESIAN_POINT('',(0.,5.));
#6037 = VECTOR('',#6038,1.);
#6038 = DIRECTION('',(-0.,-1.));
#6039 = ( GEOMETRIC_REPRESENTATION_CONTEXT(2) 
PARAMETRIC_REPRESENTATION_CONTEXT() REPRESENTATION_CONTEXT('2D SPACE',''
  ) );
#6040 = ORIENTED_EDGE('',*,*,#6041,.F.);
#6041 = EDGE_CURVE('',#6019,#6019,#6042,.T.);
#6042 = SURFACE_CURVE('',#6043,(#6048,#6055),.PCURVE_S1.);
#6043 = CIRCLE('',#6044,1.6);
#6044 = AXIS2_PLACEMENT_3D('',#6045,#6046,#6047);
#6045 = CARTESIAN_POINT('',(0.,0.,8.5));
#6046 = DIRECTION('',(0.,0.,1.));
#6047 = DIRECTION('',(1.,0.,-0.));
#6048 = PCURVE('',#5696,#6049);
#6049 = DEFINITIONAL_REPRESENTATION('',(#6050),#6054);
#6050 = LINE('',#6051,#6052);
#6051 = CARTESIAN_POINT('',(0.,5.));
#6052 = VECTOR('',#6053,1.);
#6053 = DIRECTION('',(1.,0.));
#6054 = ( GEOMETRIC_REPRESENTATION_CONTEXT(2) 
PARAMETRIC_REPRESENTATION_CONTEXT() REPRESENTATION_CONTEXT('2D SPACE',''
  ) );
#6055 = PCURVE('',#6056,#6061);
#6056 = PLANE('',#6057);
#6057 = AXIS2_PLACEMENT_3D('',#6058,#6059,#6060);
#6058 = CARTESIAN_POINT('',(0.,0.,8.5));
#6059 = DIRECTION('',(0.,0.,1.));
#6060 = DIRECTION('',(1.,0.,-0.));
#6061 = DEFINITIONAL_REPRESENTATION('',(#6062),#6066);
#6062 = CIRCLE('',#6063,1.6);
#6063 = AXIS2_PLACEMENT_2D('',#6064,#6065);
#6064 = CARTESIAN_POINT('',(0.,0.));
#6065 = DIRECTION('',(1.,0.));
#6066 = ( GEOMETRIC_REPRESENTATION_CONTEXT(2) 
PARAMETRIC_REPRESENTATION_CONTEXT() REPRESENTATION_CONTEXT('2D SPACE',''
  ) );
#6067 = ORIENTED_EDGE('',*,*,#6018,.T.);
#6068 = ADVANCED_FACE('',(#6069),#5727,.F.);
#6069 = FACE_BOUND('',#6070,.F.);
#6070 = EDGE_LOOP('',(#6071,#6072,#6095,#6122));
#6071 = ORIENTED_EDGE('',*,*,#5710,.T.);
#6072 = ORIENTED_EDGE('',*,*,#6073,.F.);
#6073 = EDGE_CURVE('',#6074,#5711,#6076,.T.);
#6074 = VERTEX_POINT('',#6075);
#6075 = CARTESIAN_POINT('',(8.,-2.449293598295E-16,8.5));
#6076 = SEAM_CURVE('',#6077,(#6081,#6088),.PCURVE_S1.);
#6077 = LINE('',#6078,#6079);
#6078 = CARTESIAN_POINT('',(8.,-2.449293598295E-16,8.5));
#6079 = VECTOR('',#6080,1.);
#6080 = DIRECTION('',(0.,0.,-1.));
#6081 = PCURVE('',#5727,#6082);
#6082 = DEFINITIONAL_REPRESENTATION('',(#6083),#6087);
#6083 = LINE('',#6084,#6085);
#6084 = CARTESIAN_POINT('',(6.28318530718,5.));
#6085 = VECTOR('',#6086,1.);
#6086 = DIRECTION('',(-0.,-1.));
#6087 = ( GEOMETRIC_REPRESENTATION_CONTEXT(2) 
PARAMETRIC_REPRESENTATION_CONTEXT() REPRESENTATION_CONTEXT('2D SPACE',''
  ) );
#6088 = PCURVE('',#5727,#6089);
#6089 = DEFINITIONAL_REPRESENTATION('',(#6090),#6094);
#6090 = LINE('',#6091,#6092);
#6091 = CARTESIAN_POINT('',(0.,5.));
#6092 = VECTOR('',#6093,1.);
#6093 = DIRECTION('',(-0.,-1.));
#6094 = ( GEOMETRIC_REPRESENTATION_CONTEXT(2) 
PARAMETRIC_REPRESENTATION_CONTEXT() REPRESENTATION_CONTEXT('2D SPACE',''
  ) );
#6095 = ORIENTED_EDGE('',*,*,#6096,.F.);
#6096 = EDGE_CURVE('',#6074,#6074,#6097,.T.);
#6097 = SURFACE_CURVE('',#6098,(#6103,#6110),.PCURVE_S1.);
#6098 = CIRCLE('',#6099,1.);
#6099 = AXIS2_PLACEMENT_3D('',#6100,#6101,#6102);
#6100 = CARTESIAN_POINT('',(7.,0.,8.5));
#6101 = DIRECTION('',(0.,0.,1.));
#6102 = DIRECTION('',(1.,0.,-0.));
#6103 = PCURVE('',#5727,#6104);
#6104 = DEFINITIONAL_REPRESENTATION('',(#6105),#6109);
#6105 = LINE('',#6106,#6107);
#6106 = CARTESIAN_POINT('',(0.,5.));
#6107 = VECTOR('',#6108,1.);
#6108 = DIRECTION('',(1.,0.));
#6109 = ( GEOMETRIC_REPRESENTATION_CONTEXT(2) 
PARAMETRIC_REPRESENTATION_CONTEXT() REPRESENTATION_CONTEXT('2D SPACE',''
  ) );
#6110 = PCURVE('',#6111,#6116);
#6111 = PLANE('',#6112);
#6112 = AXIS2_PLACEMENT_3D('',#6113,#6114,#6115);
#6113 = CARTESIAN_POINT('',(7.,0.,8.5));
#6114 = DIRECTION('',(0.,0.,1.));
#6115 = DIRECTION('',(1.,0.,-0.));
#6116 = DEFINITIONAL_REPRESENTATION('',(#6117),#6121);
#6117 = CIRCLE('',#6118,1.);
#6118 = AXIS2_PLACEMENT_2D('',#6119,#6120);
#6119 = CARTESIAN_POINT('',(0.,0.));
#6120 = DIRECTION('',(1.,0.));
#6121 = ( GEOMETRIC_REPRESENTATION_CONTEXT(2) 
PARAMETRIC_REPRESENTATION_CONTEXT() REPRESENTATION_CONTEXT('2D SPACE',''
  ) );
#6122 = ORIENTED_EDGE('',*,*,#6073,.T.);
#6123 = ADVANCED_FACE('',(#6124),#5758,.F.);
#6124 = FACE_BOUND('',#6125,.F.);
#6125 = EDGE_LOOP('',(#6126,#6127,#6148,#6149));
#6126 = ORIENTED_EDGE('',*,*,#5908,.F.);
#6127 = ORIENTED_EDGE('',*,*,#6128,.F.);
#6128 = EDGE_CURVE('',#5742,#5909,#6129,.T.);
#6129 = SEAM_CURVE('',#6130,(#6134,#6141),.PCURVE_S1.);
#6130 = LINE('',#6131,#6132);
#6131 = CARTESIAN_POINT('',(1.,7.,3.5));
#6132 = VECTOR('',#6133,1.);
#6133 = DIRECTION('',(0.,0.,1.));
#6134 = PCURVE('',#5758,#6135);
#6135 = DEFINITIONAL_REPRESENTATION('',(#6136),#6140);
#6136 = LINE('',#6137,#6138);
#6137 = CARTESIAN_POINT('',(6.28318530718,-0.));
#6138 = VECTOR('',#6139,1.);
#6139 = DIRECTION('',(0.,1.));
#6140 = ( GEOMETRIC_REPRESENTATION_CONTEXT(2) 
PARAMETRIC_REPRESENTATION_CONTEXT() REPRESENTATION_CONTEXT('2D SPACE',''
  ) );
#6141 = PCURVE('',#5758,#6142);
#6142 = DEFINITIONAL_REPRESENTATION('',(#6143),#6147);
#6143 = LINE('',#6144,#6145);
#6144 = CARTESIAN_POINT('',(0.,-0.));
#6145 = VECTOR('',#6146,1.);
#6146 = DIRECTION('',(0.,1.));
#6147 = ( GEOMETRIC_REPRESENTATION_CONTEXT(2) 
PARAMETRIC_REPRESENTATION_CONTEXT() REPRESENTATION_CONTEXT('2D SPACE',''
  ) );
#6148 = ORIENTED_EDGE('',*,*,#5741,.T.);
#6149 = ORIENTED_EDGE('',*,*,#6128,.T.);
#6150 = ADVANCED_FACE('',(#6151),#5819,.T.);
#6151 = FACE_BOUND('',#6152,.T.);
#6152 = EDGE_LOOP('',(#6153,#6239,#6261,#6262,#6286,#6352,#6381,#6407,
    #6433,#6462,#6546));
#6153 = ORIENTED_EDGE('',*,*,#6154,.F.);
#6154 = EDGE_CURVE('',#6155,#6157,#6159,.T.);
#6155 = VERTEX_POINT('',#6156);
#6156 = CARTESIAN_POINT('',(-3.217974298508,3.,27.625147390547));
#6157 = VERTEX_POINT('',#6158);
#6158 = CARTESIAN_POINT('',(-4.244206500914,3.,27.993571542352));
#6159 = SURFACE_CURVE('',#6160,(#6179,#6201),.PCURVE_S1.);
#6160 = B_SPLINE_CURVE_WITH_KNOTS('',5,(#6161,#6162,#6163,#6164,#6165,
    #6166,#6167,#6168,#6169,#6170,#6171,#6172,#6173,#6174,#6175,#6176,
    #6177,#6178),.UNSPECIFIED.,.F.,.F.,(6,4,4,4,6),(0.,0.249811703258,
    0.5,0.750188296742,1.),.UNSPECIFIED.);
#6161 = CARTESIAN_POINT('',(-3.217974298508,3.,27.625147390548));
#6162 = CARTESIAN_POINT('',(-3.271093613077,3.,27.612601721562));
#6163 = CARTESIAN_POINT('',(-3.326109165124,3.,27.603434266502));
#6164 = CARTESIAN_POINT('',(-3.382638927287,3.,27.598036328242));
#6165 = CARTESIAN_POINT('',(-3.440157662081,3.,27.596722140412));
#6166 = CARTESIAN_POINT('',(-3.556059040008,3.,27.602551817899));
#6167 = CARTESIAN_POINT('',(-3.614443515163,3.,27.60970822506));
#6168 = CARTESIAN_POINT('',(-3.672617165332,3.,27.621251486713));
#6169 = CARTESIAN_POINT('',(-3.729911893457,3.,27.637151258635));
#6170 = CARTESIAN_POINT('',(-3.841530615502,3.,27.677223118492));
#6171 = CARTESIAN_POINT('',(-3.895855422626,3.,27.701395498371));
#6172 = CARTESIAN_POINT('',(-3.94808755517,3.,27.729488643328));
#6173 = CARTESIAN_POINT('',(-3.997692170329,3.,27.761101034212));
#6174 = CARTESIAN_POINT('',(-4.090836341204,3.,27.830320092115));
#6175 = CARTESIAN_POINT('',(-4.134385287695,3.,27.867918246346));
#6176 = CARTESIAN_POINT('',(-4.174573668243,3.,27.908038637877));
#6177 = CARTESIAN_POINT('',(-4.211196043149,3.,27.950104715131));
#6178 = CARTESIAN_POINT('',(-4.244206500914,3.,27.993571542352));
#6179 = PCURVE('',#5819,#6180);
#6180 = DEFINITIONAL_REPRESENTATION('',(#6181),#6200);
#6181 = B_SPLINE_CURVE_WITH_KNOTS('',5,(#6182,#6183,#6184,#6185,#6186,
    #6187,#6188,#6189,#6190,#6191,#6192,#6193,#6194,#6195,#6196,#6197,
    #6198,#6199),.UNSPECIFIED.,.F.,.F.,(6,4,4,4,6),(0.,0.249811703258,
    0.5,0.750188296742,1.),.UNSPECIFIED.);
#6182 = CARTESIAN_POINT('',(-26.37485260945,7.681880046082));
#6183 = CARTESIAN_POINT('',(-26.38739827843,7.628760731513));
#6184 = CARTESIAN_POINT('',(-26.39656573349,7.573745179466));
#6185 = CARTESIAN_POINT('',(-26.40196367175,7.517215417303));
#6186 = CARTESIAN_POINT('',(-26.40327785958,7.459696682509));
#6187 = CARTESIAN_POINT('',(-26.3974481821,7.343795304581));
#6188 = CARTESIAN_POINT('',(-26.39029177494,7.285410829427));
#6189 = CARTESIAN_POINT('',(-26.37874851328,7.227237179258));
#6190 = CARTESIAN_POINT('',(-26.36284874136,7.169942451133));
#6191 = CARTESIAN_POINT('',(-26.3227768815,7.058323729088));
#6192 = CARTESIAN_POINT('',(-26.29860450162,7.003998921963));
#6193 = CARTESIAN_POINT('',(-26.27051135667,6.95176678942));
#6194 = CARTESIAN_POINT('',(-26.23889896578,6.902162174261));
#6195 = CARTESIAN_POINT('',(-26.16967990788,6.809018003385));
#6196 = CARTESIAN_POINT('',(-26.13208175365,6.765469056895));
#6197 = CARTESIAN_POINT('',(-26.09196136212,6.725280676347));
#6198 = CARTESIAN_POINT('',(-26.04989528486,6.688658301441));
#6199 = CARTESIAN_POINT('',(-26.00642845764,6.655647843676));
#6200 = ( GEOMETRIC_REPRESENTATION_CONTEXT(2) 
PARAMETRIC_REPRESENTATION_CONTEXT() REPRESENTATION_CONTEXT('2D SPACE',''
  ) );
#6201 = PCURVE('',#6202,#6218);
#6202 = ( BOUNDED_SURFACE() B_SPLINE_SURFACE(2,2,(
    (#6203,#6204,#6205,#6206,#6207)
    ,(#6208,#6209,#6210,#6211,#6212)
    ,(#6213,#6214,#6215,#6216,#6217
)),.UNSPECIFIED.,.F.,.F.,.F.) B_SPLINE_SURFACE_WITH_KNOTS((3,3),(3,1,1,3
    ),(0.,6.),(-0.3672,-5.927224856761E-15,6.,6.3672),.UNSPECIFIED.) 
GEOMETRIC_REPRESENTATION_ITEM() RATIONAL_B_SPLINE_SURFACE((
    (1.,1.,1.,1.,1.)
    ,(0.838318422664,0.838318422664,0.838318422664,0.838318422664
      ,0.838318422664)
,(1.,1.,1.,1.,1.))) REPRESENTATION_ITEM('') SURFACE() );
#6203 = CARTESIAN_POINT('',(-3.217974298508,3.3672,27.625147390547));
#6204 = CARTESIAN_POINT('',(-3.217974298508,3.1836,27.625147390547));
#6205 = CARTESIAN_POINT('',(-3.217974298508,0.,27.625147390547));
#6206 = CARTESIAN_POINT('',(-3.217974298508,-3.1836,27.625147390547));
#6207 = CARTESIAN_POINT('',(-3.217974298508,-3.3672,27.625147390547));
#6208 = CARTESIAN_POINT('',(-3.850888443094,3.3672,27.47566633232));
#6209 = CARTESIAN_POINT('',(-3.850888443094,3.1836,27.47566633232));
#6210 = CARTESIAN_POINT('',(-3.850888443094,0.,27.47566633232));
#6211 = CARTESIAN_POINT('',(-3.850888443094,-3.1836,27.47566633232));
#6212 = CARTESIAN_POINT('',(-3.850888443094,-3.3672,27.47566633232));
#6213 = CARTESIAN_POINT('',(-4.244206500914,3.3672,27.993571542352));
#6214 = CARTESIAN_POINT('',(-4.244206500914,3.1836,27.993571542352));
#6215 = CARTESIAN_POINT('',(-4.244206500914,8.881784197001E-16,
    27.993571542352));
#6216 = CARTESIAN_POINT('',(-4.244206500914,-3.1836,27.993571542352));
#6217 = CARTESIAN_POINT('',(-4.244206500914,-3.3672,27.993571542352));
#6218 = DEFINITIONAL_REPRESENTATION('',(#6219),#6238);
#6219 = B_SPLINE_CURVE_WITH_KNOTS('',5,(#6220,#6221,#6222,#6223,#6224,
    #6225,#6226,#6227,#6228,#6229,#6230,#6231,#6232,#6233,#6234,#6235,
    #6236,#6237),.UNSPECIFIED.,.F.,.F.,(6,4,4,4,6),(0.,0.249811703258,
    0.5,0.750188296742,1.),.UNSPECIFIED.);
#6220 = CARTESIAN_POINT('',(0.,-6.689961085105E-15));
#6221 = CARTESIAN_POINT('',(0.300344653509,-6.639943652657E-15));
#6222 = CARTESIAN_POINT('',(0.600496247066,-7.66871463217E-15));
#6223 = CARTESIAN_POINT('',(0.900468862344,-6.624041704745E-15));
#6224 = CARTESIAN_POINT('',(1.200292864903,-6.518015683691E-15));
#6225 = CARTESIAN_POINT('',(1.800158946412,-6.382125699863E-15));
#6226 = CARTESIAN_POINT('',(2.100202840699,-5.729301660036E-15));
#6227 = CARTESIAN_POINT('',(2.400161535745,-7.6749136984E-15));
#6228 = CARTESIAN_POINT('',(2.700081395953,-6.181177193396E-15));
#6229 = CARTESIAN_POINT('',(3.299918604047,-6.052642765787E-15));
#6230 = CARTESIAN_POINT('',(3.599838464255,-6.305017628261E-15));
#6231 = CARTESIAN_POINT('',(3.899797159301,-6.0932036709E-15));
#6232 = CARTESIAN_POINT('',(4.199841053588,-5.869576481602E-15));
#6233 = CARTESIAN_POINT('',(4.799707135097,-5.769139003731E-15));
#6234 = CARTESIAN_POINT('',(5.099531137656,-6.064325409697E-15));
#6235 = CARTESIAN_POINT('',(5.399503752934,-4.838300596292E-15));
#6236 = CARTESIAN_POINT('',(5.699655346491,-6.074278383646E-15));
#6237 = CARTESIAN_POINT('',(6.,-6.024260951198E-15));
#6238 = ( GEOMETRIC_REPRESENTATION_CONTEXT(2) 
PARAMETRIC_REPRESENTATION_CONTEXT() REPRESENTATION_CONTEXT('2D SPACE',''
  ) );
#6239 = ORIENTED_EDGE('',*,*,#6240,.T.);
#6240 = EDGE_CURVE('',#6155,#5803,#6241,.T.);
#6241 = SURFACE_CURVE('',#6242,(#6247,#6254),.PCURVE_S1.);
#6242 = CIRCLE('',#6243,14.);
#6243 = AXIS2_PLACEMENT_3D('',#6244,#6245,#6246);
#6244 = CARTESIAN_POINT('',(0.,3.,14.));
#6245 = DIRECTION('',(0.,1.,-0.));
#6246 = DIRECTION('',(-0.273980376464,0.,0.961735282348));
#6247 = PCURVE('',#5819,#6248);
#6248 = DEFINITIONAL_REPRESENTATION('',(#6249),#6253);
#6249 = CIRCLE('',#6250,14.);
#6250 = AXIS2_PLACEMENT_2D('',#6251,#6252);
#6251 = CARTESIAN_POINT('',(-40.,10.89985434459));
#6252 = DIRECTION('',(0.961735282348,-0.273980376464));
#6253 = ( GEOMETRIC_REPRESENTATION_CONTEXT(2) 
PARAMETRIC_REPRESENTATION_CONTEXT() REPRESENTATION_CONTEXT('2D SPACE',''
  ) );
#6254 = PCURVE('',#5845,#6255);
#6255 = DEFINITIONAL_REPRESENTATION('',(#6256),#6260);
#6256 = LINE('',#6257,#6258);
#6257 = CARTESIAN_POINT('',(8.131510984552,-3.));
#6258 = VECTOR('',#6259,1.);
#6259 = DIRECTION('',(-1.,-0.));
#6260 = ( GEOMETRIC_REPRESENTATION_CONTEXT(2) 
PARAMETRIC_REPRESENTATION_CONTEXT() REPRESENTATION_CONTEXT('2D SPACE',''
  ) );
#6261 = ORIENTED_EDGE('',*,*,#5802,.T.);
#6262 = ORIENTED_EDGE('',*,*,#6263,.T.);
#6263 = EDGE_CURVE('',#5805,#6264,#6266,.T.);
#6264 = VERTEX_POINT('',#6265);
#6265 = CARTESIAN_POINT('',(-13.71129941527,3.,16.828474561453));
#6266 = SURFACE_CURVE('',#6267,(#6272,#6279),.PCURVE_S1.);
#6267 = CIRCLE('',#6268,14.);
#6268 = AXIS2_PLACEMENT_3D('',#6269,#6270,#6271);
#6269 = CARTESIAN_POINT('',(0.,3.,14.));
#6270 = DIRECTION('',(0.,1.,-0.));
#6271 = DIRECTION('',(-0.273980376464,0.,0.961735282348));
#6272 = PCURVE('',#5819,#6273);
#6273 = DEFINITIONAL_REPRESENTATION('',(#6274),#6278);
#6274 = CIRCLE('',#6275,14.);
#6275 = AXIS2_PLACEMENT_2D('',#6276,#6277);
#6276 = CARTESIAN_POINT('',(-40.,10.89985434459));
#6277 = DIRECTION('',(0.961735282348,-0.273980376464));
#6278 = ( GEOMETRIC_REPRESENTATION_CONTEXT(2) 
PARAMETRIC_REPRESENTATION_CONTEXT() REPRESENTATION_CONTEXT('2D SPACE',''
  ) );
#6279 = PCURVE('',#5895,#6280);
#6280 = DEFINITIONAL_REPRESENTATION('',(#6281),#6285);
#6281 = LINE('',#6282,#6283);
#6282 = CARTESIAN_POINT('',(8.131510984552,-3.));
#6283 = VECTOR('',#6284,1.);
#6284 = DIRECTION('',(-1.,-0.));
#6285 = ( GEOMETRIC_REPRESENTATION_CONTEXT(2) 
PARAMETRIC_REPRESENTATION_CONTEXT() REPRESENTATION_CONTEXT('2D SPACE',''
  ) );
#6286 = ORIENTED_EDGE('',*,*,#6287,.T.);
#6287 = EDGE_CURVE('',#6264,#6288,#6290,.T.);
#6288 = VERTEX_POINT('',#6289);
#6289 = CARTESIAN_POINT('',(-13.92014901484,3.,17.667913485274));
#6290 = SURFACE_CURVE('',#6291,(#6304,#6320),.PCURVE_S1.);
#6291 = B_SPLINE_CURVE_WITH_KNOTS('',6,(#6292,#6293,#6294,#6295,#6296,
    #6297,#6298,#6299,#6300,#6301,#6302,#6303),.UNSPECIFIED.,.F.,.F.,(7,
    5,7),(0.,0.5,1.),.UNSPECIFIED.);
#6292 = CARTESIAN_POINT('',(-13.71129941527,3.,16.828474561453));
#6293 = CARTESIAN_POINT('',(-13.69672537384,3.,16.899123613206));
#6294 = CARTESIAN_POINT('',(-13.68798592184,3.,16.972397578168));
#6295 = CARTESIAN_POINT('',(-13.68571607267,3.,17.047449359507));
#6296 = CARTESIAN_POINT('',(-13.69035409359,3.,17.123191227973));
#6297 = CARTESIAN_POINT('',(-13.70196365775,3.,17.198400292906));
#6298 = CARTESIAN_POINT('',(-13.73855895114,3.,17.345489460233));
#6299 = CARTESIAN_POINT('',(-13.76354491873,3.,17.417370520686));
#6300 = CARTESIAN_POINT('',(-13.79493933077,3.,17.486455488439));
#6301 = CARTESIAN_POINT('',(-13.83211290565,3.,17.551693877659));
#6302 = CARTESIAN_POINT('',(-13.87416877396,3.,17.61233013664));
#6303 = CARTESIAN_POINT('',(-13.92014901484,3.,17.667913485274));
#6304 = PCURVE('',#5819,#6305);
#6305 = DEFINITIONAL_REPRESENTATION('',(#6306),#6319);
#6306 = B_SPLINE_CURVE_WITH_KNOTS('',6,(#6307,#6308,#6309,#6310,#6311,
    #6312,#6313,#6314,#6315,#6316,#6317,#6318),.UNSPECIFIED.,.F.,.F.,(7,
    5,7),(0.,0.5,1.),.UNSPECIFIED.);
#6307 = CARTESIAN_POINT('',(-37.17152543854,-2.811445070681));
#6308 = CARTESIAN_POINT('',(-37.10087638679,-2.796871029256));
#6309 = CARTESIAN_POINT('',(-37.02760242183,-2.788131577252));
#6310 = CARTESIAN_POINT('',(-36.95255064049,-2.785861728081));
#6311 = CARTESIAN_POINT('',(-36.87680877202,-2.790499749006));
#6312 = CARTESIAN_POINT('',(-36.80159970709,-2.802109313167));
#6313 = CARTESIAN_POINT('',(-36.65451053976,-2.838704606555));
#6314 = CARTESIAN_POINT('',(-36.58262947931,-2.863690574144));
#6315 = CARTESIAN_POINT('',(-36.51354451156,-2.895084986185));
#6316 = CARTESIAN_POINT('',(-36.44830612234,-2.932258561065));
#6317 = CARTESIAN_POINT('',(-36.38766986336,-2.974314429375));
#6318 = CARTESIAN_POINT('',(-36.33208651472,-3.020294670258));
#6319 = ( GEOMETRIC_REPRESENTATION_CONTEXT(2) 
PARAMETRIC_REPRESENTATION_CONTEXT() REPRESENTATION_CONTEXT('2D SPACE',''
  ) );
#6320 = PCURVE('',#6321,#6337);
#6321 = ( BOUNDED_SURFACE() B_SPLINE_SURFACE(2,2,(
    (#6322,#6323,#6324,#6325,#6326)
    ,(#6327,#6328,#6329,#6330,#6331)
    ,(#6332,#6333,#6334,#6335,#6336
)),.UNSPECIFIED.,.F.,.F.,.F.) B_SPLINE_SURFACE_WITH_KNOTS((3,3),(3,1,1,3
    ),(0.,6.),(-0.3672,-7.037231040952E-15,6.,6.3672),.UNSPECIFIED.) 
GEOMETRIC_REPRESENTATION_ITEM() RATIONAL_B_SPLINE_SURFACE((
    (1.,1.,1.,1.,1.)
    ,(0.901626882076,0.901626882076,0.901626882076,0.901626882076
      ,0.901626882076)
,(1.,1.,1.,1.,1.))) REPRESENTATION_ITEM('') SURFACE() );
#6322 = CARTESIAN_POINT('',(-13.71129941527,-3.3672,16.828474561453));
#6323 = CARTESIAN_POINT('',(-13.71129941527,-3.1836,16.828474561453));
#6324 = CARTESIAN_POINT('',(-13.71129941527,0.,16.828474561453));
#6325 = CARTESIAN_POINT('',(-13.71129941527,3.1836,16.828474561453));
#6326 = CARTESIAN_POINT('',(-13.71129941527,3.3672,16.828474561453));
#6327 = CARTESIAN_POINT('',(-13.61438279471,-3.3672,17.298287096038));
#6328 = CARTESIAN_POINT('',(-13.61438279471,-3.1836,17.298287096038));
#6329 = CARTESIAN_POINT('',(-13.61438279471,0.,17.298287096038));
#6330 = CARTESIAN_POINT('',(-13.61438279471,3.1836,17.298287096038));
#6331 = CARTESIAN_POINT('',(-13.61438279471,3.3672,17.298287096038));
#6332 = CARTESIAN_POINT('',(-13.92014901484,-3.3672,17.667913485274));
#6333 = CARTESIAN_POINT('',(-13.92014901484,-3.1836,17.667913485274));
#6334 = CARTESIAN_POINT('',(-13.92014901484,0.,17.667913485274));
#6335 = CARTESIAN_POINT('',(-13.92014901484,3.1836,17.667913485274));
#6336 = CARTESIAN_POINT('',(-13.92014901484,3.3672,17.667913485274));
#6337 = DEFINITIONAL_REPRESENTATION('',(#6338),#6351);
#6338 = B_SPLINE_CURVE_WITH_KNOTS('',6,(#6339,#6340,#6341,#6342,#6343,
    #6344,#6345,#6346,#6347,#6348,#6349,#6350),.UNSPECIFIED.,.F.,.F.,(7,
    5,7),(0.,0.5,1.),.UNSPECIFIED.);
#6339 = CARTESIAN_POINT('',(0.,6.));
#6340 = CARTESIAN_POINT('',(0.500352576598,6.));
#6341 = CARTESIAN_POINT('',(1.000511093129,6.));
#6342 = CARTESIAN_POINT('',(1.500498500941,6.));
#6343 = CARTESIAN_POINT('',(2.000367805914,6.));
#6344 = CARTESIAN_POINT('',(2.500186302933,6.));
#6345 = CARTESIAN_POINT('',(3.499813697067,6.));
#6346 = CARTESIAN_POINT('',(3.999632194087,6.));
#6347 = CARTESIAN_POINT('',(4.499501499058,6.));
#6348 = CARTESIAN_POINT('',(4.999488906872,6.));
#6349 = CARTESIAN_POINT('',(5.499647423401,6.));
#6350 = CARTESIAN_POINT('',(6.,6.));
#6351 = ( GEOMETRIC_REPRESENTATION_CONTEXT(2) 
PARAMETRIC_REPRESENTATION_CONTEXT() REPRESENTATION_CONTEXT('2D SPACE',''
  ) );
#6352 = ORIENTED_EDGE('',*,*,#6353,.T.);
#6353 = EDGE_CURVE('',#6288,#6354,#6356,.T.);
#6354 = VERTEX_POINT('',#6355);
#6355 = CARTESIAN_POINT('',(-17.,3.,86.249030993194));
#6356 = SURFACE_CURVE('',#6357,(#6362,#6369),.PCURVE_S1.);
#6357 = CIRCLE('',#6358,57.);
#6358 = AXIS2_PLACEMENT_3D('',#6359,#6360,#6361);
#6359 = CARTESIAN_POINT('',(30.,3.,54.));
#6360 = DIRECTION('',(0.,1.,0.));
#6361 = DIRECTION('',(-0.6,0.,-0.8));
#6362 = PCURVE('',#5819,#6363);
#6363 = DEFINITIONAL_REPRESENTATION('',(#6364),#6368);
#6364 = CIRCLE('',#6365,57.);
#6365 = AXIS2_PLACEMENT_2D('',#6366,#6367);
#6366 = CARTESIAN_POINT('',(-1.42108547152E-14,40.89985434459));
#6367 = DIRECTION('',(-0.8,-0.6));
#6368 = ( GEOMETRIC_REPRESENTATION_CONTEXT(2) 
PARAMETRIC_REPRESENTATION_CONTEXT() REPRESENTATION_CONTEXT('2D SPACE',''
  ) );
#6369 = PCURVE('',#6370,#6375);
#6370 = CYLINDRICAL_SURFACE('',#6371,57.);
#6371 = AXIS2_PLACEMENT_3D('',#6372,#6373,#6374);
#6372 = CARTESIAN_POINT('',(30.,0.,54.));
#6373 = DIRECTION('',(0.,1.,0.));
#6374 = DIRECTION('',(-0.6,0.,-0.8));
#6375 = DEFINITIONAL_REPRESENTATION('',(#6376),#6380);
#6376 = LINE('',#6377,#6378);
#6377 = CARTESIAN_POINT('',(-0.,3.));
#6378 = VECTOR('',#6379,1.);
#6379 = DIRECTION('',(1.,-0.));
#6380 = ( GEOMETRIC_REPRESENTATION_CONTEXT(2) 
PARAMETRIC_REPRESENTATION_CONTEXT() REPRESENTATION_CONTEXT('2D SPACE',''
  ) );
#6381 = ORIENTED_EDGE('',*,*,#6382,.T.);
#6382 = EDGE_CURVE('',#6354,#6383,#6385,.T.);
#6383 = VERTEX_POINT('',#6384);
#6384 = CARTESIAN_POINT('',(-17.,3.,84.));
#6385 = SURFACE_CURVE('',#6386,(#6390,#6396),.PCURVE_S1.);
#6386 = LINE('',#6387,#6388);
#6387 = CARTESIAN_POINT('',(-17.,3.,69.));
#6388 = VECTOR('',#6389,1.);
#6389 = DIRECTION('',(0.,0.,-1.));
#6390 = PCURVE('',#5819,#6391);
#6391 = DEFINITIONAL_REPRESENTATION('',(#6392),#6395);
#6392 = B_SPLINE_CURVE_WITH_KNOTS('',1,(#6393,#6394),.UNSPECIFIED.,.F.,
  .F.,(2,2),(-35.,-15.),.PIECEWISE_BEZIER_KNOTS.);
#6393 = CARTESIAN_POINT('',(50.,-6.10014565541));
#6394 = CARTESIAN_POINT('',(30.,-6.10014565541));
#6395 = ( GEOMETRIC_REPRESENTATION_CONTEXT(2) 
PARAMETRIC_REPRESENTATION_CONTEXT() REPRESENTATION_CONTEXT('2D SPACE',''
  ) );
#6396 = PCURVE('',#6397,#6402);
#6397 = PLANE('',#6398);
#6398 = AXIS2_PLACEMENT_3D('',#6399,#6400,#6401);
#6399 = CARTESIAN_POINT('',(-17.,2.5,84.));
#6400 = DIRECTION('',(1.,0.,0.));
#6401 = DIRECTION('',(0.,0.,1.));
#6402 = DEFINITIONAL_REPRESENTATION('',(#6403),#6406);
#6403 = B_SPLINE_CURVE_WITH_KNOTS('',1,(#6404,#6405),.UNSPECIFIED.,.F.,
  .F.,(2,2),(-35.,-15.),.PIECEWISE_BEZIER_KNOTS.);
#6404 = CARTESIAN_POINT('',(20.,-0.5));
#6405 = CARTESIAN_POINT('',(0.,-0.5));
#6406 = ( GEOMETRIC_REPRESENTATION_CONTEXT(2) 
PARAMETRIC_REPRESENTATION_CONTEXT() REPRESENTATION_CONTEXT('2D SPACE',''
  ) );
#6407 = ORIENTED_EDGE('',*,*,#6408,.T.);
#6408 = EDGE_CURVE('',#6383,#6409,#6411,.T.);
#6409 = VERTEX_POINT('',#6410);
#6410 = CARTESIAN_POINT('',(9.797958971133,3.,84.));
#6411 = SURFACE_CURVE('',#6412,(#6416,#6422),.PCURVE_S1.);
#6412 = LINE('',#6413,#6414);
#6413 = CARTESIAN_POINT('',(-13.94992717229,3.,84.));
#6414 = VECTOR('',#6415,1.);
#6415 = DIRECTION('',(1.,0.,0.));
#6416 = PCURVE('',#5819,#6417);
#6417 = DEFINITIONAL_REPRESENTATION('',(#6418),#6421);
#6418 = B_SPLINE_CURVE_WITH_KNOTS('',1,(#6419,#6420),.UNSPECIFIED.,.F.,
  .F.,(2,2),(-3.050072827705,27.949927172295),.PIECEWISE_BEZIER_KNOTS.);
#6419 = CARTESIAN_POINT('',(30.,-6.10014565541));
#6420 = CARTESIAN_POINT('',(30.,24.89985434459));
#6421 = ( GEOMETRIC_REPRESENTATION_CONTEXT(2) 
PARAMETRIC_REPRESENTATION_CONTEXT() REPRESENTATION_CONTEXT('2D SPACE',''
  ) );
#6422 = PCURVE('',#6423,#6428);
#6423 = PLANE('',#6424);
#6424 = AXIS2_PLACEMENT_3D('',#6425,#6426,#6427);
#6425 = CARTESIAN_POINT('',(-17.,2.5,84.));
#6426 = DIRECTION('',(0.,0.,1.));
#6427 = DIRECTION('',(1.,0.,0.));
#6428 = DEFINITIONAL_REPRESENTATION('',(#6429),#6432);
#6429 = B_SPLINE_CURVE_WITH_KNOTS('',1,(#6430,#6431),.UNSPECIFIED.,.F.,
  .F.,(2,2),(-3.050072827705,27.949927172295),.PIECEWISE_BEZIER_KNOTS.);
#6430 = CARTESIAN_POINT('',(0.,0.5));
#6431 = CARTESIAN_POINT('',(31.,0.5));
#6432 = ( GEOMETRIC_REPRESENTATION_CONTEXT(2) 
PARAMETRIC_REPRESENTATION_CONTEXT() REPRESENTATION_CONTEXT('2D SPACE',''
  ) );
#6433 = ORIENTED_EDGE('',*,*,#6434,.T.);
#6434 = EDGE_CURVE('',#6409,#6435,#6437,.T.);
#6435 = VERTEX_POINT('',#6436);
#6436 = CARTESIAN_POINT('',(-3.217974298508,3.,80.374852609452));
#6437 = SURFACE_CURVE('',#6438,(#6443,#6450),.PCURVE_S1.);
#6438 = CIRCLE('',#6439,14.);
#6439 = AXIS2_PLACEMENT_3D('',#6440,#6441,#6442);
#6440 = CARTESIAN_POINT('',(0.,3.,94.));
#6441 = DIRECTION('',(0.,1.,0.));
#6442 = DIRECTION('',(-0.971944895894,0.,-0.23520867192));
#6443 = PCURVE('',#5819,#6444);
#6444 = DEFINITIONAL_REPRESENTATION('',(#6445),#6449);
#6445 = CIRCLE('',#6446,14.);
#6446 = AXIS2_PLACEMENT_2D('',#6447,#6448);
#6447 = CARTESIAN_POINT('',(40.,10.89985434459));
#6448 = DIRECTION('',(-0.23520867192,-0.971944895894));
#6449 = ( GEOMETRIC_REPRESENTATION_CONTEXT(2) 
PARAMETRIC_REPRESENTATION_CONTEXT() REPRESENTATION_CONTEXT('2D SPACE',''
  ) );
#6450 = PCURVE('',#6451,#6456);
#6451 = CYLINDRICAL_SURFACE('',#6452,14.);
#6452 = AXIS2_PLACEMENT_3D('',#6453,#6454,#6455);
#6453 = CARTESIAN_POINT('',(0.,0.,94.));
#6454 = DIRECTION('',(-0.,1.,-0.));
#6455 = DIRECTION('',(1.,0.,0.));
#6456 = DEFINITIONAL_REPRESENTATION('',(#6457),#6461);
#6457 = LINE('',#6458,#6459);
#6458 = CARTESIAN_POINT('',(-9.662211218505,3.));
#6459 = VECTOR('',#6460,1.);
#6460 = DIRECTION('',(1.,-0.));
#6461 = ( GEOMETRIC_REPRESENTATION_CONTEXT(2) 
PARAMETRIC_REPRESENTATION_CONTEXT() REPRESENTATION_CONTEXT('2D SPACE',''
  ) );
#6462 = ORIENTED_EDGE('',*,*,#6463,.F.);
#6463 = EDGE_CURVE('',#6464,#6435,#6466,.T.);
#6464 = VERTEX_POINT('',#6465);
#6465 = CARTESIAN_POINT('',(-4.244206500914,3.,80.006428457648));
#6466 = SURFACE_CURVE('',#6467,(#6486,#6508),.PCURVE_S1.);
#6467 = B_SPLINE_CURVE_WITH_KNOTS('',5,(#6468,#6469,#6470,#6471,#6472,
    #6473,#6474,#6475,#6476,#6477,#6478,#6479,#6480,#6481,#6482,#6483,
    #6484,#6485),.UNSPECIFIED.,.F.,.F.,(6,4,4,4,6),(0.,0.249811703258,
    0.5,0.750188296742,1.),.UNSPECIFIED.);
#6468 = CARTESIAN_POINT('',(-4.244206500914,3.,80.006428457648));
#6469 = CARTESIAN_POINT('',(-4.211196043149,3.,80.049895284869));
#6470 = CARTESIAN_POINT('',(-4.174573668243,3.,80.091961362123));
#6471 = CARTESIAN_POINT('',(-4.134385287695,3.,80.132081753654));
#6472 = CARTESIAN_POINT('',(-4.090836341204,3.,80.169679907885));
#6473 = CARTESIAN_POINT('',(-3.997692170329,3.,80.238898965788));
#6474 = CARTESIAN_POINT('',(-3.94808755517,3.,80.270511356672));
#6475 = CARTESIAN_POINT('',(-3.895855422627,3.,80.298604501629));
#6476 = CARTESIAN_POINT('',(-3.841530615502,3.,80.322776881508));
#6477 = CARTESIAN_POINT('',(-3.729911893457,3.,80.362848741365));
#6478 = CARTESIAN_POINT('',(-3.672617165332,3.,80.378748513287));
#6479 = CARTESIAN_POINT('',(-3.614443515163,3.,80.39029177494));
#6480 = CARTESIAN_POINT('',(-3.556059040008,3.,80.397448182101));
#6481 = CARTESIAN_POINT('',(-3.440157662081,3.,80.403277859588));
#6482 = CARTESIAN_POINT('',(-3.382638927287,3.,80.401963671759));
#6483 = CARTESIAN_POINT('',(-3.326109165124,3.,80.396565733498));
#6484 = CARTESIAN_POINT('',(-3.271093613077,3.,80.387398278438));
#6485 = CARTESIAN_POINT('',(-3.217974298508,3.,80.374852609453));
#6486 = PCURVE('',#5819,#6487);
#6487 = DEFINITIONAL_REPRESENTATION('',(#6488),#6507);
#6488 = B_SPLINE_CURVE_WITH_KNOTS('',5,(#6489,#6490,#6491,#6492,#6493,
    #6494,#6495,#6496,#6497,#6498,#6499,#6500,#6501,#6502,#6503,#6504,
    #6505,#6506),.UNSPECIFIED.,.F.,.F.,(6,4,4,4,6),(0.,0.249811703258,
    0.5,0.750188296742,1.),.UNSPECIFIED.);
#6489 = CARTESIAN_POINT('',(26.006428457648,6.655647843676));
#6490 = CARTESIAN_POINT('',(26.049895284869,6.688658301441));
#6491 = CARTESIAN_POINT('',(26.091961362123,6.725280676347));
#6492 = CARTESIAN_POINT('',(26.132081753654,6.765469056895));
#6493 = CARTESIAN_POINT('',(26.169679907885,6.809018003385));
#6494 = CARTESIAN_POINT('',(26.238898965788,6.902162174261));
#6495 = CARTESIAN_POINT('',(26.270511356672,6.95176678942));
#6496 = CARTESIAN_POINT('',(26.298604501629,7.003998921963));
#6497 = CARTESIAN_POINT('',(26.322776881508,7.058323729088));
#6498 = CARTESIAN_POINT('',(26.362848741365,7.169942451133));
#6499 = CARTESIAN_POINT('',(26.378748513287,7.227237179258));
#6500 = CARTESIAN_POINT('',(26.39029177494,7.285410829427));
#6501 = CARTESIAN_POINT('',(26.397448182101,7.343795304581));
#6502 = CARTESIAN_POINT('',(26.403277859588,7.459696682509));
#6503 = CARTESIAN_POINT('',(26.401963671758,7.517215417303));
#6504 = CARTESIAN_POINT('',(26.396565733498,7.573745179466));
#6505 = CARTESIAN_POINT('',(26.387398278438,7.628760731513));
#6506 = CARTESIAN_POINT('',(26.374852609452,7.681880046082));
#6507 = ( GEOMETRIC_REPRESENTATION_CONTEXT(2) 
PARAMETRIC_REPRESENTATION_CONTEXT() REPRESENTATION_CONTEXT('2D SPACE',''
  ) );
#6508 = PCURVE('',#6509,#6525);
#6509 = ( BOUNDED_SURFACE() B_SPLINE_SURFACE(2,2,(
    (#6510,#6511,#6512,#6513,#6514)
    ,(#6515,#6516,#6517,#6518,#6519)
    ,(#6520,#6521,#6522,#6523,#6524
)),.UNSPECIFIED.,.F.,.F.,.F.) B_SPLINE_SURFACE_WITH_KNOTS((3,3),(3,1,1,3
    ),(0.,6.),(-0.3672,-6.371422486828E-15,6.,6.3672),.UNSPECIFIED.) 
GEOMETRIC_REPRESENTATION_ITEM() RATIONAL_B_SPLINE_SURFACE((
    (1.,1.,1.,1.,1.)
    ,(0.838318422664,0.838318422664,0.838318422664,0.838318422664
      ,0.838318422664)
,(1.,1.,1.,1.,1.))) REPRESENTATION_ITEM('') SURFACE() );
#6510 = CARTESIAN_POINT('',(-4.244206500914,3.3672,80.006428457648));
#6511 = CARTESIAN_POINT('',(-4.244206500914,3.1836,80.006428457648));
#6512 = CARTESIAN_POINT('',(-4.244206500914,0.,80.006428457648));
#6513 = CARTESIAN_POINT('',(-4.244206500914,-3.1836,80.006428457648));
#6514 = CARTESIAN_POINT('',(-4.244206500914,-3.3672,80.006428457648));
#6515 = CARTESIAN_POINT('',(-3.850888443094,3.3672,80.52433366768));
#6516 = CARTESIAN_POINT('',(-3.850888443094,3.1836,80.52433366768));
#6517 = CARTESIAN_POINT('',(-3.850888443094,0.,80.52433366768));
#6518 = CARTESIAN_POINT('',(-3.850888443094,-3.1836,80.52433366768));
#6519 = CARTESIAN_POINT('',(-3.850888443094,-3.3672,80.52433366768));
#6520 = CARTESIAN_POINT('',(-3.217974298508,3.3672,80.374852609452));
#6521 = CARTESIAN_POINT('',(-3.217974298508,3.1836,80.374852609452));
#6522 = CARTESIAN_POINT('',(-3.217974298508,0.,80.374852609452));
#6523 = CARTESIAN_POINT('',(-3.217974298508,-3.1836,80.374852609452));
#6524 = CARTESIAN_POINT('',(-3.217974298508,-3.3672,80.374852609452));
#6525 = DEFINITIONAL_REPRESENTATION('',(#6526),#6545);
#6526 = B_SPLINE_CURVE_WITH_KNOTS('',5,(#6527,#6528,#6529,#6530,#6531,
    #6532,#6533,#6534,#6535,#6536,#6537,#6538,#6539,#6540,#6541,#6542,
    #6543,#6544),.UNSPECIFIED.,.F.,.F.,(6,4,4,4,6),(0.,0.249811703258,
    0.5,0.750188296742,1.),.UNSPECIFIED.);
#6527 = CARTESIAN_POINT('',(0.,-5.760149301981E-15));
#6528 = CARTESIAN_POINT('',(0.300344653509,-5.693329265274E-15));
#6529 = CARTESIAN_POINT('',(0.600496247066,-6.398004603981E-15));
#6530 = CARTESIAN_POINT('',(0.900468862344,-5.604901942728E-15));
#6531 = CARTESIAN_POINT('',(1.200292864903,-5.851111308454E-15));
#6532 = CARTESIAN_POINT('',(1.800158946412,-5.780214265251E-15));
#6533 = CARTESIAN_POINT('',(2.100202840699,-3.764039473523E-15));
#6534 = CARTESIAN_POINT('',(2.400161535745,-7.2107766532E-15));
#6535 = CARTESIAN_POINT('',(2.700081395953,-5.285952843583E-15));
#6536 = CARTESIAN_POINT('',(3.299918604047,-5.299537672072E-15));
#6537 = CARTESIAN_POINT('',(3.599838464255,-5.982046351028E-15));
#6538 = CARTESIAN_POINT('',(3.899797159301,-6.218444821487E-15));
#6539 = CARTESIAN_POINT('',(4.199841053588,-5.386824283326E-15));
#6540 = CARTESIAN_POINT('',(4.799707135097,-5.487261761198E-15));
#6541 = CARTESIAN_POINT('',(5.099531137656,-6.614135490272E-15));
#6542 = CARTESIAN_POINT('',(5.399503752934,-6.37201914614E-15));
#6543 = CARTESIAN_POINT('',(5.699655346491,-6.12921236316E-15));
#6544 = CARTESIAN_POINT('',(6.,-6.204238511831E-15));
#6545 = ( GEOMETRIC_REPRESENTATION_CONTEXT(2) 
PARAMETRIC_REPRESENTATION_CONTEXT() REPRESENTATION_CONTEXT('2D SPACE',''
  ) );
#6546 = ORIENTED_EDGE('',*,*,#6547,.T.);
#6547 = EDGE_CURVE('',#6464,#6157,#6548,.T.);
#6548 = SURFACE_CURVE('',#6549,(#6554,#6565),.PCURVE_S1.);
#6549 = CIRCLE('',#6550,43.);
#6550 = AXIS2_PLACEMENT_3D('',#6551,#6552,#6553);
#6551 = CARTESIAN_POINT('',(30.,3.,54.));
#6552 = DIRECTION('',(0.,-1.,-0.));
#6553 = DIRECTION('',(-0.6,-0.,0.8));
#6554 = PCURVE('',#5819,#6555);
#6555 = DEFINITIONAL_REPRESENTATION('',(#6556),#6564);
#6556 = ( BOUNDED_CURVE() B_SPLINE_CURVE(2,(#6557,#6558,#6559,#6560,
#6561,#6562,#6563),.UNSPECIFIED.,.T.,.F.) B_SPLINE_CURVE_WITH_KNOTS((1,2
    ,2,2,2,1),(-2.094395102393,0.,2.094395102393,4.188790204786,
6.28318530718,8.377580409573),.UNSPECIFIED.) CURVE() 
GEOMETRIC_REPRESENTATION_ITEM() RATIONAL_B_SPLINE_CURVE((1.,0.5,1.,0.5,
1.,0.5,1.)) REPRESENTATION_ITEM('') );
#6557 = CARTESIAN_POINT('',(34.4,15.09985434459));
#6558 = CARTESIAN_POINT('',(-10.28691083527,-44.48269343578));
#6559 = CARTESIAN_POINT('',(-39.54345541763,24.008580454405));
#6560 = CARTESIAN_POINT('',(-68.8,92.49985434459));
#6561 = CARTESIAN_POINT('',(5.143455417638,83.591128234774));
#6562 = CARTESIAN_POINT('',(79.086910835277,74.682402124959));
#6563 = CARTESIAN_POINT('',(34.4,15.09985434459));
#6564 = ( GEOMETRIC_REPRESENTATION_CONTEXT(2) 
PARAMETRIC_REPRESENTATION_CONTEXT() REPRESENTATION_CONTEXT('2D SPACE',''
  ) );
#6565 = PCURVE('',#6566,#6571);
#6566 = CYLINDRICAL_SURFACE('',#6567,43.);
#6567 = AXIS2_PLACEMENT_3D('',#6568,#6569,#6570);
#6568 = CARTESIAN_POINT('',(30.,0.,54.));
#6569 = DIRECTION('',(-0.,1.,0.));
#6570 = DIRECTION('',(-0.6,-0.,0.8));
#6571 = DEFINITIONAL_REPRESENTATION('',(#6572),#6576);
#6572 = LINE('',#6573,#6574);
#6573 = CARTESIAN_POINT('',(0.,3.));
#6574 = VECTOR('',#6575,1.);
#6575 = DIRECTION('',(-1.,-0.));
#6576 = ( GEOMETRIC_REPRESENTATION_CONTEXT(2) 
PARAMETRIC_REPRESENTATION_CONTEXT() REPRESENTATION_CONTEXT('2D SPACE',''
  ) );
#6577 = ADVANCED_FACE('',(#6578),#5895,.T.);
#6578 = FACE_BOUND('',#6579,.T.);
#6579 = EDGE_LOOP('',(#6580,#6581,#6582,#6606));
#6580 = ORIENTED_EDGE('',*,*,#6263,.F.);
#6581 = ORIENTED_EDGE('',*,*,#5882,.T.);
#6582 = ORIENTED_EDGE('',*,*,#6583,.T.);
#6583 = EDGE_CURVE('',#5857,#6584,#6586,.T.);
#6584 = VERTEX_POINT('',#6585);
#6585 = CARTESIAN_POINT('',(-13.71129941527,-3.,16.828474561453));
#6586 = SURFACE_CURVE('',#6587,(#6592,#6599),.PCURVE_S1.);
#6587 = CIRCLE('',#6588,14.);
#6588 = AXIS2_PLACEMENT_3D('',#6589,#6590,#6591);
#6589 = CARTESIAN_POINT('',(0.,-3.,14.));
#6590 = DIRECTION('',(0.,1.,-0.));
#6591 = DIRECTION('',(-0.273980376464,0.,0.961735282348));
#6592 = PCURVE('',#5895,#6593);
#6593 = DEFINITIONAL_REPRESENTATION('',(#6594),#6598);
#6594 = LINE('',#6595,#6596);
#6595 = CARTESIAN_POINT('',(8.131510984552,3.));
#6596 = VECTOR('',#6597,1.);
#6597 = DIRECTION('',(-1.,0.));
#6598 = ( GEOMETRIC_REPRESENTATION_CONTEXT(2) 
PARAMETRIC_REPRESENTATION_CONTEXT() REPRESENTATION_CONTEXT('2D SPACE',''
  ) );
#6599 = PCURVE('',#5871,#6600);
#6600 = DEFINITIONAL_REPRESENTATION('',(#6601),#6605);
#6601 = CIRCLE('',#6602,14.);
#6602 = AXIS2_PLACEMENT_2D('',#6603,#6604);
#6603 = CARTESIAN_POINT('',(-40.,10.89985434459));
#6604 = DIRECTION('',(0.961735282348,-0.273980376464));
#6605 = ( GEOMETRIC_REPRESENTATION_CONTEXT(2) 
PARAMETRIC_REPRESENTATION_CONTEXT() REPRESENTATION_CONTEXT('2D SPACE',''
  ) );
#6606 = ORIENTED_EDGE('',*,*,#6607,.T.);
#6607 = EDGE_CURVE('',#6584,#6264,#6608,.T.);
#6608 = SURFACE_CURVE('',#6609,(#6615,#6621),.PCURVE_S1.);
#6609 = B_SPLINE_CURVE_WITH_KNOTS('',2,(#6610,#6611,#6612,#6613,#6614),
  .UNSPECIFIED.,.F.,.F.,(3,1,1,3),(-0.3672,-7.037231040952E-15,6.,6.3672
    ),.UNSPECIFIED.);
#6610 = CARTESIAN_POINT('',(-13.71129941527,-3.3672,16.828474561453));
#6611 = CARTESIAN_POINT('',(-13.71129941527,-3.1836,16.828474561453));
#6612 = CARTESIAN_POINT('',(-13.71129941527,0.,16.828474561453));
#6613 = CARTESIAN_POINT('',(-13.71129941527,3.1836,16.828474561453));
#6614 = CARTESIAN_POINT('',(-13.71129941527,3.3672,16.828474561453));
#6615 = PCURVE('',#5895,#6616);
#6616 = DEFINITIONAL_REPRESENTATION('',(#6617),#6620);
#6617 = B_SPLINE_CURVE_WITH_KNOTS('',1,(#6618,#6619),.UNSPECIFIED.,.F.,
  .F.,(2,2),(-7.037231040952E-15,6.),.PIECEWISE_BEZIER_KNOTS.);
#6618 = CARTESIAN_POINT('',(2.93815845364,3.));
#6619 = CARTESIAN_POINT('',(2.93815845364,-3.));
#6620 = ( GEOMETRIC_REPRESENTATION_CONTEXT(2) 
PARAMETRIC_REPRESENTATION_CONTEXT() REPRESENTATION_CONTEXT('2D SPACE',''
  ) );
#6621 = PCURVE('',#6321,#6622);
#6622 = DEFINITIONAL_REPRESENTATION('',(#6623),#6627);
#6623 = LINE('',#6624,#6625);
#6624 = CARTESIAN_POINT('',(0.,0.));
#6625 = VECTOR('',#6626,1.);
#6626 = DIRECTION('',(0.,1.));
#6627 = ( GEOMETRIC_REPRESENTATION_CONTEXT(2) 
PARAMETRIC_REPRESENTATION_CONTEXT() REPRESENTATION_CONTEXT('2D SPACE',''
  ) );
#6628 = ADVANCED_FACE('',(#6629),#5871,.F.);
#6629 = FACE_BOUND('',#6630,.F.);
#6630 = EDGE_LOOP('',(#6631,#6632,#6682,#6706,#6772,#6800,#6868,#6896,
    #6964,#6986));
#6631 = ORIENTED_EDGE('',*,*,#6583,.T.);
#6632 = ORIENTED_EDGE('',*,*,#6633,.T.);
#6633 = EDGE_CURVE('',#6584,#6634,#6636,.T.);
#6634 = VERTEX_POINT('',#6635);
#6635 = CARTESIAN_POINT('',(-13.92014901484,-3.,17.667913485274));
#6636 = SURFACE_CURVE('',#6637,(#6650,#6666),.PCURVE_S1.);
#6637 = B_SPLINE_CURVE_WITH_KNOTS('',6,(#6638,#6639,#6640,#6641,#6642,
    #6643,#6644,#6645,#6646,#6647,#6648,#6649),.UNSPECIFIED.,.F.,.F.,(7,
    5,7),(0.,0.5,1.),.UNSPECIFIED.);
#6638 = CARTESIAN_POINT('',(-13.71129941527,-3.,16.828474561453));
#6639 = CARTESIAN_POINT('',(-13.69672537384,-3.,16.899123613206));
#6640 = CARTESIAN_POINT('',(-13.68798592184,-3.,16.972397578168));
#6641 = CARTESIAN_POINT('',(-13.68571607267,-3.,17.047449359507));
#6642 = CARTESIAN_POINT('',(-13.69035409359,-3.,17.123191227973));
#6643 = CARTESIAN_POINT('',(-13.70196365775,-3.,17.198400292906));
#6644 = CARTESIAN_POINT('',(-13.73855895114,-3.,17.345489460233));
#6645 = CARTESIAN_POINT('',(-13.76354491873,-3.,17.417370520686));
#6646 = CARTESIAN_POINT('',(-13.79493933077,-3.,17.486455488439));
#6647 = CARTESIAN_POINT('',(-13.83211290565,-3.,17.551693877659));
#6648 = CARTESIAN_POINT('',(-13.87416877396,-3.,17.61233013664));
#6649 = CARTESIAN_POINT('',(-13.92014901484,-3.,17.667913485274));
#6650 = PCURVE('',#5871,#6651);
#6651 = DEFINITIONAL_REPRESENTATION('',(#6652),#6665);
#6652 = B_SPLINE_CURVE_WITH_KNOTS('',6,(#6653,#6654,#6655,#6656,#6657,
    #6658,#6659,#6660,#6661,#6662,#6663,#6664),.UNSPECIFIED.,.F.,.F.,(7,
    5,7),(0.,0.5,1.),.UNSPECIFIED.);
#6653 = CARTESIAN_POINT('',(-37.17152543854,-2.811445070681));
#6654 = CARTESIAN_POINT('',(-37.10087638679,-2.796871029256));
#6655 = CARTESIAN_POINT('',(-37.02760242183,-2.788131577252));
#6656 = CARTESIAN_POINT('',(-36.95255064049,-2.785861728081));
#6657 = CARTESIAN_POINT('',(-36.87680877202,-2.790499749006));
#6658 = CARTESIAN_POINT('',(-36.80159970709,-2.802109313167));
#6659 = CARTESIAN_POINT('',(-36.65451053976,-2.838704606555));
#6660 = CARTESIAN_POINT('',(-36.58262947931,-2.863690574144));
#6661 = CARTESIAN_POINT('',(-36.51354451156,-2.895084986185));
#6662 = CARTESIAN_POINT('',(-36.44830612234,-2.932258561065));
#6663 = CARTESIAN_POINT('',(-36.38766986336,-2.974314429375));
#6664 = CARTESIAN_POINT('',(-36.33208651472,-3.020294670258));
#6665 = ( GEOMETRIC_REPRESENTATION_CONTEXT(2) 
PARAMETRIC_REPRESENTATION_CONTEXT() REPRESENTATION_CONTEXT('2D SPACE',''
  ) );
#6666 = PCURVE('',#6321,#6667);
#6667 = DEFINITIONAL_REPRESENTATION('',(#6668),#6681);
#6668 = B_SPLINE_CURVE_WITH_KNOTS('',6,(#6669,#6670,#6671,#6672,#6673,
    #6674,#6675,#6676,#6677,#6678,#6679,#6680),.UNSPECIFIED.,.F.,.F.,(7,
    5,7),(0.,0.5,1.),.UNSPECIFIED.);
#6669 = CARTESIAN_POINT('',(0.,-6.606260677389E-15));
#6670 = CARTESIAN_POINT('',(0.500352576598,-6.592373103614E-15));
#6671 = CARTESIAN_POINT('',(1.000511093129,-5.716260306531E-15));
#6672 = CARTESIAN_POINT('',(1.500498500941,-7.137189550627E-15));
#6673 = CARTESIAN_POINT('',(2.000367805914,-6.119297773542E-15));
#6674 = CARTESIAN_POINT('',(2.500186302933,-6.405349526773E-15));
#6675 = CARTESIAN_POINT('',(3.499813697067,-6.405349526773E-15));
#6676 = CARTESIAN_POINT('',(3.999632194086,-5.176201030011E-15));
#6677 = CARTESIAN_POINT('',(4.499501499059,-9.600881370693E-15));
#6678 = CARTESIAN_POINT('',(4.999488906871,-3.223804805355E-15));
#6679 = CARTESIAN_POINT('',(5.499647423401,-7.307951430438E-15));
#6680 = CARTESIAN_POINT('',(6.,-7.314895217325E-15));
#6681 = ( GEOMETRIC_REPRESENTATION_CONTEXT(2) 
PARAMETRIC_REPRESENTATION_CONTEXT() REPRESENTATION_CONTEXT('2D SPACE',''
  ) );
#6682 = ORIENTED_EDGE('',*,*,#6683,.T.);
#6683 = EDGE_CURVE('',#6634,#6684,#6686,.T.);
#6684 = VERTEX_POINT('',#6685);
#6685 = CARTESIAN_POINT('',(-13.92014901484,-3.,90.332086514726));
#6686 = SURFACE_CURVE('',#6687,(#6692,#6699),.PCURVE_S1.);
#6687 = CIRCLE('',#6688,57.);
#6688 = AXIS2_PLACEMENT_3D('',#6689,#6690,#6691);
#6689 = CARTESIAN_POINT('',(30.,-3.,54.));
#6690 = DIRECTION('',(0.,1.,0.));
#6691 = DIRECTION('',(-0.6,0.,-0.8));
#6692 = PCURVE('',#5871,#6693);
#6693 = DEFINITIONAL_REPRESENTATION('',(#6694),#6698);
#6694 = CIRCLE('',#6695,57.);
#6695 = AXIS2_PLACEMENT_2D('',#6696,#6697);
#6696 = CARTESIAN_POINT('',(-1.42108547152E-14,40.89985434459));
#6697 = DIRECTION('',(-0.8,-0.6));
#6698 = ( GEOMETRIC_REPRESENTATION_CONTEXT(2) 
PARAMETRIC_REPRESENTATION_CONTEXT() REPRESENTATION_CONTEXT('2D SPACE',''
  ) );
#6699 = PCURVE('',#6370,#6700);
#6700 = DEFINITIONAL_REPRESENTATION('',(#6701),#6705);
#6701 = LINE('',#6702,#6703);
#6702 = CARTESIAN_POINT('',(0.,-3.));
#6703 = VECTOR('',#6704,1.);
#6704 = DIRECTION('',(1.,0.));
#6705 = ( GEOMETRIC_REPRESENTATION_CONTEXT(2) 
PARAMETRIC_REPRESENTATION_CONTEXT() REPRESENTATION_CONTEXT('2D SPACE',''
  ) );
#6706 = ORIENTED_EDGE('',*,*,#6707,.T.);
#6707 = EDGE_CURVE('',#6684,#6708,#6710,.T.);
#6708 = VERTEX_POINT('',#6709);
#6709 = CARTESIAN_POINT('',(-13.71129941527,-3.,91.171525438547));
#6710 = SURFACE_CURVE('',#6711,(#6724,#6740),.PCURVE_S1.);
#6711 = B_SPLINE_CURVE_WITH_KNOTS('',6,(#6712,#6713,#6714,#6715,#6716,
    #6717,#6718,#6719,#6720,#6721,#6722,#6723),.UNSPECIFIED.,.F.,.F.,(7,
    5,7),(0.,0.5,1.),.UNSPECIFIED.);
#6712 = CARTESIAN_POINT('',(-13.92014901484,-3.,90.332086514726));
#6713 = CARTESIAN_POINT('',(-13.87416877396,-3.,90.38766986336));
#6714 = CARTESIAN_POINT('',(-13.83211290565,-3.,90.448306122341));
#6715 = CARTESIAN_POINT('',(-13.79493933077,-3.,90.513544511561));
#6716 = CARTESIAN_POINT('',(-13.76354491873,-3.,90.582629479314));
#6717 = CARTESIAN_POINT('',(-13.73855895114,-3.,90.654510539767));
#6718 = CARTESIAN_POINT('',(-13.70196365775,-3.,90.801599707094));
#6719 = CARTESIAN_POINT('',(-13.69035409359,-3.,90.876808772027));
#6720 = CARTESIAN_POINT('',(-13.68571607267,-3.,90.952550640493));
#6721 = CARTESIAN_POINT('',(-13.68798592184,-3.,91.027602421832));
#6722 = CARTESIAN_POINT('',(-13.69672537384,-3.,91.100876386794));
#6723 = CARTESIAN_POINT('',(-13.71129941527,-3.,91.171525438547));
#6724 = PCURVE('',#5871,#6725);
#6725 = DEFINITIONAL_REPRESENTATION('',(#6726),#6739);
#6726 = B_SPLINE_CURVE_WITH_KNOTS('',6,(#6727,#6728,#6729,#6730,#6731,
    #6732,#6733,#6734,#6735,#6736,#6737,#6738),.UNSPECIFIED.,.F.,.F.,(7,
    5,7),(0.,0.5,1.),.UNSPECIFIED.);
#6727 = CARTESIAN_POINT('',(36.332086514726,-3.020294670258));
#6728 = CARTESIAN_POINT('',(36.38766986336,-2.974314429375));
#6729 = CARTESIAN_POINT('',(36.448306122341,-2.932258561065));
#6730 = CARTESIAN_POINT('',(36.513544511561,-2.895084986185));
#6731 = CARTESIAN_POINT('',(36.582629479314,-2.863690574144));
#6732 = CARTESIAN_POINT('',(36.654510539767,-2.838704606555));
#6733 = CARTESIAN_POINT('',(36.801599707094,-2.802109313167));
#6734 = CARTESIAN_POINT('',(36.876808772027,-2.790499749006));
#6735 = CARTESIAN_POINT('',(36.952550640493,-2.785861728081));
#6736 = CARTESIAN_POINT('',(37.027602421832,-2.788131577252));
#6737 = CARTESIAN_POINT('',(37.100876386794,-2.796871029256));
#6738 = CARTESIAN_POINT('',(37.171525438547,-2.811445070681));
#6739 = ( GEOMETRIC_REPRESENTATION_CONTEXT(2) 
PARAMETRIC_REPRESENTATION_CONTEXT() REPRESENTATION_CONTEXT('2D SPACE',''
  ) );
#6740 = PCURVE('',#6741,#6757);
#6741 = ( BOUNDED_SURFACE() B_SPLINE_SURFACE(2,2,(
    (#6742,#6743,#6744,#6745,#6746)
    ,(#6747,#6748,#6749,#6750,#6751)
    ,(#6752,#6753,#6754,#6755,#6756
)),.UNSPECIFIED.,.F.,.F.,.F.) B_SPLINE_SURFACE_WITH_KNOTS((3,3),(3,1,1,3
    ),(0.,6.),(-0.3672,-6.815294856244E-15,6.,6.3672),.UNSPECIFIED.) 
GEOMETRIC_REPRESENTATION_ITEM() RATIONAL_B_SPLINE_SURFACE((
    (1.,1.,1.,1.,1.)
    ,(0.901626882076,0.901626882076,0.901626882076,0.901626882076
      ,0.901626882076)
,(1.,1.,1.,1.,1.))) REPRESENTATION_ITEM('') SURFACE() );
#6742 = CARTESIAN_POINT('',(-13.92014901484,-3.3672,90.332086514726));
#6743 = CARTESIAN_POINT('',(-13.92014901484,-3.1836,90.332086514726));
#6744 = CARTESIAN_POINT('',(-13.92014901484,8.881784197001E-16,
    90.332086514726));
#6745 = CARTESIAN_POINT('',(-13.92014901484,3.1836,90.332086514726));
#6746 = CARTESIAN_POINT('',(-13.92014901484,3.3672,90.332086514726));
#6747 = CARTESIAN_POINT('',(-13.61438279471,-3.3672,90.701712903962));
#6748 = CARTESIAN_POINT('',(-13.61438279471,-3.1836,90.701712903962));
#6749 = CARTESIAN_POINT('',(-13.61438279471,0.,90.701712903962));
#6750 = CARTESIAN_POINT('',(-13.61438279471,3.1836,90.701712903962));
#6751 = CARTESIAN_POINT('',(-13.61438279471,3.3672,90.701712903962));
#6752 = CARTESIAN_POINT('',(-13.71129941527,-3.3672,91.171525438547));
#6753 = CARTESIAN_POINT('',(-13.71129941527,-3.1836,91.171525438547));
#6754 = CARTESIAN_POINT('',(-13.71129941527,-1.33226762955E-15,
    91.171525438547));
#6755 = CARTESIAN_POINT('',(-13.71129941527,3.1836,91.171525438547));
#6756 = CARTESIAN_POINT('',(-13.71129941527,3.3672,91.171525438547));
#6757 = DEFINITIONAL_REPRESENTATION('',(#6758),#6771);
#6758 = B_SPLINE_CURVE_WITH_KNOTS('',6,(#6759,#6760,#6761,#6762,#6763,
    #6764,#6765,#6766,#6767,#6768,#6769,#6770),.UNSPECIFIED.,.F.,.F.,(7,
    5,7),(0.,0.5,1.),.UNSPECIFIED.);
#6759 = CARTESIAN_POINT('',(0.,-7.536072460512E-15));
#6760 = CARTESIAN_POINT('',(0.500352576598,-7.570791394948E-15));
#6761 = CARTESIAN_POINT('',(1.000511093129,-6.293067279043E-15));
#6762 = CARTESIAN_POINT('',(1.500498500941,-8.277030355475E-15));
#6763 = CARTESIAN_POINT('',(2.000367805914,-7.023076436924E-15));
#6764 = CARTESIAN_POINT('',(2.500186302933,-7.273964060863E-15));
#6765 = CARTESIAN_POINT('',(3.499813697067,-7.10828010435E-15));
#6766 = CARTESIAN_POINT('',(3.999632194086,-8.314479596542E-15));
#6767 = CARTESIAN_POINT('',(4.49950149906,-5.515303955774E-15));
#6768 = CARTESIAN_POINT('',(4.999488906871,-7.715694604785E-15));
#6769 = CARTESIAN_POINT('',(5.499647423402,-6.96072732626E-15));
#6770 = CARTESIAN_POINT('',(6.,-6.759350024144E-15));
#6771 = ( GEOMETRIC_REPRESENTATION_CONTEXT(2) 
PARAMETRIC_REPRESENTATION_CONTEXT() REPRESENTATION_CONTEXT('2D SPACE',''
  ) );
#6772 = ORIENTED_EDGE('',*,*,#6773,.F.);
#6773 = EDGE_CURVE('',#6774,#6708,#6776,.T.);
#6774 = VERTEX_POINT('',#6775);
#6775 = CARTESIAN_POINT('',(-3.217974298508,-3.,80.374852609452));
#6776 = SURFACE_CURVE('',#6777,(#6782,#6793),.PCURVE_S1.);
#6777 = CIRCLE('',#6778,14.);
#6778 = AXIS2_PLACEMENT_3D('',#6779,#6780,#6781);
#6779 = CARTESIAN_POINT('',(0.,-3.,94.));
#6780 = DIRECTION('',(0.,-1.,-0.));
#6781 = DIRECTION('',(-0.273980376464,0.,-0.961735282348));
#6782 = PCURVE('',#5871,#6783);
#6783 = DEFINITIONAL_REPRESENTATION('',(#6784),#6792);
#6784 = ( BOUNDED_CURVE() B_SPLINE_CURVE(2,(#6785,#6786,#6787,#6788,
#6789,#6790,#6791),.UNSPECIFIED.,.T.,.F.) B_SPLINE_CURVE_WITH_KNOTS((1,2
    ,2,2,2,1),(-2.094395102393,0.,2.094395102393,4.188790204786,
6.28318530718,8.377580409573),.UNSPECIFIED.) CURVE() 
GEOMETRIC_REPRESENTATION_ITEM() RATIONAL_B_SPLINE_CURVE((1.,0.5,1.,0.5,
1.,0.5,1.)) REPRESENTATION_ITEM('') );
#6785 = CARTESIAN_POINT('',(26.53570604713,7.064129074096));
#6786 = CARTESIAN_POINT('',(19.892034994759,30.38497028851));
#6787 = CARTESIAN_POINT('',(43.41031145025,24.478137587043));
#6788 = CARTESIAN_POINT('',(66.92858790574,18.571304885577));
#6789 = CARTESIAN_POINT('',(50.05398250262,1.15729637263));
#6790 = CARTESIAN_POINT('',(33.1793770995,-16.25671214031));
#6791 = CARTESIAN_POINT('',(26.53570604713,7.064129074096));
#6792 = ( GEOMETRIC_REPRESENTATION_CONTEXT(2) 
PARAMETRIC_REPRESENTATION_CONTEXT() REPRESENTATION_CONTEXT('2D SPACE',''
  ) );
#6793 = PCURVE('',#6451,#6794);
#6794 = DEFINITIONAL_REPRESENTATION('',(#6795),#6799);
#6795 = LINE('',#6796,#6797);
#6796 = CARTESIAN_POINT('',(-4.434859629807,-3.));
#6797 = VECTOR('',#6798,1.);
#6798 = DIRECTION('',(-1.,0.));
#6799 = ( GEOMETRIC_REPRESENTATION_CONTEXT(2) 
PARAMETRIC_REPRESENTATION_CONTEXT() REPRESENTATION_CONTEXT('2D SPACE',''
  ) );
#6800 = ORIENTED_EDGE('',*,*,#6801,.F.);
#6801 = EDGE_CURVE('',#6802,#6774,#6804,.T.);
#6802 = VERTEX_POINT('',#6803);
#6803 = CARTESIAN_POINT('',(-4.244206500914,-3.,80.006428457648));
#6804 = SURFACE_CURVE('',#6805,(#6824,#6846),.PCURVE_S1.);
#6805 = B_SPLINE_CURVE_WITH_KNOTS('',5,(#6806,#6807,#6808,#6809,#6810,
    #6811,#6812,#6813,#6814,#6815,#6816,#6817,#6818,#6819,#6820,#6821,
    #6822,#6823),.UNSPECIFIED.,.F.,.F.,(6,4,4,4,6),(0.,0.249811703258,
    0.5,0.750188296742,1.),.UNSPECIFIED.);
#6806 = CARTESIAN_POINT('',(-4.244206500914,-3.,80.006428457648));
#6807 = CARTESIAN_POINT('',(-4.211196043149,-3.,80.049895284869));
#6808 = CARTESIAN_POINT('',(-4.174573668243,-3.,80.091961362123));
#6809 = CARTESIAN_POINT('',(-4.134385287695,-3.,80.132081753654));
#6810 = CARTESIAN_POINT('',(-4.090836341204,-3.,80.169679907885));
#6811 = CARTESIAN_POINT('',(-3.997692170329,-3.,80.238898965788));
#6812 = CARTESIAN_POINT('',(-3.94808755517,-3.,80.270511356672));
#6813 = CARTESIAN_POINT('',(-3.895855422627,-3.,80.298604501629));
#6814 = CARTESIAN_POINT('',(-3.841530615502,-3.,80.322776881508));
#6815 = CARTESIAN_POINT('',(-3.729911893457,-3.,80.362848741365));
#6816 = CARTESIAN_POINT('',(-3.672617165332,-3.,80.378748513287));
#6817 = CARTESIAN_POINT('',(-3.614443515163,-3.,80.39029177494));
#6818 = CARTESIAN_POINT('',(-3.556059040008,-3.,80.397448182101));
#6819 = CARTESIAN_POINT('',(-3.440157662081,-3.,80.403277859588));
#6820 = CARTESIAN_POINT('',(-3.382638927287,-3.,80.401963671759));
#6821 = CARTESIAN_POINT('',(-3.326109165124,-3.,80.396565733498));
#6822 = CARTESIAN_POINT('',(-3.271093613077,-3.,80.387398278438));
#6823 = CARTESIAN_POINT('',(-3.217974298508,-3.,80.374852609453));
#6824 = PCURVE('',#5871,#6825);
#6825 = DEFINITIONAL_REPRESENTATION('',(#6826),#6845);
#6826 = B_SPLINE_CURVE_WITH_KNOTS('',5,(#6827,#6828,#6829,#6830,#6831,
    #6832,#6833,#6834,#6835,#6836,#6837,#6838,#6839,#6840,#6841,#6842,
    #6843,#6844),.UNSPECIFIED.,.F.,.F.,(6,4,4,4,6),(0.,0.249811703258,
    0.5,0.750188296742,1.),.UNSPECIFIED.);
#6827 = CARTESIAN_POINT('',(26.006428457648,6.655647843676));
#6828 = CARTESIAN_POINT('',(26.049895284869,6.688658301441));
#6829 = CARTESIAN_POINT('',(26.091961362123,6.725280676347));
#6830 = CARTESIAN_POINT('',(26.132081753654,6.765469056895));
#6831 = CARTESIAN_POINT('',(26.169679907885,6.809018003385));
#6832 = CARTESIAN_POINT('',(26.238898965788,6.902162174261));
#6833 = CARTESIAN_POINT('',(26.270511356672,6.95176678942));
#6834 = CARTESIAN_POINT('',(26.298604501629,7.003998921963));
#6835 = CARTESIAN_POINT('',(26.322776881508,7.058323729088));
#6836 = CARTESIAN_POINT('',(26.362848741365,7.169942451133));
#6837 = CARTESIAN_POINT('',(26.378748513287,7.227237179258));
#6838 = CARTESIAN_POINT('',(26.39029177494,7.285410829427));
#6839 = CARTESIAN_POINT('',(26.397448182101,7.343795304581));
#6840 = CARTESIAN_POINT('',(26.403277859588,7.459696682509));
#6841 = CARTESIAN_POINT('',(26.401963671758,7.517215417303));
#6842 = CARTESIAN_POINT('',(26.396565733498,7.573745179466));
#6843 = CARTESIAN_POINT('',(26.387398278438,7.628760731513));
#6844 = CARTESIAN_POINT('',(26.374852609452,7.681880046082));
#6845 = ( GEOMETRIC_REPRESENTATION_CONTEXT(2) 
PARAMETRIC_REPRESENTATION_CONTEXT() REPRESENTATION_CONTEXT('2D SPACE',''
  ) );
#6846 = PCURVE('',#6509,#6847);
#6847 = DEFINITIONAL_REPRESENTATION('',(#6848),#6867);
#6848 = B_SPLINE_CURVE_WITH_KNOTS('',5,(#6849,#6850,#6851,#6852,#6853,
    #6854,#6855,#6856,#6857,#6858,#6859,#6860,#6861,#6862,#6863,#6864,
    #6865,#6866),.UNSPECIFIED.,.F.,.F.,(6,4,4,4,6),(0.,0.249811703258,
    0.5,0.750188296742,1.),.UNSPECIFIED.);
#6849 = CARTESIAN_POINT('',(0.,6.));
#6850 = CARTESIAN_POINT('',(0.300344653509,6.));
#6851 = CARTESIAN_POINT('',(0.600496247066,6.));
#6852 = CARTESIAN_POINT('',(0.900468862344,6.));
#6853 = CARTESIAN_POINT('',(1.200292864903,6.));
#6854 = CARTESIAN_POINT('',(1.800158946412,6.));
#6855 = CARTESIAN_POINT('',(2.100202840699,6.));
#6856 = CARTESIAN_POINT('',(2.400161535745,6.));
#6857 = CARTESIAN_POINT('',(2.700081395953,6.));
#6858 = CARTESIAN_POINT('',(3.299918604047,6.));
#6859 = CARTESIAN_POINT('',(3.599838464255,6.));
#6860 = CARTESIAN_POINT('',(3.899797159301,6.));
#6861 = CARTESIAN_POINT('',(4.199841053588,6.));
#6862 = CARTESIAN_POINT('',(4.799707135097,6.));
#6863 = CARTESIAN_POINT('',(5.099531137656,6.));
#6864 = CARTESIAN_POINT('',(5.399503752934,6.));
#6865 = CARTESIAN_POINT('',(5.699655346491,6.));
#6866 = CARTESIAN_POINT('',(6.,6.));
#6867 = ( GEOMETRIC_REPRESENTATION_CONTEXT(2) 
PARAMETRIC_REPRESENTATION_CONTEXT() REPRESENTATION_CONTEXT('2D SPACE',''
  ) );
#6868 = ORIENTED_EDGE('',*,*,#6869,.T.);
#6869 = EDGE_CURVE('',#6802,#6870,#6872,.T.);
#6870 = VERTEX_POINT('',#6871);
#6871 = CARTESIAN_POINT('',(-4.244206500914,-3.,27.993571542352));
#6872 = SURFACE_CURVE('',#6873,(#6878,#6889),.PCURVE_S1.);
#6873 = CIRCLE('',#6874,43.);
#6874 = AXIS2_PLACEMENT_3D('',#6875,#6876,#6877);
#6875 = CARTESIAN_POINT('',(30.,-3.,54.));
#6876 = DIRECTION('',(0.,-1.,-0.));
#6877 = DIRECTION('',(-0.6,-0.,0.8));
#6878 = PCURVE('',#5871,#6879);
#6879 = DEFINITIONAL_REPRESENTATION('',(#6880),#6888);
#6880 = ( BOUNDED_CURVE() B_SPLINE_CURVE(2,(#6881,#6882,#6883,#6884,
#6885,#6886,#6887),.UNSPECIFIED.,.T.,.F.) B_SPLINE_CURVE_WITH_KNOTS((1,2
    ,2,2,2,1),(-2.094395102393,0.,2.094395102393,4.188790204786,
6.28318530718,8.377580409573),.UNSPECIFIED.) CURVE() 
GEOMETRIC_REPRESENTATION_ITEM() RATIONAL_B_SPLINE_CURVE((1.,0.5,1.,0.5,
1.,0.5,1.)) REPRESENTATION_ITEM('') );
#6881 = CARTESIAN_POINT('',(34.4,15.09985434459));
#6882 = CARTESIAN_POINT('',(-10.28691083527,-44.48269343578));
#6883 = CARTESIAN_POINT('',(-39.54345541763,24.008580454405));
#6884 = CARTESIAN_POINT('',(-68.8,92.49985434459));
#6885 = CARTESIAN_POINT('',(5.143455417638,83.591128234774));
#6886 = CARTESIAN_POINT('',(79.086910835277,74.682402124959));
#6887 = CARTESIAN_POINT('',(34.4,15.09985434459));
#6888 = ( GEOMETRIC_REPRESENTATION_CONTEXT(2) 
PARAMETRIC_REPRESENTATION_CONTEXT() REPRESENTATION_CONTEXT('2D SPACE',''
  ) );
#6889 = PCURVE('',#6566,#6890);
#6890 = DEFINITIONAL_REPRESENTATION('',(#6891),#6895);
#6891 = LINE('',#6892,#6893);
#6892 = CARTESIAN_POINT('',(-0.,-3.));
#6893 = VECTOR('',#6894,1.);
#6894 = DIRECTION('',(-1.,0.));
#6895 = ( GEOMETRIC_REPRESENTATION_CONTEXT(2) 
PARAMETRIC_REPRESENTATION_CONTEXT() REPRESENTATION_CONTEXT('2D SPACE',''
  ) );
#6896 = ORIENTED_EDGE('',*,*,#6897,.F.);
#6897 = EDGE_CURVE('',#6898,#6870,#6900,.T.);
#6898 = VERTEX_POINT('',#6899);
#6899 = CARTESIAN_POINT('',(-3.217974298508,-3.,27.625147390547));
#6900 = SURFACE_CURVE('',#6901,(#6920,#6942),.PCURVE_S1.);
#6901 = B_SPLINE_CURVE_WITH_KNOTS('',5,(#6902,#6903,#6904,#6905,#6906,
    #6907,#6908,#6909,#6910,#6911,#6912,#6913,#6914,#6915,#6916,#6917,
    #6918,#6919),.UNSPECIFIED.,.F.,.F.,(6,4,4,4,6),(0.,0.249811703258,
    0.5,0.750188296742,1.),.UNSPECIFIED.);
#6902 = CARTESIAN_POINT('',(-3.217974298508,-3.,27.625147390548));
#6903 = CARTESIAN_POINT('',(-3.271093613077,-3.,27.612601721562));
#6904 = CARTESIAN_POINT('',(-3.326109165124,-3.,27.603434266502));
#6905 = CARTESIAN_POINT('',(-3.382638927287,-3.,27.598036328242));
#6906 = CARTESIAN_POINT('',(-3.440157662081,-3.,27.596722140412));
#6907 = CARTESIAN_POINT('',(-3.556059040008,-3.,27.602551817899));
#6908 = CARTESIAN_POINT('',(-3.614443515163,-3.,27.60970822506));
#6909 = CARTESIAN_POINT('',(-3.672617165332,-3.,27.621251486713));
#6910 = CARTESIAN_POINT('',(-3.729911893457,-3.,27.637151258635));
#6911 = CARTESIAN_POINT('',(-3.841530615502,-3.,27.677223118492));
#6912 = CARTESIAN_POINT('',(-3.895855422626,-3.,27.701395498371));
#6913 = CARTESIAN_POINT('',(-3.94808755517,-3.,27.729488643328));
#6914 = CARTESIAN_POINT('',(-3.997692170329,-3.,27.761101034212));
#6915 = CARTESIAN_POINT('',(-4.090836341204,-3.,27.830320092115));
#6916 = CARTESIAN_POINT('',(-4.134385287695,-3.,27.867918246346));
#6917 = CARTESIAN_POINT('',(-4.174573668243,-3.,27.908038637877));
#6918 = CARTESIAN_POINT('',(-4.211196043149,-3.,27.950104715131));
#6919 = CARTESIAN_POINT('',(-4.244206500914,-3.,27.993571542352));
#6920 = PCURVE('',#5871,#6921);
#6921 = DEFINITIONAL_REPRESENTATION('',(#6922),#6941);
#6922 = B_SPLINE_CURVE_WITH_KNOTS('',5,(#6923,#6924,#6925,#6926,#6927,
    #6928,#6929,#6930,#6931,#6932,#6933,#6934,#6935,#6936,#6937,#6938,
    #6939,#6940),.UNSPECIFIED.,.F.,.F.,(6,4,4,4,6),(0.,0.249811703258,
    0.5,0.750188296742,1.),.UNSPECIFIED.);
#6923 = CARTESIAN_POINT('',(-26.37485260945,7.681880046082));
#6924 = CARTESIAN_POINT('',(-26.38739827843,7.628760731513));
#6925 = CARTESIAN_POINT('',(-26.39656573349,7.573745179466));
#6926 = CARTESIAN_POINT('',(-26.40196367175,7.517215417303));
#6927 = CARTESIAN_POINT('',(-26.40327785958,7.459696682509));
#6928 = CARTESIAN_POINT('',(-26.3974481821,7.343795304581));
#6929 = CARTESIAN_POINT('',(-26.39029177494,7.285410829427));
#6930 = CARTESIAN_POINT('',(-26.37874851328,7.227237179258));
#6931 = CARTESIAN_POINT('',(-26.36284874136,7.169942451133));
#6932 = CARTESIAN_POINT('',(-26.3227768815,7.058323729088));
#6933 = CARTESIAN_POINT('',(-26.29860450162,7.003998921963));
#6934 = CARTESIAN_POINT('',(-26.27051135667,6.95176678942));
#6935 = CARTESIAN_POINT('',(-26.23889896578,6.902162174261));
#6936 = CARTESIAN_POINT('',(-26.16967990788,6.809018003385));
#6937 = CARTESIAN_POINT('',(-26.13208175365,6.765469056895));
#6938 = CARTESIAN_POINT('',(-26.09196136212,6.725280676347));
#6939 = CARTESIAN_POINT('',(-26.04989528486,6.688658301441));
#6940 = CARTESIAN_POINT('',(-26.00642845764,6.655647843676));
#6941 = ( GEOMETRIC_REPRESENTATION_CONTEXT(2) 
PARAMETRIC_REPRESENTATION_CONTEXT() REPRESENTATION_CONTEXT('2D SPACE',''
  ) );
#6942 = PCURVE('',#6202,#6943);
#6943 = DEFINITIONAL_REPRESENTATION('',(#6944),#6963);
#6944 = B_SPLINE_CURVE_WITH_KNOTS('',5,(#6945,#6946,#6947,#6948,#6949,
    #6950,#6951,#6952,#6953,#6954,#6955,#6956,#6957,#6958,#6959,#6960,
    #6961,#6962),.UNSPECIFIED.,.F.,.F.,(6,4,4,4,6),(0.,0.249811703258,
    0.5,0.750188296742,1.),.UNSPECIFIED.);
#6945 = CARTESIAN_POINT('',(0.,6.));
#6946 = CARTESIAN_POINT('',(0.300344653509,6.));
#6947 = CARTESIAN_POINT('',(0.600496247066,6.));
#6948 = CARTESIAN_POINT('',(0.900468862344,6.));
#6949 = CARTESIAN_POINT('',(1.200292864903,6.));
#6950 = CARTESIAN_POINT('',(1.800158946412,6.));
#6951 = CARTESIAN_POINT('',(2.100202840699,6.));
#6952 = CARTESIAN_POINT('',(2.400161535745,6.));
#6953 = CARTESIAN_POINT('',(2.700081395953,6.));
#6954 = CARTESIAN_POINT('',(3.299918604047,6.));
#6955 = CARTESIAN_POINT('',(3.599838464255,6.));
#6956 = CARTESIAN_POINT('',(3.899797159301,6.));
#6957 = CARTESIAN_POINT('',(4.199841053588,6.));
#6958 = CARTESIAN_POINT('',(4.799707135097,6.));
#6959 = CARTESIAN_POINT('',(5.099531137656,6.));
#6960 = CARTESIAN_POINT('',(5.399503752934,6.));
#6961 = CARTESIAN_POINT('',(5.699655346492,6.));
#6962 = CARTESIAN_POINT('',(6.,6.));
#6963 = ( GEOMETRIC_REPRESENTATION_CONTEXT(2) 
PARAMETRIC_REPRESENTATION_CONTEXT() REPRESENTATION_CONTEXT('2D SPACE',''
  ) );
#6964 = ORIENTED_EDGE('',*,*,#6965,.T.);
#6965 = EDGE_CURVE('',#6898,#5831,#6966,.T.);
#6966 = SURFACE_CURVE('',#6967,(#6972,#6979),.PCURVE_S1.);
#6967 = CIRCLE('',#6968,14.);
#6968 = AXIS2_PLACEMENT_3D('',#6969,#6970,#6971);
#6969 = CARTESIAN_POINT('',(0.,-3.,14.));
#6970 = DIRECTION('',(0.,1.,-0.));
#6971 = DIRECTION('',(-0.273980376464,0.,0.961735282348));
#6972 = PCURVE('',#5871,#6973);
#6973 = DEFINITIONAL_REPRESENTATION('',(#6974),#6978);
#6974 = CIRCLE('',#6975,14.);
#6975 = AXIS2_PLACEMENT_2D('',#6976,#6977);
#6976 = CARTESIAN_POINT('',(-40.,10.89985434459));
#6977 = DIRECTION('',(0.961735282348,-0.273980376464));
#6978 = ( GEOMETRIC_REPRESENTATION_CONTEXT(2) 
PARAMETRIC_REPRESENTATION_CONTEXT() REPRESENTATION_CONTEXT('2D SPACE',''
  ) );
#6979 = PCURVE('',#5845,#6980);
#6980 = DEFINITIONAL_REPRESENTATION('',(#6981),#6985);
#6981 = LINE('',#6982,#6983);
#6982 = CARTESIAN_POINT('',(8.131510984552,3.));
#6983 = VECTOR('',#6984,1.);
#6984 = DIRECTION('',(-1.,0.));
#6985 = ( GEOMETRIC_REPRESENTATION_CONTEXT(2) 
PARAMETRIC_REPRESENTATION_CONTEXT() REPRESENTATION_CONTEXT('2D SPACE',''
  ) );
#6986 = ORIENTED_EDGE('',*,*,#5856,.T.);
#6987 = ADVANCED_FACE('',(#6988),#5845,.T.);
#6988 = FACE_BOUND('',#6989,.T.);
#6989 = EDGE_LOOP('',(#6990,#6991,#7013,#7014));
#6990 = ORIENTED_EDGE('',*,*,#6240,.F.);
#6991 = ORIENTED_EDGE('',*,*,#6992,.T.);
#6992 = EDGE_CURVE('',#6155,#6898,#6993,.T.);
#6993 = SURFACE_CURVE('',#6994,(#7000,#7006),.PCURVE_S1.);
#6994 = B_SPLINE_CURVE_WITH_KNOTS('',2,(#6995,#6996,#6997,#6998,#6999),
  .UNSPECIFIED.,.F.,.F.,(3,1,1,3),(-0.3672,-5.927224856761E-15,6.,6.3672
    ),.UNSPECIFIED.);
#6995 = CARTESIAN_POINT('',(-3.217974298508,3.3672,27.625147390547));
#6996 = CARTESIAN_POINT('',(-3.217974298508,3.1836,27.625147390547));
#6997 = CARTESIAN_POINT('',(-3.217974298508,0.,27.625147390547));
#6998 = CARTESIAN_POINT('',(-3.217974298508,-3.1836,27.625147390547));
#6999 = CARTESIAN_POINT('',(-3.217974298508,-3.3672,27.625147390547));
#7000 = PCURVE('',#5845,#7001);
#7001 = DEFINITIONAL_REPRESENTATION('',(#7002),#7005);
#7002 = B_SPLINE_CURVE_WITH_KNOTS('',1,(#7003,#7004),.UNSPECIFIED.,.F.,
  .F.,(2,2),(-5.927224856761E-15,6.),.PIECEWISE_BEZIER_KNOTS.);
#7003 = CARTESIAN_POINT('',(8.085910640496,-3.));
#7004 = CARTESIAN_POINT('',(8.085910640496,3.));
#7005 = ( GEOMETRIC_REPRESENTATION_CONTEXT(2) 
PARAMETRIC_REPRESENTATION_CONTEXT() REPRESENTATION_CONTEXT('2D SPACE',''
  ) );
#7006 = PCURVE('',#6202,#7007);
#7007 = DEFINITIONAL_REPRESENTATION('',(#7008),#7012);
#7008 = LINE('',#7009,#7010);
#7009 = CARTESIAN_POINT('',(0.,0.));
#7010 = VECTOR('',#7011,1.);
#7011 = DIRECTION('',(0.,1.));
#7012 = ( GEOMETRIC_REPRESENTATION_CONTEXT(2) 
PARAMETRIC_REPRESENTATION_CONTEXT() REPRESENTATION_CONTEXT('2D SPACE',''
  ) );
#7013 = ORIENTED_EDGE('',*,*,#6965,.T.);
#7014 = ORIENTED_EDGE('',*,*,#5830,.F.);
#7015 = ADVANCED_FACE('',(#7016),#6001,.F.);
#7016 = FACE_BOUND('',#7017,.F.);
#7017 = EDGE_LOOP('',(#7018));
#7018 = ORIENTED_EDGE('',*,*,#5986,.T.);
#7019 = ADVANCED_FACE('',(#7020),#6056,.F.);
#7020 = FACE_BOUND('',#7021,.F.);
#7021 = EDGE_LOOP('',(#7022));
#7022 = ORIENTED_EDGE('',*,*,#6041,.T.);
#7023 = ADVANCED_FACE('',(#7024),#6111,.F.);
#7024 = FACE_BOUND('',#7025,.F.);
#7025 = EDGE_LOOP('',(#7026));
#7026 = ORIENTED_EDGE('',*,*,#6096,.T.);
#7027 = ADVANCED_FACE('',(#7028),#6202,.T.);
#7028 = FACE_BOUND('',#7029,.T.);
#7029 = EDGE_LOOP('',(#7030,#7031,#7053,#7054));
#7030 = ORIENTED_EDGE('',*,*,#6154,.T.);
#7031 = ORIENTED_EDGE('',*,*,#7032,.T.);
#7032 = EDGE_CURVE('',#6157,#6870,#7033,.T.);
#7033 = SURFACE_CURVE('',#7034,(#7040,#7047),.PCURVE_S1.);
#7034 = B_SPLINE_CURVE_WITH_KNOTS('',2,(#7035,#7036,#7037,#7038,#7039),
  .UNSPECIFIED.,.F.,.F.,(3,1,1,3),(-0.3672,-5.927224856761E-15,6.,6.3672
    ),.UNSPECIFIED.);
#7035 = CARTESIAN_POINT('',(-4.244206500914,3.3672,27.993571542352));
#7036 = CARTESIAN_POINT('',(-4.244206500914,3.1836,27.993571542352));
#7037 = CARTESIAN_POINT('',(-4.244206500914,8.881784197001E-16,
    27.993571542352));
#7038 = CARTESIAN_POINT('',(-4.244206500914,-3.1836,27.993571542352));
#7039 = CARTESIAN_POINT('',(-4.244206500914,-3.3672,27.993571542352));
#7040 = PCURVE('',#6202,#7041);
#7041 = DEFINITIONAL_REPRESENTATION('',(#7042),#7046);
#7042 = LINE('',#7043,#7044);
#7043 = CARTESIAN_POINT('',(6.,0.));
#7044 = VECTOR('',#7045,1.);
#7045 = DIRECTION('',(0.,1.));
#7046 = ( GEOMETRIC_REPRESENTATION_CONTEXT(2) 
PARAMETRIC_REPRESENTATION_CONTEXT() REPRESENTATION_CONTEXT('2D SPACE',''
  ) );
#7047 = PCURVE('',#6566,#7048);
#7048 = DEFINITIONAL_REPRESENTATION('',(#7049),#7052);
#7049 = B_SPLINE_CURVE_WITH_KNOTS('',1,(#7050,#7051),.UNSPECIFIED.,.F.,
  .F.,(2,2),(-5.927224856761E-15,6.),.PIECEWISE_BEZIER_KNOTS.);
#7050 = CARTESIAN_POINT('',(-1.576810755278,3.));
#7051 = CARTESIAN_POINT('',(-1.576810755278,-3.));
#7052 = ( GEOMETRIC_REPRESENTATION_CONTEXT(2) 
PARAMETRIC_REPRESENTATION_CONTEXT() REPRESENTATION_CONTEXT('2D SPACE',''
  ) );
#7053 = ORIENTED_EDGE('',*,*,#6897,.F.);
#7054 = ORIENTED_EDGE('',*,*,#6992,.F.);
#7055 = ADVANCED_FACE('',(#7056),#6566,.F.);
#7056 = FACE_BOUND('',#7057,.T.);
#7057 = EDGE_LOOP('',(#7058,#7059,#7060,#7061));
#7058 = ORIENTED_EDGE('',*,*,#6869,.T.);
#7059 = ORIENTED_EDGE('',*,*,#7032,.F.);
#7060 = ORIENTED_EDGE('',*,*,#6547,.F.);
#7061 = ORIENTED_EDGE('',*,*,#7062,.T.);
#7062 = EDGE_CURVE('',#6464,#6802,#7063,.T.);
#7063 = SURFACE_CURVE('',#7064,(#7070,#7076),.PCURVE_S1.);
#7064 = B_SPLINE_CURVE_WITH_KNOTS('',2,(#7065,#7066,#7067,#7068,#7069),
  .UNSPECIFIED.,.F.,.F.,(3,1,1,3),(-0.3672,-6.371422486828E-15,6.,6.3672
    ),.UNSPECIFIED.);
#7065 = CARTESIAN_POINT('',(-4.244206500914,3.3672,80.006428457648));
#7066 = CARTESIAN_POINT('',(-4.244206500914,3.1836,80.006428457648));
#7067 = CARTESIAN_POINT('',(-4.244206500914,0.,80.006428457648));
#7068 = CARTESIAN_POINT('',(-4.244206500914,-3.1836,80.006428457648));
#7069 = CARTESIAN_POINT('',(-4.244206500914,-3.3672,80.006428457648));
#7070 = PCURVE('',#6566,#7071);
#7071 = DEFINITIONAL_REPRESENTATION('',(#7072),#7075);
#7072 = B_SPLINE_CURVE_WITH_KNOTS('',1,(#7073,#7074),.UNSPECIFIED.,.F.,
  .F.,(2,2),(-6.371422486828E-15,6.),.PIECEWISE_BEZIER_KNOTS.);
#7073 = CARTESIAN_POINT('',(-0.277779680726,3.));
#7074 = CARTESIAN_POINT('',(-0.277779680726,-3.));
#7075 = ( GEOMETRIC_REPRESENTATION_CONTEXT(2) 
PARAMETRIC_REPRESENTATION_CONTEXT() REPRESENTATION_CONTEXT('2D SPACE',''
  ) );
#7076 = PCURVE('',#6509,#7077);
#7077 = DEFINITIONAL_REPRESENTATION('',(#7078),#7082);
#7078 = LINE('',#7079,#7080);
#7079 = CARTESIAN_POINT('',(0.,0.));
#7080 = VECTOR('',#7081,1.);
#7081 = DIRECTION('',(0.,1.));
#7082 = ( GEOMETRIC_REPRESENTATION_CONTEXT(2) 
PARAMETRIC_REPRESENTATION_CONTEXT() REPRESENTATION_CONTEXT('2D SPACE',''
  ) );
#7083 = ADVANCED_FACE('',(#7084),#6509,.T.);
#7084 = FACE_BOUND('',#7085,.T.);
#7085 = EDGE_LOOP('',(#7086,#7087,#7109,#7110));
#7086 = ORIENTED_EDGE('',*,*,#6463,.T.);
#7087 = ORIENTED_EDGE('',*,*,#7088,.T.);
#7088 = EDGE_CURVE('',#6435,#6774,#7089,.T.);
#7089 = SURFACE_CURVE('',#7090,(#7096,#7103),.PCURVE_S1.);
#7090 = B_SPLINE_CURVE_WITH_KNOTS('',2,(#7091,#7092,#7093,#7094,#7095),
  .UNSPECIFIED.,.F.,.F.,(3,1,1,3),(-0.3672,-6.371422486828E-15,6.,6.3672
    ),.UNSPECIFIED.);
#7091 = CARTESIAN_POINT('',(-3.217974298508,3.3672,80.374852609452));
#7092 = CARTESIAN_POINT('',(-3.217974298508,3.1836,80.374852609452));
#7093 = CARTESIAN_POINT('',(-3.217974298508,0.,80.374852609452));
#7094 = CARTESIAN_POINT('',(-3.217974298508,-3.1836,80.374852609452));
#7095 = CARTESIAN_POINT('',(-3.217974298508,-3.3672,80.374852609452));
#7096 = PCURVE('',#6509,#7097);
#7097 = DEFINITIONAL_REPRESENTATION('',(#7098),#7102);
#7098 = LINE('',#7099,#7100);
#7099 = CARTESIAN_POINT('',(6.,0.));
#7100 = VECTOR('',#7101,1.);
#7101 = DIRECTION('',(0.,1.));
#7102 = ( GEOMETRIC_REPRESENTATION_CONTEXT(2) 
PARAMETRIC_REPRESENTATION_CONTEXT() REPRESENTATION_CONTEXT('2D SPACE',''
  ) );
#7103 = PCURVE('',#6451,#7104);
#7104 = DEFINITIONAL_REPRESENTATION('',(#7105),#7108);
#7105 = B_SPLINE_CURVE_WITH_KNOTS('',1,(#7106,#7107),.UNSPECIFIED.,.F.,
  .F.,(2,2),(-6.371422486828E-15,6.),.PIECEWISE_BEZIER_KNOTS.);
#7106 = CARTESIAN_POINT('',(-4.480459973863,3.));
#7107 = CARTESIAN_POINT('',(-4.480459973863,-3.));
#7108 = ( GEOMETRIC_REPRESENTATION_CONTEXT(2) 
PARAMETRIC_REPRESENTATION_CONTEXT() REPRESENTATION_CONTEXT('2D SPACE',''
  ) );
#7109 = ORIENTED_EDGE('',*,*,#6801,.F.);
#7110 = ORIENTED_EDGE('',*,*,#7062,.F.);
#7111 = ADVANCED_FACE('',(#7112),#6451,.T.);
#7112 = FACE_BOUND('',#7113,.F.);
#7113 = EDGE_LOOP('',(#7114,#7115,#7116,#7140,#7169,#7198,#7224,#7253,
    #7274,#7303,#7332,#7351));
#7114 = ORIENTED_EDGE('',*,*,#7088,.T.);
#7115 = ORIENTED_EDGE('',*,*,#6773,.T.);
#7116 = ORIENTED_EDGE('',*,*,#7117,.T.);
#7117 = EDGE_CURVE('',#6708,#7118,#7120,.T.);
#7118 = VERTEX_POINT('',#7119);
#7119 = CARTESIAN_POINT('',(-13.71129941527,2.5,91.171525438547));
#7120 = SURFACE_CURVE('',#7121,(#7127,#7133),.PCURVE_S1.);
#7121 = B_SPLINE_CURVE_WITH_KNOTS('',2,(#7122,#7123,#7124,#7125,#7126),
  .UNSPECIFIED.,.F.,.F.,(3,1,1,3),(-0.3672,-6.815294856244E-15,6.,6.3672
    ),.UNSPECIFIED.);
#7122 = CARTESIAN_POINT('',(-13.71129941527,-3.3672,91.171525438547));
#7123 = CARTESIAN_POINT('',(-13.71129941527,-3.1836,91.171525438547));
#7124 = CARTESIAN_POINT('',(-13.71129941527,-1.33226762955E-15,
    91.171525438547));
#7125 = CARTESIAN_POINT('',(-13.71129941527,3.1836,91.171525438547));
#7126 = CARTESIAN_POINT('',(-13.71129941527,3.3672,91.171525438547));
#7127 = PCURVE('',#6451,#7128);
#7128 = DEFINITIONAL_REPRESENTATION('',(#7129),#7132);
#7129 = B_SPLINE_CURVE_WITH_KNOTS('',1,(#7130,#7131),.UNSPECIFIED.,.F.,
  .F.,(2,2),(-6.815294856244E-15,6.),.PIECEWISE_BEZIER_KNOTS.);
#7130 = CARTESIAN_POINT('',(-9.628212160719,-3.));
#7131 = CARTESIAN_POINT('',(-9.628212160719,3.));
#7132 = ( GEOMETRIC_REPRESENTATION_CONTEXT(2) 
PARAMETRIC_REPRESENTATION_CONTEXT() REPRESENTATION_CONTEXT('2D SPACE',''
  ) );
#7133 = PCURVE('',#6741,#7134);
#7134 = DEFINITIONAL_REPRESENTATION('',(#7135),#7139);
#7135 = LINE('',#7136,#7137);
#7136 = CARTESIAN_POINT('',(6.,0.));
#7137 = VECTOR('',#7138,1.);
#7138 = DIRECTION('',(0.,1.));
#7139 = ( GEOMETRIC_REPRESENTATION_CONTEXT(2) 
PARAMETRIC_REPRESENTATION_CONTEXT() REPRESENTATION_CONTEXT('2D SPACE',''
  ) );
#7140 = ORIENTED_EDGE('',*,*,#7141,.T.);
#7141 = EDGE_CURVE('',#7118,#7142,#7144,.T.);
#7142 = VERTEX_POINT('',#7143);
#7143 = CARTESIAN_POINT('',(-14.,2.5,94.));
#7144 = SURFACE_CURVE('',#7145,(#7150,#7157),.PCURVE_S1.);
#7145 = CIRCLE('',#7146,14.);
#7146 = AXIS2_PLACEMENT_3D('',#7147,#7148,#7149);
#7147 = CARTESIAN_POINT('',(0.,2.5,94.));
#7148 = DIRECTION('',(-0.,1.,0.));
#7149 = DIRECTION('',(1.,0.,0.));
#7150 = PCURVE('',#6451,#7151);
#7151 = DEFINITIONAL_REPRESENTATION('',(#7152),#7156);
#7152 = LINE('',#7153,#7154);
#7153 = CARTESIAN_POINT('',(-12.56637061435,2.5));
#7154 = VECTOR('',#7155,1.);
#7155 = DIRECTION('',(1.,-0.));
#7156 = ( GEOMETRIC_REPRESENTATION_CONTEXT(2) 
PARAMETRIC_REPRESENTATION_CONTEXT() REPRESENTATION_CONTEXT('2D SPACE',''
  ) );
#7157 = PCURVE('',#7158,#7163);
#7158 = PLANE('',#7159);
#7159 = AXIS2_PLACEMENT_3D('',#7160,#7161,#7162);
#7160 = CARTESIAN_POINT('',(-17.,2.5,84.));
#7161 = DIRECTION('',(0.,1.,0.));
#7162 = DIRECTION('',(0.,0.,1.));
#7163 = DEFINITIONAL_REPRESENTATION('',(#7164),#7168);
#7164 = CIRCLE('',#7165,14.);
#7165 = AXIS2_PLACEMENT_2D('',#7166,#7167);
#7166 = CARTESIAN_POINT('',(10.,17.));
#7167 = DIRECTION('',(0.,1.));
#7168 = ( GEOMETRIC_REPRESENTATION_CONTEXT(2) 
PARAMETRIC_REPRESENTATION_CONTEXT() REPRESENTATION_CONTEXT('2D SPACE',''
  ) );
#7169 = ORIENTED_EDGE('',*,*,#7170,.T.);
#7170 = EDGE_CURVE('',#7142,#7171,#7173,.T.);
#7171 = VERTEX_POINT('',#7172);
#7172 = CARTESIAN_POINT('',(-9.797958971133,2.5,104.));
#7173 = SURFACE_CURVE('',#7174,(#7179,#7186),.PCURVE_S1.);
#7174 = CIRCLE('',#7175,14.);
#7175 = AXIS2_PLACEMENT_3D('',#7176,#7177,#7178);
#7176 = CARTESIAN_POINT('',(0.,2.5,94.));
#7177 = DIRECTION('',(-0.,1.,0.));
#7178 = DIRECTION('',(1.,0.,0.));
#7179 = PCURVE('',#6451,#7180);
#7180 = DEFINITIONAL_REPRESENTATION('',(#7181),#7185);
#7181 = LINE('',#7182,#7183);
#7182 = CARTESIAN_POINT('',(-12.56637061435,2.5));
#7183 = VECTOR('',#7184,1.);
#7184 = DIRECTION('',(1.,-0.));
#7185 = ( GEOMETRIC_REPRESENTATION_CONTEXT(2) 
PARAMETRIC_REPRESENTATION_CONTEXT() REPRESENTATION_CONTEXT('2D SPACE',''
  ) );
#7186 = PCURVE('',#7187,#7192);
#7187 = PLANE('',#7188);
#7188 = AXIS2_PLACEMENT_3D('',#7189,#7190,#7191);
#7189 = CARTESIAN_POINT('',(-17.,2.5,84.));
#7190 = DIRECTION('',(0.,1.,0.));
#7191 = DIRECTION('',(0.,0.,1.));
#7192 = DEFINITIONAL_REPRESENTATION('',(#7193),#7197);
#7193 = CIRCLE('',#7194,14.);
#7194 = AXIS2_PLACEMENT_2D('',#7195,#7196);
#7195 = CARTESIAN_POINT('',(10.,17.));
#7196 = DIRECTION('',(0.,1.));
#7197 = ( GEOMETRIC_REPRESENTATION_CONTEXT(2) 
PARAMETRIC_REPRESENTATION_CONTEXT() REPRESENTATION_CONTEXT('2D SPACE',''
  ) );
#7198 = ORIENTED_EDGE('',*,*,#7199,.T.);
#7199 = EDGE_CURVE('',#7171,#7200,#7202,.T.);
#7200 = VERTEX_POINT('',#7201);
#7201 = CARTESIAN_POINT('',(-9.797958971133,3.,104.));
#7202 = SURFACE_CURVE('',#7203,(#7207,#7213),.PCURVE_S1.);
#7203 = LINE('',#7204,#7205);
#7204 = CARTESIAN_POINT('',(-9.797958971133,0.,104.));
#7205 = VECTOR('',#7206,1.);
#7206 = DIRECTION('',(-0.,1.,-0.));
#7207 = PCURVE('',#6451,#7208);
#7208 = DEFINITIONAL_REPRESENTATION('',(#7209),#7212);
#7209 = B_SPLINE_CURVE_WITH_KNOTS('',1,(#7210,#7211),.UNSPECIFIED.,.F.,
  .F.,(2,2),(0.35,3.0000006),.PIECEWISE_BEZIER_KNOTS.);
#7210 = CARTESIAN_POINT('',(-8.629175007285,0.35));
#7211 = CARTESIAN_POINT('',(-8.629175007285,3.0000006));
#7212 = ( GEOMETRIC_REPRESENTATION_CONTEXT(2) 
PARAMETRIC_REPRESENTATION_CONTEXT() REPRESENTATION_CONTEXT('2D SPACE',''
  ) );
#7213 = PCURVE('',#7214,#7219);
#7214 = PLANE('',#7215);
#7215 = AXIS2_PLACEMENT_3D('',#7216,#7217,#7218);
#7216 = CARTESIAN_POINT('',(-17.,2.5,104.));
#7217 = DIRECTION('',(0.,0.,1.));
#7218 = DIRECTION('',(1.,0.,0.));
#7219 = DEFINITIONAL_REPRESENTATION('',(#7220),#7223);
#7220 = B_SPLINE_CURVE_WITH_KNOTS('',1,(#7221,#7222),.UNSPECIFIED.,.F.,
  .F.,(2,2),(0.35,3.0000006),.PIECEWISE_BEZIER_KNOTS.);
#7221 = CARTESIAN_POINT('',(7.202041028867,-2.15));
#7222 = CARTESIAN_POINT('',(7.202041028867,0.5000006));
#7223 = ( GEOMETRIC_REPRESENTATION_CONTEXT(2) 
PARAMETRIC_REPRESENTATION_CONTEXT() REPRESENTATION_CONTEXT('2D SPACE',''
  ) );
#7224 = ORIENTED_EDGE('',*,*,#7225,.T.);
#7225 = EDGE_CURVE('',#7200,#7226,#7228,.T.);
#7226 = VERTEX_POINT('',#7227);
#7227 = CARTESIAN_POINT('',(9.797958971133,3.,104.));
#7228 = SURFACE_CURVE('',#7229,(#7234,#7241),.PCURVE_S1.);
#7229 = CIRCLE('',#7230,14.);
#7230 = AXIS2_PLACEMENT_3D('',#7231,#7232,#7233);
#7231 = CARTESIAN_POINT('',(0.,3.,94.));
#7232 = DIRECTION('',(0.,1.,0.));
#7233 = DIRECTION('',(-0.971944895894,0.,-0.23520867192));
#7234 = PCURVE('',#6451,#7235);
#7235 = DEFINITIONAL_REPRESENTATION('',(#7236),#7240);
#7236 = LINE('',#7237,#7238);
#7237 = CARTESIAN_POINT('',(-9.662211218505,3.));
#7238 = VECTOR('',#7239,1.);
#7239 = DIRECTION('',(1.,-0.));
#7240 = ( GEOMETRIC_REPRESENTATION_CONTEXT(2) 
PARAMETRIC_REPRESENTATION_CONTEXT() REPRESENTATION_CONTEXT('2D SPACE',''
  ) );
#7241 = PCURVE('',#7242,#7247);
#7242 = PLANE('',#7243);
#7243 = AXIS2_PLACEMENT_3D('',#7244,#7245,#7246);
#7244 = CARTESIAN_POINT('',(-10.89985434459,3.,54.));
#7245 = DIRECTION('',(0.,1.,0.));
#7246 = DIRECTION('',(0.,-0.,1.));
#7247 = DEFINITIONAL_REPRESENTATION('',(#7248),#7252);
#7248 = CIRCLE('',#7249,14.);
#7249 = AXIS2_PLACEMENT_2D('',#7250,#7251);
#7250 = CARTESIAN_POINT('',(40.,10.89985434459));
#7251 = DIRECTION('',(-0.23520867192,-0.971944895894));
#7252 = ( GEOMETRIC_REPRESENTATION_CONTEXT(2) 
PARAMETRIC_REPRESENTATION_CONTEXT() REPRESENTATION_CONTEXT('2D SPACE',''
  ) );
#7253 = ORIENTED_EDGE('',*,*,#7254,.F.);
#7254 = EDGE_CURVE('',#7255,#7226,#7257,.T.);
#7255 = VERTEX_POINT('',#7256);
#7256 = CARTESIAN_POINT('',(9.797958971133,2.5,104.));
#7257 = SURFACE_CURVE('',#7258,(#7262,#7268),.PCURVE_S1.);
#7258 = LINE('',#7259,#7260);
#7259 = CARTESIAN_POINT('',(9.797958971133,0.,104.));
#7260 = VECTOR('',#7261,1.);
#7261 = DIRECTION('',(-0.,1.,-0.));
#7262 = PCURVE('',#6451,#7263);
#7263 = DEFINITIONAL_REPRESENTATION('',(#7264),#7267);
#7264 = B_SPLINE_CURVE_WITH_KNOTS('',1,(#7265,#7266),.UNSPECIFIED.,.F.,
  .F.,(2,2),(0.35,3.0000006),.PIECEWISE_BEZIER_KNOTS.);
#7265 = CARTESIAN_POINT('',(-7.078788260664,0.35));
#7266 = CARTESIAN_POINT('',(-7.078788260664,3.0000006));
#7267 = ( GEOMETRIC_REPRESENTATION_CONTEXT(2) 
PARAMETRIC_REPRESENTATION_CONTEXT() REPRESENTATION_CONTEXT('2D SPACE',''
  ) );
#7268 = PCURVE('',#7214,#7269);
#7269 = DEFINITIONAL_REPRESENTATION('',(#7270),#7273);
#7270 = B_SPLINE_CURVE_WITH_KNOTS('',1,(#7271,#7272),.UNSPECIFIED.,.F.,
  .F.,(2,2),(0.35,3.0000006),.PIECEWISE_BEZIER_KNOTS.);
#7271 = CARTESIAN_POINT('',(26.797958971133,-2.15));
#7272 = CARTESIAN_POINT('',(26.797958971133,0.5000006));
#7273 = ( GEOMETRIC_REPRESENTATION_CONTEXT(2) 
PARAMETRIC_REPRESENTATION_CONTEXT() REPRESENTATION_CONTEXT('2D SPACE',''
  ) );
#7274 = ORIENTED_EDGE('',*,*,#7275,.T.);
#7275 = EDGE_CURVE('',#7255,#7276,#7278,.T.);
#7276 = VERTEX_POINT('',#7277);
#7277 = CARTESIAN_POINT('',(14.,2.5,94.));
#7278 = SURFACE_CURVE('',#7279,(#7284,#7291),.PCURVE_S1.);
#7279 = CIRCLE('',#7280,14.);
#7280 = AXIS2_PLACEMENT_3D('',#7281,#7282,#7283);
#7281 = CARTESIAN_POINT('',(0.,2.5,94.));
#7282 = DIRECTION('',(-0.,1.,0.));
#7283 = DIRECTION('',(1.,0.,0.));
#7284 = PCURVE('',#6451,#7285);
#7285 = DEFINITIONAL_REPRESENTATION('',(#7286),#7290);
#7286 = LINE('',#7287,#7288);
#7287 = CARTESIAN_POINT('',(-12.56637061435,2.5));
#7288 = VECTOR('',#7289,1.);
#7289 = DIRECTION('',(1.,-0.));
#7290 = ( GEOMETRIC_REPRESENTATION_CONTEXT(2) 
PARAMETRIC_REPRESENTATION_CONTEXT() REPRESENTATION_CONTEXT('2D SPACE',''
  ) );
#7291 = PCURVE('',#7292,#7297);
#7292 = PLANE('',#7293);
#7293 = AXIS2_PLACEMENT_3D('',#7294,#7295,#7296);
#7294 = CARTESIAN_POINT('',(-17.,2.5,84.));
#7295 = DIRECTION('',(0.,1.,0.));
#7296 = DIRECTION('',(0.,0.,1.));
#7297 = DEFINITIONAL_REPRESENTATION('',(#7298),#7302);
#7298 = CIRCLE('',#7299,14.);
#7299 = AXIS2_PLACEMENT_2D('',#7300,#7301);
#7300 = CARTESIAN_POINT('',(10.,17.));
#7301 = DIRECTION('',(0.,1.));
#7302 = ( GEOMETRIC_REPRESENTATION_CONTEXT(2) 
PARAMETRIC_REPRESENTATION_CONTEXT() REPRESENTATION_CONTEXT('2D SPACE',''
  ) );
#7303 = ORIENTED_EDGE('',*,*,#7304,.T.);
#7304 = EDGE_CURVE('',#7276,#7305,#7307,.T.);
#7305 = VERTEX_POINT('',#7306);
#7306 = CARTESIAN_POINT('',(9.797958971133,2.5,84.));
#7307 = SURFACE_CURVE('',#7308,(#7313,#7320),.PCURVE_S1.);
#7308 = CIRCLE('',#7309,14.);
#7309 = AXIS2_PLACEMENT_3D('',#7310,#7311,#7312);
#7310 = CARTESIAN_POINT('',(0.,2.5,94.));
#7311 = DIRECTION('',(-0.,1.,0.));
#7312 = DIRECTION('',(1.,0.,0.));
#7313 = PCURVE('',#6451,#7314);
#7314 = DEFINITIONAL_REPRESENTATION('',(#7315),#7319);
#7315 = LINE('',#7316,#7317);
#7316 = CARTESIAN_POINT('',(-12.56637061435,2.5));
#7317 = VECTOR('',#7318,1.);
#7318 = DIRECTION('',(1.,-0.));
#7319 = ( GEOMETRIC_REPRESENTATION_CONTEXT(2) 
PARAMETRIC_REPRESENTATION_CONTEXT() REPRESENTATION_CONTEXT('2D SPACE',''
  ) );
#7320 = PCURVE('',#7321,#7326);
#7321 = PLANE('',#7322);
#7322 = AXIS2_PLACEMENT_3D('',#7323,#7324,#7325);
#7323 = CARTESIAN_POINT('',(-17.,2.5,84.));
#7324 = DIRECTION('',(0.,1.,0.));
#7325 = DIRECTION('',(0.,0.,1.));
#7326 = DEFINITIONAL_REPRESENTATION('',(#7327),#7331);
#7327 = CIRCLE('',#7328,14.);
#7328 = AXIS2_PLACEMENT_2D('',#7329,#7330);
#7329 = CARTESIAN_POINT('',(10.,17.));
#7330 = DIRECTION('',(0.,1.));
#7331 = ( GEOMETRIC_REPRESENTATION_CONTEXT(2) 
PARAMETRIC_REPRESENTATION_CONTEXT() REPRESENTATION_CONTEXT('2D SPACE',''
  ) );
#7332 = ORIENTED_EDGE('',*,*,#7333,.T.);
#7333 = EDGE_CURVE('',#7305,#6409,#7334,.T.);
#7334 = SURFACE_CURVE('',#7335,(#7339,#7345),.PCURVE_S1.);
#7335 = LINE('',#7336,#7337);
#7336 = CARTESIAN_POINT('',(9.797958971133,0.,84.));
#7337 = VECTOR('',#7338,1.);
#7338 = DIRECTION('',(-0.,1.,-0.));
#7339 = PCURVE('',#6451,#7340);
#7340 = DEFINITIONAL_REPRESENTATION('',(#7341),#7344);
#7341 = B_SPLINE_CURVE_WITH_KNOTS('',1,(#7342,#7343),.UNSPECIFIED.,.F.,
  .F.,(2,2),(0.35,3.0000006),.PIECEWISE_BEZIER_KNOTS.);
#7342 = CARTESIAN_POINT('',(-5.487582353695,0.35));
#7343 = CARTESIAN_POINT('',(-5.487582353695,3.0000006));
#7344 = ( GEOMETRIC_REPRESENTATION_CONTEXT(2) 
PARAMETRIC_REPRESENTATION_CONTEXT() REPRESENTATION_CONTEXT('2D SPACE',''
  ) );
#7345 = PCURVE('',#6423,#7346);
#7346 = DEFINITIONAL_REPRESENTATION('',(#7347),#7350);
#7347 = B_SPLINE_CURVE_WITH_KNOTS('',1,(#7348,#7349),.UNSPECIFIED.,.F.,
  .F.,(2,2),(0.35,3.0000006),.PIECEWISE_BEZIER_KNOTS.);
#7348 = CARTESIAN_POINT('',(26.797958971133,-2.15));
#7349 = CARTESIAN_POINT('',(26.797958971133,0.5000006));
#7350 = ( GEOMETRIC_REPRESENTATION_CONTEXT(2) 
PARAMETRIC_REPRESENTATION_CONTEXT() REPRESENTATION_CONTEXT('2D SPACE',''
  ) );
#7351 = ORIENTED_EDGE('',*,*,#6434,.T.);
#7352 = ADVANCED_FACE('',(#7353),#6423,.F.);
#7353 = FACE_BOUND('',#7354,.F.);
#7354 = EDGE_LOOP('',(#7355,#7385,#7406,#7407,#7408,#7431,#7459,#7487,
    #7515,#7543));
#7355 = ORIENTED_EDGE('',*,*,#7356,.F.);
#7356 = EDGE_CURVE('',#7357,#7359,#7361,.T.);
#7357 = VERTEX_POINT('',#7358);
#7358 = CARTESIAN_POINT('',(-17.,6.,84.));
#7359 = VERTEX_POINT('',#7360);
#7360 = CARTESIAN_POINT('',(-15.5,6.,84.));
#7361 = SURFACE_CURVE('',#7362,(#7366,#7373),.PCURVE_S1.);
#7362 = LINE('',#7363,#7364);
#7363 = CARTESIAN_POINT('',(-17.,6.,84.));
#7364 = VECTOR('',#7365,1.);
#7365 = DIRECTION('',(1.,0.,0.));
#7366 = PCURVE('',#6423,#7367);
#7367 = DEFINITIONAL_REPRESENTATION('',(#7368),#7372);
#7368 = LINE('',#7369,#7370);
#7369 = CARTESIAN_POINT('',(0.,3.5));
#7370 = VECTOR('',#7371,1.);
#7371 = DIRECTION('',(1.,0.));
#7372 = ( GEOMETRIC_REPRESENTATION_CONTEXT(2) 
PARAMETRIC_REPRESENTATION_CONTEXT() REPRESENTATION_CONTEXT('2D SPACE',''
  ) );
#7373 = PCURVE('',#7374,#7379);
#7374 = PLANE('',#7375);
#7375 = AXIS2_PLACEMENT_3D('',#7376,#7377,#7378);
#7376 = CARTESIAN_POINT('',(-17.,6.,84.));
#7377 = DIRECTION('',(0.,1.,0.));
#7378 = DIRECTION('',(0.,0.,1.));
#7379 = DEFINITIONAL_REPRESENTATION('',(#7380),#7384);
#7380 = LINE('',#7381,#7382);
#7381 = CARTESIAN_POINT('',(0.,0.));
#7382 = VECTOR('',#7383,1.);
#7383 = DIRECTION('',(0.,1.));
#7384 = ( GEOMETRIC_REPRESENTATION_CONTEXT(2) 
PARAMETRIC_REPRESENTATION_CONTEXT() REPRESENTATION_CONTEXT('2D SPACE',''
  ) );
#7385 = ORIENTED_EDGE('',*,*,#7386,.F.);
#7386 = EDGE_CURVE('',#6383,#7357,#7387,.T.);
#7387 = SURFACE_CURVE('',#7388,(#7392,#7399),.PCURVE_S1.);
#7388 = LINE('',#7389,#7390);
#7389 = CARTESIAN_POINT('',(-17.,2.5,84.));
#7390 = VECTOR('',#7391,1.);
#7391 = DIRECTION('',(0.,1.,0.));
#7392 = PCURVE('',#6423,#7393);
#7393 = DEFINITIONAL_REPRESENTATION('',(#7394),#7398);
#7394 = LINE('',#7395,#7396);
#7395 = CARTESIAN_POINT('',(0.,0.));
#7396 = VECTOR('',#7397,1.);
#7397 = DIRECTION('',(0.,1.));
#7398 = ( GEOMETRIC_REPRESENTATION_CONTEXT(2) 
PARAMETRIC_REPRESENTATION_CONTEXT() REPRESENTATION_CONTEXT('2D SPACE',''
  ) );
#7399 = PCURVE('',#6397,#7400);
#7400 = DEFINITIONAL_REPRESENTATION('',(#7401),#7405);
#7401 = LINE('',#7402,#7403);
#7402 = CARTESIAN_POINT('',(0.,0.));
#7403 = VECTOR('',#7404,1.);
#7404 = DIRECTION('',(0.,-1.));
#7405 = ( GEOMETRIC_REPRESENTATION_CONTEXT(2) 
PARAMETRIC_REPRESENTATION_CONTEXT() REPRESENTATION_CONTEXT('2D SPACE',''
  ) );
#7406 = ORIENTED_EDGE('',*,*,#6408,.T.);
#7407 = ORIENTED_EDGE('',*,*,#7333,.F.);
#7408 = ORIENTED_EDGE('',*,*,#7409,.T.);
#7409 = EDGE_CURVE('',#7305,#7410,#7412,.T.);
#7410 = VERTEX_POINT('',#7411);
#7411 = CARTESIAN_POINT('',(17.,2.5,84.));
#7412 = SURFACE_CURVE('',#7413,(#7417,#7424),.PCURVE_S1.);
#7413 = LINE('',#7414,#7415);
#7414 = CARTESIAN_POINT('',(-17.,2.5,84.));
#7415 = VECTOR('',#7416,1.);
#7416 = DIRECTION('',(1.,0.,0.));
#7417 = PCURVE('',#6423,#7418);
#7418 = DEFINITIONAL_REPRESENTATION('',(#7419),#7423);
#7419 = LINE('',#7420,#7421);
#7420 = CARTESIAN_POINT('',(0.,0.));
#7421 = VECTOR('',#7422,1.);
#7422 = DIRECTION('',(1.,0.));
#7423 = ( GEOMETRIC_REPRESENTATION_CONTEXT(2) 
PARAMETRIC_REPRESENTATION_CONTEXT() REPRESENTATION_CONTEXT('2D SPACE',''
  ) );
#7424 = PCURVE('',#7321,#7425);
#7425 = DEFINITIONAL_REPRESENTATION('',(#7426),#7430);
#7426 = LINE('',#7427,#7428);
#7427 = CARTESIAN_POINT('',(0.,0.));
#7428 = VECTOR('',#7429,1.);
#7429 = DIRECTION('',(0.,1.));
#7430 = ( GEOMETRIC_REPRESENTATION_CONTEXT(2) 
PARAMETRIC_REPRESENTATION_CONTEXT() REPRESENTATION_CONTEXT('2D SPACE',''
  ) );
#7431 = ORIENTED_EDGE('',*,*,#7432,.T.);
#7432 = EDGE_CURVE('',#7410,#7433,#7435,.T.);
#7433 = VERTEX_POINT('',#7434);
#7434 = CARTESIAN_POINT('',(17.,6.,84.));
#7435 = SURFACE_CURVE('',#7436,(#7440,#7447),.PCURVE_S1.);
#7436 = LINE('',#7437,#7438);
#7437 = CARTESIAN_POINT('',(17.,2.5,84.));
#7438 = VECTOR('',#7439,1.);
#7439 = DIRECTION('',(0.,1.,0.));
#7440 = PCURVE('',#6423,#7441);
#7441 = DEFINITIONAL_REPRESENTATION('',(#7442),#7446);
#7442 = LINE('',#7443,#7444);
#7443 = CARTESIAN_POINT('',(34.,0.));
#7444 = VECTOR('',#7445,1.);
#7445 = DIRECTION('',(0.,1.));
#7446 = ( GEOMETRIC_REPRESENTATION_CONTEXT(2) 
PARAMETRIC_REPRESENTATION_CONTEXT() REPRESENTATION_CONTEXT('2D SPACE',''
  ) );
#7447 = PCURVE('',#7448,#7453);
#7448 = PLANE('',#7449);
#7449 = AXIS2_PLACEMENT_3D('',#7450,#7451,#7452);
#7450 = CARTESIAN_POINT('',(17.,2.5,84.));
#7451 = DIRECTION('',(1.,0.,0.));
#7452 = DIRECTION('',(0.,0.,1.));
#7453 = DEFINITIONAL_REPRESENTATION('',(#7454),#7458);
#7454 = LINE('',#7455,#7456);
#7455 = CARTESIAN_POINT('',(0.,0.));
#7456 = VECTOR('',#7457,1.);
#7457 = DIRECTION('',(0.,-1.));
#7458 = ( GEOMETRIC_REPRESENTATION_CONTEXT(2) 
PARAMETRIC_REPRESENTATION_CONTEXT() REPRESENTATION_CONTEXT('2D SPACE',''
  ) );
#7459 = ORIENTED_EDGE('',*,*,#7460,.F.);
#7460 = EDGE_CURVE('',#7461,#7433,#7463,.T.);
#7461 = VERTEX_POINT('',#7462);
#7462 = CARTESIAN_POINT('',(15.5,6.,84.));
#7463 = SURFACE_CURVE('',#7464,(#7468,#7475),.PCURVE_S1.);
#7464 = LINE('',#7465,#7466);
#7465 = CARTESIAN_POINT('',(-17.,6.,84.));
#7466 = VECTOR('',#7467,1.);
#7467 = DIRECTION('',(1.,0.,0.));
#7468 = PCURVE('',#6423,#7469);
#7469 = DEFINITIONAL_REPRESENTATION('',(#7470),#7474);
#7470 = LINE('',#7471,#7472);
#7471 = CARTESIAN_POINT('',(0.,3.5));
#7472 = VECTOR('',#7473,1.);
#7473 = DIRECTION('',(1.,0.));
#7474 = ( GEOMETRIC_REPRESENTATION_CONTEXT(2) 
PARAMETRIC_REPRESENTATION_CONTEXT() REPRESENTATION_CONTEXT('2D SPACE',''
  ) );
#7475 = PCURVE('',#7476,#7481);
#7476 = PLANE('',#7477);
#7477 = AXIS2_PLACEMENT_3D('',#7478,#7479,#7480);
#7478 = CARTESIAN_POINT('',(-17.,6.,84.));
#7479 = DIRECTION('',(0.,1.,0.));
#7480 = DIRECTION('',(0.,0.,1.));
#7481 = DEFINITIONAL_REPRESENTATION('',(#7482),#7486);
#7482 = LINE('',#7483,#7484);
#7483 = CARTESIAN_POINT('',(0.,0.));
#7484 = VECTOR('',#7485,1.);
#7485 = DIRECTION('',(0.,1.));
#7486 = ( GEOMETRIC_REPRESENTATION_CONTEXT(2) 
PARAMETRIC_REPRESENTATION_CONTEXT() REPRESENTATION_CONTEXT('2D SPACE',''
  ) );
#7487 = ORIENTED_EDGE('',*,*,#7488,.T.);
#7488 = EDGE_CURVE('',#7461,#7489,#7491,.T.);
#7489 = VERTEX_POINT('',#7490);
#7490 = CARTESIAN_POINT('',(15.5,24.,84.));
#7491 = SURFACE_CURVE('',#7492,(#7496,#7503),.PCURVE_S1.);
#7492 = LINE('',#7493,#7494);
#7493 = CARTESIAN_POINT('',(15.5,2.5,84.));
#7494 = VECTOR('',#7495,1.);
#7495 = DIRECTION('',(0.,1.,0.));
#7496 = PCURVE('',#6423,#7497);
#7497 = DEFINITIONAL_REPRESENTATION('',(#7498),#7502);
#7498 = LINE('',#7499,#7500);
#7499 = CARTESIAN_POINT('',(32.5,0.));
#7500 = VECTOR('',#7501,1.);
#7501 = DIRECTION('',(0.,1.));
#7502 = ( GEOMETRIC_REPRESENTATION_CONTEXT(2) 
PARAMETRIC_REPRESENTATION_CONTEXT() REPRESENTATION_CONTEXT('2D SPACE',''
  ) );
#7503 = PCURVE('',#7504,#7509);
#7504 = PLANE('',#7505);
#7505 = AXIS2_PLACEMENT_3D('',#7506,#7507,#7508);
#7506 = CARTESIAN_POINT('',(15.5,2.5,84.));
#7507 = DIRECTION('',(1.,0.,0.));
#7508 = DIRECTION('',(0.,0.,1.));
#7509 = DEFINITIONAL_REPRESENTATION('',(#7510),#7514);
#7510 = LINE('',#7511,#7512);
#7511 = CARTESIAN_POINT('',(0.,0.));
#7512 = VECTOR('',#7513,1.);
#7513 = DIRECTION('',(0.,-1.));
#7514 = ( GEOMETRIC_REPRESENTATION_CONTEXT(2) 
PARAMETRIC_REPRESENTATION_CONTEXT() REPRESENTATION_CONTEXT('2D SPACE',''
  ) );
#7515 = ORIENTED_EDGE('',*,*,#7516,.F.);
#7516 = EDGE_CURVE('',#7517,#7489,#7519,.T.);
#7517 = VERTEX_POINT('',#7518);
#7518 = CARTESIAN_POINT('',(-15.5,24.,84.));
#7519 = SURFACE_CURVE('',#7520,(#7524,#7531),.PCURVE_S1.);
#7520 = LINE('',#7521,#7522);
#7521 = CARTESIAN_POINT('',(-15.5,24.,84.));
#7522 = VECTOR('',#7523,1.);
#7523 = DIRECTION('',(1.,0.,0.));
#7524 = PCURVE('',#6423,#7525);
#7525 = DEFINITIONAL_REPRESENTATION('',(#7526),#7530);
#7526 = LINE('',#7527,#7528);
#7527 = CARTESIAN_POINT('',(1.5,21.5));
#7528 = VECTOR('',#7529,1.);
#7529 = DIRECTION('',(1.,0.));
#7530 = ( GEOMETRIC_REPRESENTATION_CONTEXT(2) 
PARAMETRIC_REPRESENTATION_CONTEXT() REPRESENTATION_CONTEXT('2D SPACE',''
  ) );
#7531 = PCURVE('',#7532,#7537);
#7532 = PLANE('',#7533);
#7533 = AXIS2_PLACEMENT_3D('',#7534,#7535,#7536);
#7534 = CARTESIAN_POINT('',(-15.5,24.,84.));
#7535 = DIRECTION('',(0.,1.,0.));
#7536 = DIRECTION('',(0.,0.,1.));
#7537 = DEFINITIONAL_REPRESENTATION('',(#7538),#7542);
#7538 = LINE('',#7539,#7540);
#7539 = CARTESIAN_POINT('',(0.,0.));
#7540 = VECTOR('',#7541,1.);
#7541 = DIRECTION('',(0.,1.));
#7542 = ( GEOMETRIC_REPRESENTATION_CONTEXT(2) 
PARAMETRIC_REPRESENTATION_CONTEXT() REPRESENTATION_CONTEXT('2D SPACE',''
  ) );
#7543 = ORIENTED_EDGE('',*,*,#7544,.F.);
#7544 = EDGE_CURVE('',#7359,#7517,#7545,.T.);
#7545 = SURFACE_CURVE('',#7546,(#7550,#7557),.PCURVE_S1.);
#7546 = LINE('',#7547,#7548);
#7547 = CARTESIAN_POINT('',(-15.5,2.5,84.));
#7548 = VECTOR('',#7549,1.);
#7549 = DIRECTION('',(0.,1.,0.));
#7550 = PCURVE('',#6423,#7551);
#7551 = DEFINITIONAL_REPRESENTATION('',(#7552),#7556);
#7552 = LINE('',#7553,#7554);
#7553 = CARTESIAN_POINT('',(1.5,0.));
#7554 = VECTOR('',#7555,1.);
#7555 = DIRECTION('',(0.,1.));
#7556 = ( GEOMETRIC_REPRESENTATION_CONTEXT(2) 
PARAMETRIC_REPRESENTATION_CONTEXT() REPRESENTATION_CONTEXT('2D SPACE',''
  ) );
#7557 = PCURVE('',#7558,#7563);
#7558 = PLANE('',#7559);
#7559 = AXIS2_PLACEMENT_3D('',#7560,#7561,#7562);
#7560 = CARTESIAN_POINT('',(-15.5,2.5,84.));
#7561 = DIRECTION('',(1.,0.,0.));
#7562 = DIRECTION('',(0.,0.,1.));
#7563 = DEFINITIONAL_REPRESENTATION('',(#7564),#7568);
#7564 = LINE('',#7565,#7566);
#7565 = CARTESIAN_POINT('',(0.,0.));
#7566 = VECTOR('',#7567,1.);
#7567 = DIRECTION('',(0.,-1.));
#7568 = ( GEOMETRIC_REPRESENTATION_CONTEXT(2) 
PARAMETRIC_REPRESENTATION_CONTEXT() REPRESENTATION_CONTEXT('2D SPACE',''
  ) );
#7569 = ADVANCED_FACE('',(#7570),#6397,.F.);
#7570 = FACE_BOUND('',#7571,.F.);
#7571 = EDGE_LOOP('',(#7572,#7597,#7616,#7617,#7618,#7641));
#7572 = ORIENTED_EDGE('',*,*,#7573,.F.);
#7573 = EDGE_CURVE('',#7574,#7576,#7578,.T.);
#7574 = VERTEX_POINT('',#7575);
#7575 = CARTESIAN_POINT('',(-17.,2.5,86.249030993194));
#7576 = VERTEX_POINT('',#7577);
#7577 = CARTESIAN_POINT('',(-17.,2.5,94.));
#7578 = SURFACE_CURVE('',#7579,(#7583,#7590),.PCURVE_S1.);
#7579 = LINE('',#7580,#7581);
#7580 = CARTESIAN_POINT('',(-17.,2.5,84.));
#7581 = VECTOR('',#7582,1.);
#7582 = DIRECTION('',(0.,0.,1.));
#7583 = PCURVE('',#6397,#7584);
#7584 = DEFINITIONAL_REPRESENTATION('',(#7585),#7589);
#7585 = LINE('',#7586,#7587);
#7586 = CARTESIAN_POINT('',(0.,0.));
#7587 = VECTOR('',#7588,1.);
#7588 = DIRECTION('',(1.,0.));
#7589 = ( GEOMETRIC_REPRESENTATION_CONTEXT(2) 
PARAMETRIC_REPRESENTATION_CONTEXT() REPRESENTATION_CONTEXT('2D SPACE',''
  ) );
#7590 = PCURVE('',#7158,#7591);
#7591 = DEFINITIONAL_REPRESENTATION('',(#7592),#7596);
#7592 = LINE('',#7593,#7594);
#7593 = CARTESIAN_POINT('',(0.,0.));
#7594 = VECTOR('',#7595,1.);
#7595 = DIRECTION('',(1.,0.));
#7596 = ( GEOMETRIC_REPRESENTATION_CONTEXT(2) 
PARAMETRIC_REPRESENTATION_CONTEXT() REPRESENTATION_CONTEXT('2D SPACE',''
  ) );
#7597 = ORIENTED_EDGE('',*,*,#7598,.T.);
#7598 = EDGE_CURVE('',#7574,#6354,#7599,.T.);
#7599 = SURFACE_CURVE('',#7600,(#7604,#7610),.PCURVE_S1.);
#7600 = LINE('',#7601,#7602);
#7601 = CARTESIAN_POINT('',(-17.,0.,86.249030993194));
#7602 = VECTOR('',#7603,1.);
#7603 = DIRECTION('',(0.,1.,0.));
#7604 = PCURVE('',#6397,#7605);
#7605 = DEFINITIONAL_REPRESENTATION('',(#7606),#7609);
#7606 = B_SPLINE_CURVE_WITH_KNOTS('',1,(#7607,#7608),.UNSPECIFIED.,.F.,
  .F.,(2,2),(2.15,3.0000006),.PIECEWISE_BEZIER_KNOTS.);
#7607 = CARTESIAN_POINT('',(2.249030993194,0.35));
#7608 = CARTESIAN_POINT('',(2.249030993194,-0.5000006));
#7609 = ( GEOMETRIC_REPRESENTATION_CONTEXT(2) 
PARAMETRIC_REPRESENTATION_CONTEXT() REPRESENTATION_CONTEXT('2D SPACE',''
  ) );
#7610 = PCURVE('',#6370,#7611);
#7611 = DEFINITIONAL_REPRESENTATION('',(#7612),#7615);
#7612 = B_SPLINE_CURVE_WITH_KNOTS('',1,(#7613,#7614),.UNSPECIFIED.,.F.,
  .F.,(2,2),(2.15,3.0000006),.PIECEWISE_BEZIER_KNOTS.);
#7613 = CARTESIAN_POINT('',(1.528665000455,2.15));
#7614 = CARTESIAN_POINT('',(1.528665000455,3.0000006));
#7615 = ( GEOMETRIC_REPRESENTATION_CONTEXT(2) 
PARAMETRIC_REPRESENTATION_CONTEXT() REPRESENTATION_CONTEXT('2D SPACE',''
  ) );
#7616 = ORIENTED_EDGE('',*,*,#6382,.T.);
#7617 = ORIENTED_EDGE('',*,*,#7386,.T.);
#7618 = ORIENTED_EDGE('',*,*,#7619,.T.);
#7619 = EDGE_CURVE('',#7357,#7620,#7622,.T.);
#7620 = VERTEX_POINT('',#7621);
#7621 = CARTESIAN_POINT('',(-17.,6.,89.230303992915));
#7622 = SURFACE_CURVE('',#7623,(#7627,#7634),.PCURVE_S1.);
#7623 = LINE('',#7624,#7625);
#7624 = CARTESIAN_POINT('',(-17.,6.,84.));
#7625 = VECTOR('',#7626,1.);
#7626 = DIRECTION('',(0.,0.,1.));
#7627 = PCURVE('',#6397,#7628);
#7628 = DEFINITIONAL_REPRESENTATION('',(#7629),#7633);
#7629 = LINE('',#7630,#7631);
#7630 = CARTESIAN_POINT('',(0.,-3.5));
#7631 = VECTOR('',#7632,1.);
#7632 = DIRECTION('',(1.,0.));
#7633 = ( GEOMETRIC_REPRESENTATION_CONTEXT(2) 
PARAMETRIC_REPRESENTATION_CONTEXT() REPRESENTATION_CONTEXT('2D SPACE',''
  ) );
#7634 = PCURVE('',#7374,#7635);
#7635 = DEFINITIONAL_REPRESENTATION('',(#7636),#7640);
#7636 = LINE('',#7637,#7638);
#7637 = CARTESIAN_POINT('',(0.,0.));
#7638 = VECTOR('',#7639,1.);
#7639 = DIRECTION('',(1.,0.));
#7640 = ( GEOMETRIC_REPRESENTATION_CONTEXT(2) 
PARAMETRIC_REPRESENTATION_CONTEXT() REPRESENTATION_CONTEXT('2D SPACE',''
  ) );
#7641 = ORIENTED_EDGE('',*,*,#7642,.F.);
#7642 = EDGE_CURVE('',#7576,#7620,#7643,.T.);
#7643 = SURFACE_CURVE('',#7644,(#7649,#7656),.PCURVE_S1.);
#7644 = CIRCLE('',#7645,5.);
#7645 = AXIS2_PLACEMENT_3D('',#7646,#7647,#7648);
#7646 = CARTESIAN_POINT('',(-17.,7.5,94.));
#7647 = DIRECTION('',(1.,0.,0.));
#7648 = DIRECTION('',(-0.,0.,1.));
#7649 = PCURVE('',#6397,#7650);
#7650 = DEFINITIONAL_REPRESENTATION('',(#7651),#7655);
#7651 = CIRCLE('',#7652,5.);
#7652 = AXIS2_PLACEMENT_2D('',#7653,#7654);
#7653 = CARTESIAN_POINT('',(10.,-5.));
#7654 = DIRECTION('',(1.,0.));
#7655 = ( GEOMETRIC_REPRESENTATION_CONTEXT(2) 
PARAMETRIC_REPRESENTATION_CONTEXT() REPRESENTATION_CONTEXT('2D SPACE',''
  ) );
#7656 = PCURVE('',#7657,#7662);
#7657 = CYLINDRICAL_SURFACE('',#7658,5.);
#7658 = AXIS2_PLACEMENT_3D('',#7659,#7660,#7661);
#7659 = CARTESIAN_POINT('',(-17.5,7.5,94.));
#7660 = DIRECTION('',(1.,0.,0.));
#7661 = DIRECTION('',(-0.,0.,1.));
#7662 = DEFINITIONAL_REPRESENTATION('',(#7663),#7667);
#7663 = LINE('',#7664,#7665);
#7664 = CARTESIAN_POINT('',(0.,0.5));
#7665 = VECTOR('',#7666,1.);
#7666 = DIRECTION('',(1.,0.));
#7667 = ( GEOMETRIC_REPRESENTATION_CONTEXT(2) 
PARAMETRIC_REPRESENTATION_CONTEXT() REPRESENTATION_CONTEXT('2D SPACE',''
  ) );
#7668 = ADVANCED_FACE('',(#7669),#6370,.T.);
#7669 = FACE_BOUND('',#7670,.T.);
#7670 = EDGE_LOOP('',(#7671,#7693,#7694,#7718,#7740,#7741));
#7671 = ORIENTED_EDGE('',*,*,#7672,.F.);
#7672 = EDGE_CURVE('',#6634,#6288,#7673,.T.);
#7673 = SURFACE_CURVE('',#7674,(#7680,#7686),.PCURVE_S1.);
#7674 = B_SPLINE_CURVE_WITH_KNOTS('',2,(#7675,#7676,#7677,#7678,#7679),
  .UNSPECIFIED.,.F.,.F.,(3,1,1,3),(-0.3672,-7.037231040952E-15,6.,6.3672
    ),.UNSPECIFIED.);
#7675 = CARTESIAN_POINT('',(-13.92014901484,-3.3672,17.667913485274));
#7676 = CARTESIAN_POINT('',(-13.92014901484,-3.1836,17.667913485274));
#7677 = CARTESIAN_POINT('',(-13.92014901484,0.,17.667913485274));
#7678 = CARTESIAN_POINT('',(-13.92014901484,3.1836,17.667913485274));
#7679 = CARTESIAN_POINT('',(-13.92014901484,3.3672,17.667913485274));
#7680 = PCURVE('',#6370,#7681);
#7681 = DEFINITIONAL_REPRESENTATION('',(#7682),#7685);
#7682 = B_SPLINE_CURVE_WITH_KNOTS('',1,(#7683,#7684),.UNSPECIFIED.,.F.,
  .F.,(2,2),(-7.037231040952E-15,6.),.PIECEWISE_BEZIER_KNOTS.);
#7683 = CARTESIAN_POINT('',(0.236169445056,-3.));
#7684 = CARTESIAN_POINT('',(0.236169445056,3.));
#7685 = ( GEOMETRIC_REPRESENTATION_CONTEXT(2) 
PARAMETRIC_REPRESENTATION_CONTEXT() REPRESENTATION_CONTEXT('2D SPACE',''
  ) );
#7686 = PCURVE('',#6321,#7687);
#7687 = DEFINITIONAL_REPRESENTATION('',(#7688),#7692);
#7688 = LINE('',#7689,#7690);
#7689 = CARTESIAN_POINT('',(6.,0.));
#7690 = VECTOR('',#7691,1.);
#7691 = DIRECTION('',(0.,1.));
#7692 = ( GEOMETRIC_REPRESENTATION_CONTEXT(2) 
PARAMETRIC_REPRESENTATION_CONTEXT() REPRESENTATION_CONTEXT('2D SPACE',''
  ) );
#7693 = ORIENTED_EDGE('',*,*,#6683,.T.);
#7694 = ORIENTED_EDGE('',*,*,#7695,.T.);
#7695 = EDGE_CURVE('',#6684,#7696,#7698,.T.);
#7696 = VERTEX_POINT('',#7697);
#7697 = CARTESIAN_POINT('',(-13.92014901484,2.5,90.332086514726));
#7698 = SURFACE_CURVE('',#7699,(#7705,#7711),.PCURVE_S1.);
#7699 = B_SPLINE_CURVE_WITH_KNOTS('',2,(#7700,#7701,#7702,#7703,#7704),
  .UNSPECIFIED.,.F.,.F.,(3,1,1,3),(-0.3672,-6.815294856244E-15,6.,6.3672
    ),.UNSPECIFIED.);
#7700 = CARTESIAN_POINT('',(-13.92014901484,-3.3672,90.332086514726));
#7701 = CARTESIAN_POINT('',(-13.92014901484,-3.1836,90.332086514726));
#7702 = CARTESIAN_POINT('',(-13.92014901484,8.881784197001E-16,
    90.332086514726));
#7703 = CARTESIAN_POINT('',(-13.92014901484,3.1836,90.332086514726));
#7704 = CARTESIAN_POINT('',(-13.92014901484,3.3672,90.332086514726));
#7705 = PCURVE('',#6370,#7706);
#7706 = DEFINITIONAL_REPRESENTATION('',(#7707),#7710);
#7707 = B_SPLINE_CURVE_WITH_KNOTS('',1,(#7708,#7709),.UNSPECIFIED.,.F.,
  .F.,(2,2),(-6.815294856244E-15,6.),.PIECEWISE_BEZIER_KNOTS.);
#7708 = CARTESIAN_POINT('',(1.618420990947,-3.));
#7709 = CARTESIAN_POINT('',(1.618420990947,3.));
#7710 = ( GEOMETRIC_REPRESENTATION_CONTEXT(2) 
PARAMETRIC_REPRESENTATION_CONTEXT() REPRESENTATION_CONTEXT('2D SPACE',''
  ) );
#7711 = PCURVE('',#6741,#7712);
#7712 = DEFINITIONAL_REPRESENTATION('',(#7713),#7717);
#7713 = LINE('',#7714,#7715);
#7714 = CARTESIAN_POINT('',(0.,0.));
#7715 = VECTOR('',#7716,1.);
#7716 = DIRECTION('',(0.,1.));
#7717 = ( GEOMETRIC_REPRESENTATION_CONTEXT(2) 
PARAMETRIC_REPRESENTATION_CONTEXT() REPRESENTATION_CONTEXT('2D SPACE',''
  ) );
#7718 = ORIENTED_EDGE('',*,*,#7719,.F.);
#7719 = EDGE_CURVE('',#7574,#7696,#7720,.T.);
#7720 = SURFACE_CURVE('',#7721,(#7726,#7733),.PCURVE_S1.);
#7721 = CIRCLE('',#7722,57.);
#7722 = AXIS2_PLACEMENT_3D('',#7723,#7724,#7725);
#7723 = CARTESIAN_POINT('',(30.,2.5,54.));
#7724 = DIRECTION('',(0.,1.,0.));
#7725 = DIRECTION('',(-0.6,0.,-0.8));
#7726 = PCURVE('',#6370,#7727);
#7727 = DEFINITIONAL_REPRESENTATION('',(#7728),#7732);
#7728 = LINE('',#7729,#7730);
#7729 = CARTESIAN_POINT('',(0.,2.5));
#7730 = VECTOR('',#7731,1.);
#7731 = DIRECTION('',(1.,0.));
#7732 = ( GEOMETRIC_REPRESENTATION_CONTEXT(2) 
PARAMETRIC_REPRESENTATION_CONTEXT() REPRESENTATION_CONTEXT('2D SPACE',''
  ) );
#7733 = PCURVE('',#7158,#7734);
#7734 = DEFINITIONAL_REPRESENTATION('',(#7735),#7739);
#7735 = CIRCLE('',#7736,57.);
#7736 = AXIS2_PLACEMENT_2D('',#7737,#7738);
#7737 = CARTESIAN_POINT('',(-30.,47.));
#7738 = DIRECTION('',(-0.8,-0.6));
#7739 = ( GEOMETRIC_REPRESENTATION_CONTEXT(2) 
PARAMETRIC_REPRESENTATION_CONTEXT() REPRESENTATION_CONTEXT('2D SPACE',''
  ) );
#7740 = ORIENTED_EDGE('',*,*,#7598,.T.);
#7741 = ORIENTED_EDGE('',*,*,#6353,.F.);
#7742 = ADVANCED_FACE('',(#7743),#6321,.T.);
#7743 = FACE_BOUND('',#7744,.T.);
#7744 = EDGE_LOOP('',(#7745,#7746,#7747,#7748));
#7745 = ORIENTED_EDGE('',*,*,#6633,.T.);
#7746 = ORIENTED_EDGE('',*,*,#7672,.T.);
#7747 = ORIENTED_EDGE('',*,*,#6287,.F.);
#7748 = ORIENTED_EDGE('',*,*,#6607,.F.);
#7749 = ADVANCED_FACE('',(#7750),#6741,.T.);
#7750 = FACE_BOUND('',#7751,.T.);
#7751 = EDGE_LOOP('',(#7752,#7753,#7754,#7755));
#7752 = ORIENTED_EDGE('',*,*,#7695,.F.);
#7753 = ORIENTED_EDGE('',*,*,#6707,.T.);
#7754 = ORIENTED_EDGE('',*,*,#7117,.T.);
#7755 = ORIENTED_EDGE('',*,*,#7756,.T.);
#7756 = EDGE_CURVE('',#7118,#7696,#7757,.T.);
#7757 = SURFACE_CURVE('',#7758,(#7771,#7787),.PCURVE_S1.);
#7758 = B_SPLINE_CURVE_WITH_KNOTS('',6,(#7759,#7760,#7761,#7762,#7763,
    #7764,#7765,#7766,#7767,#7768,#7769,#7770),.UNSPECIFIED.,.F.,.F.,(7,
    5,7),(0.,0.5,1.),.UNSPECIFIED.);
#7759 = CARTESIAN_POINT('',(-13.71129941527,2.5,91.171525438547));
#7760 = CARTESIAN_POINT('',(-13.69672537384,2.5,91.100876386794));
#7761 = CARTESIAN_POINT('',(-13.68798592184,2.5,91.027602421832));
#7762 = CARTESIAN_POINT('',(-13.68571607267,2.5,90.952550640493));
#7763 = CARTESIAN_POINT('',(-13.69035409359,2.5,90.876808772027));
#7764 = CARTESIAN_POINT('',(-13.70196365775,2.5,90.801599707094));
#7765 = CARTESIAN_POINT('',(-13.73855895114,2.5,90.654510539767));
#7766 = CARTESIAN_POINT('',(-13.76354491873,2.5,90.582629479314));
#7767 = CARTESIAN_POINT('',(-13.79493933077,2.5,90.513544511561));
#7768 = CARTESIAN_POINT('',(-13.83211290565,2.5,90.448306122341));
#7769 = CARTESIAN_POINT('',(-13.87416877396,2.5,90.38766986336));
#7770 = CARTESIAN_POINT('',(-13.92014901484,2.5,90.332086514726));
#7771 = PCURVE('',#6741,#7772);
#7772 = DEFINITIONAL_REPRESENTATION('',(#7773),#7786);
#7773 = B_SPLINE_CURVE_WITH_KNOTS('',6,(#7774,#7775,#7776,#7777,#7778,
    #7779,#7780,#7781,#7782,#7783,#7784,#7785),.UNSPECIFIED.,.F.,.F.,(7,
    5,7),(0.,0.5,1.),.UNSPECIFIED.);
#7774 = CARTESIAN_POINT('',(6.,5.5));
#7775 = CARTESIAN_POINT('',(5.499647423402,5.5));
#7776 = CARTESIAN_POINT('',(4.999488906871,5.5));
#7777 = CARTESIAN_POINT('',(4.499501499059,5.5));
#7778 = CARTESIAN_POINT('',(3.999632194086,5.5));
#7779 = CARTESIAN_POINT('',(3.499813697067,5.5));
#7780 = CARTESIAN_POINT('',(2.500186302932,5.5));
#7781 = CARTESIAN_POINT('',(2.000367805914,5.5));
#7782 = CARTESIAN_POINT('',(1.50049850094,5.5));
#7783 = CARTESIAN_POINT('',(1.000511093129,5.5));
#7784 = CARTESIAN_POINT('',(0.500352576598,5.5));
#7785 = CARTESIAN_POINT('',(0.,5.5));
#7786 = ( GEOMETRIC_REPRESENTATION_CONTEXT(2) 
PARAMETRIC_REPRESENTATION_CONTEXT() REPRESENTATION_CONTEXT('2D SPACE',''
  ) );
#7787 = PCURVE('',#7158,#7788);
#7788 = DEFINITIONAL_REPRESENTATION('',(#7789),#7802);
#7789 = B_SPLINE_CURVE_WITH_KNOTS('',6,(#7790,#7791,#7792,#7793,#7794,
    #7795,#7796,#7797,#7798,#7799,#7800,#7801),.UNSPECIFIED.,.F.,.F.,(7,
    5,7),(0.,0.5,1.),.UNSPECIFIED.);
#7790 = CARTESIAN_POINT('',(7.171525438547,3.288700584729));
#7791 = CARTESIAN_POINT('',(7.100876386794,3.303274626154));
#7792 = CARTESIAN_POINT('',(7.027602421832,3.312014078158));
#7793 = CARTESIAN_POINT('',(6.952550640493,3.31428392733));
#7794 = CARTESIAN_POINT('',(6.876808772027,3.309645906404));
#7795 = CARTESIAN_POINT('',(6.801599707094,3.298036342244));
#7796 = CARTESIAN_POINT('',(6.654510539767,3.261441048856));
#7797 = CARTESIAN_POINT('',(6.582629479314,3.236455081266));
#7798 = CARTESIAN_POINT('',(6.513544511561,3.205060669225));
#7799 = CARTESIAN_POINT('',(6.448306122341,3.167887094345));
#7800 = CARTESIAN_POINT('',(6.38766986336,3.125831226035));
#7801 = CARTESIAN_POINT('',(6.332086514726,3.079850985152));
#7802 = ( GEOMETRIC_REPRESENTATION_CONTEXT(2) 
PARAMETRIC_REPRESENTATION_CONTEXT() REPRESENTATION_CONTEXT('2D SPACE',''
  ) );
#7803 = ADVANCED_FACE('',(#7804,#7877),#7292,.F.);
#7804 = FACE_BOUND('',#7805,.F.);
#7805 = EDGE_LOOP('',(#7806,#7827,#7828,#7851));
#7806 = ORIENTED_EDGE('',*,*,#7807,.F.);
#7807 = EDGE_CURVE('',#7276,#7808,#7810,.T.);
#7808 = VERTEX_POINT('',#7809);
#7809 = CARTESIAN_POINT('',(17.,2.5,94.));
#7810 = SURFACE_CURVE('',#7811,(#7815,#7821),.PCURVE_S1.);
#7811 = LINE('',#7812,#7813);
#7812 = CARTESIAN_POINT('',(11.5,2.5,94.));
#7813 = VECTOR('',#7814,1.);
#7814 = DIRECTION('',(1.,0.,0.));
#7815 = PCURVE('',#7292,#7816);
#7816 = DEFINITIONAL_REPRESENTATION('',(#7817),#7820);
#7817 = B_SPLINE_CURVE_WITH_KNOTS('',1,(#7818,#7819),.UNSPECIFIED.,.F.,
  .F.,(2,2),(-5.999999999062E-07,6.0000006),.PIECEWISE_BEZIER_KNOTS.);
#7818 = CARTESIAN_POINT('',(10.,28.4999994));
#7819 = CARTESIAN_POINT('',(10.,34.5000006));
#7820 = ( GEOMETRIC_REPRESENTATION_CONTEXT(2) 
PARAMETRIC_REPRESENTATION_CONTEXT() REPRESENTATION_CONTEXT('2D SPACE',''
  ) );
#7821 = PCURVE('',#7321,#7822);
#7822 = DEFINITIONAL_REPRESENTATION('',(#7823),#7826);
#7823 = B_SPLINE_CURVE_WITH_KNOTS('',1,(#7824,#7825),.UNSPECIFIED.,.F.,
  .F.,(2,2),(-5.999999999062E-07,6.0000006),.PIECEWISE_BEZIER_KNOTS.);
#7824 = CARTESIAN_POINT('',(10.,28.4999994));
#7825 = CARTESIAN_POINT('',(10.,34.5000006));
#7826 = ( GEOMETRIC_REPRESENTATION_CONTEXT(2) 
PARAMETRIC_REPRESENTATION_CONTEXT() REPRESENTATION_CONTEXT('2D SPACE',''
  ) );
#7827 = ORIENTED_EDGE('',*,*,#7275,.F.);
#7828 = ORIENTED_EDGE('',*,*,#7829,.F.);
#7829 = EDGE_CURVE('',#7830,#7255,#7832,.T.);
#7830 = VERTEX_POINT('',#7831);
#7831 = CARTESIAN_POINT('',(17.,2.5,104.));
#7832 = SURFACE_CURVE('',#7833,(#7837,#7844),.PCURVE_S1.);
#7833 = LINE('',#7834,#7835);
#7834 = CARTESIAN_POINT('',(17.,2.5,104.));
#7835 = VECTOR('',#7836,1.);
#7836 = DIRECTION('',(-1.,0.,0.));
#7837 = PCURVE('',#7292,#7838);
#7838 = DEFINITIONAL_REPRESENTATION('',(#7839),#7843);
#7839 = LINE('',#7840,#7841);
#7840 = CARTESIAN_POINT('',(20.,34.));
#7841 = VECTOR('',#7842,1.);
#7842 = DIRECTION('',(0.,-1.));
#7843 = ( GEOMETRIC_REPRESENTATION_CONTEXT(2) 
PARAMETRIC_REPRESENTATION_CONTEXT() REPRESENTATION_CONTEXT('2D SPACE',''
  ) );
#7844 = PCURVE('',#7214,#7845);
#7845 = DEFINITIONAL_REPRESENTATION('',(#7846),#7850);
#7846 = LINE('',#7847,#7848);
#7847 = CARTESIAN_POINT('',(34.,0.));
#7848 = VECTOR('',#7849,1.);
#7849 = DIRECTION('',(-1.,0.));
#7850 = ( GEOMETRIC_REPRESENTATION_CONTEXT(2) 
PARAMETRIC_REPRESENTATION_CONTEXT() REPRESENTATION_CONTEXT('2D SPACE',''
  ) );
#7851 = ORIENTED_EDGE('',*,*,#7852,.F.);
#7852 = EDGE_CURVE('',#7808,#7830,#7853,.T.);
#7853 = SURFACE_CURVE('',#7854,(#7858,#7865),.PCURVE_S1.);
#7854 = LINE('',#7855,#7856);
#7855 = CARTESIAN_POINT('',(17.,2.5,84.));
#7856 = VECTOR('',#7857,1.);
#7857 = DIRECTION('',(0.,0.,1.));
#7858 = PCURVE('',#7292,#7859);
#7859 = DEFINITIONAL_REPRESENTATION('',(#7860),#7864);
#7860 = LINE('',#7861,#7862);
#7861 = CARTESIAN_POINT('',(0.,34.));
#7862 = VECTOR('',#7863,1.);
#7863 = DIRECTION('',(1.,0.));
#7864 = ( GEOMETRIC_REPRESENTATION_CONTEXT(2) 
PARAMETRIC_REPRESENTATION_CONTEXT() REPRESENTATION_CONTEXT('2D SPACE',''
  ) );
#7865 = PCURVE('',#7866,#7871);
#7866 = PLANE('',#7867);
#7867 = AXIS2_PLACEMENT_3D('',#7868,#7869,#7870);
#7868 = CARTESIAN_POINT('',(17.,2.5,84.));
#7869 = DIRECTION('',(1.,0.,0.));
#7870 = DIRECTION('',(0.,0.,1.));
#7871 = DEFINITIONAL_REPRESENTATION('',(#7872),#7876);
#7872 = LINE('',#7873,#7874);
#7873 = CARTESIAN_POINT('',(0.,0.));
#7874 = VECTOR('',#7875,1.);
#7875 = DIRECTION('',(1.,0.));
#7876 = ( GEOMETRIC_REPRESENTATION_CONTEXT(2) 
PARAMETRIC_REPRESENTATION_CONTEXT() REPRESENTATION_CONTEXT('2D SPACE',''
  ) );
#7877 = FACE_BOUND('',#7878,.F.);
#7878 = EDGE_LOOP('',(#7879));
#7879 = ORIENTED_EDGE('',*,*,#7880,.F.);
#7880 = EDGE_CURVE('',#7881,#7881,#7883,.T.);
#7881 = VERTEX_POINT('',#7882);
#7882 = CARTESIAN_POINT('',(13.85,2.5,102.4));
#7883 = SURFACE_CURVE('',#7884,(#7889,#7896),.PCURVE_S1.);
#7884 = CIRCLE('',#7885,0.9);
#7885 = AXIS2_PLACEMENT_3D('',#7886,#7887,#7888);
#7886 = CARTESIAN_POINT('',(13.85,2.5,101.5));
#7887 = DIRECTION('',(0.,1.,0.));
#7888 = DIRECTION('',(0.,-0.,1.));
#7889 = PCURVE('',#7292,#7890);
#7890 = DEFINITIONAL_REPRESENTATION('',(#7891),#7895);
#7891 = CIRCLE('',#7892,0.9);
#7892 = AXIS2_PLACEMENT_2D('',#7893,#7894);
#7893 = CARTESIAN_POINT('',(17.5,30.85));
#7894 = DIRECTION('',(1.,0.));
#7895 = ( GEOMETRIC_REPRESENTATION_CONTEXT(2) 
PARAMETRIC_REPRESENTATION_CONTEXT() REPRESENTATION_CONTEXT('2D SPACE',''
  ) );
#7896 = PCURVE('',#7897,#7902);
#7897 = CYLINDRICAL_SURFACE('',#7898,0.9);
#7898 = AXIS2_PLACEMENT_3D('',#7899,#7900,#7901);
#7899 = CARTESIAN_POINT('',(13.85,1.5,101.5));
#7900 = DIRECTION('',(0.,1.,0.));
#7901 = DIRECTION('',(0.,-0.,1.));
#7902 = DEFINITIONAL_REPRESENTATION('',(#7903),#7907);
#7903 = LINE('',#7904,#7905);
#7904 = CARTESIAN_POINT('',(0.,1.));
#7905 = VECTOR('',#7906,1.);
#7906 = DIRECTION('',(1.,0.));
#7907 = ( GEOMETRIC_REPRESENTATION_CONTEXT(2) 
PARAMETRIC_REPRESENTATION_CONTEXT() REPRESENTATION_CONTEXT('2D SPACE',''
  ) );
#7908 = ADVANCED_FACE('',(#7909,#7935),#7321,.F.);
#7909 = FACE_BOUND('',#7910,.F.);
#7910 = EDGE_LOOP('',(#7911,#7912,#7913,#7914));
#7911 = ORIENTED_EDGE('',*,*,#7409,.F.);
#7912 = ORIENTED_EDGE('',*,*,#7304,.F.);
#7913 = ORIENTED_EDGE('',*,*,#7807,.T.);
#7914 = ORIENTED_EDGE('',*,*,#7915,.F.);
#7915 = EDGE_CURVE('',#7410,#7808,#7916,.T.);
#7916 = SURFACE_CURVE('',#7917,(#7921,#7928),.PCURVE_S1.);
#7917 = LINE('',#7918,#7919);
#7918 = CARTESIAN_POINT('',(17.,2.5,84.));
#7919 = VECTOR('',#7920,1.);
#7920 = DIRECTION('',(0.,0.,1.));
#7921 = PCURVE('',#7321,#7922);
#7922 = DEFINITIONAL_REPRESENTATION('',(#7923),#7927);
#7923 = LINE('',#7924,#7925);
#7924 = CARTESIAN_POINT('',(0.,34.));
#7925 = VECTOR('',#7926,1.);
#7926 = DIRECTION('',(1.,0.));
#7927 = ( GEOMETRIC_REPRESENTATION_CONTEXT(2) 
PARAMETRIC_REPRESENTATION_CONTEXT() REPRESENTATION_CONTEXT('2D SPACE',''
  ) );
#7928 = PCURVE('',#7448,#7929);
#7929 = DEFINITIONAL_REPRESENTATION('',(#7930),#7934);
#7930 = LINE('',#7931,#7932);
#7931 = CARTESIAN_POINT('',(0.,0.));
#7932 = VECTOR('',#7933,1.);
#7933 = DIRECTION('',(1.,0.));
#7934 = ( GEOMETRIC_REPRESENTATION_CONTEXT(2) 
PARAMETRIC_REPRESENTATION_CONTEXT() REPRESENTATION_CONTEXT('2D SPACE',''
  ) );
#7935 = FACE_BOUND('',#7936,.F.);
#7936 = EDGE_LOOP('',(#7937));
#7937 = ORIENTED_EDGE('',*,*,#7938,.F.);
#7938 = EDGE_CURVE('',#7939,#7939,#7941,.T.);
#7939 = VERTEX_POINT('',#7940);
#7940 = CARTESIAN_POINT('',(13.85,2.5,87.4));
#7941 = SURFACE_CURVE('',#7942,(#7947,#7954),.PCURVE_S1.);
#7942 = CIRCLE('',#7943,0.9);
#7943 = AXIS2_PLACEMENT_3D('',#7944,#7945,#7946);
#7944 = CARTESIAN_POINT('',(13.85,2.5,86.5));
#7945 = DIRECTION('',(0.,1.,0.));
#7946 = DIRECTION('',(0.,-0.,1.));
#7947 = PCURVE('',#7321,#7948);
#7948 = DEFINITIONAL_REPRESENTATION('',(#7949),#7953);
#7949 = CIRCLE('',#7950,0.9);
#7950 = AXIS2_PLACEMENT_2D('',#7951,#7952);
#7951 = CARTESIAN_POINT('',(2.5,30.85));
#7952 = DIRECTION('',(1.,0.));
#7953 = ( GEOMETRIC_REPRESENTATION_CONTEXT(2) 
PARAMETRIC_REPRESENTATION_CONTEXT() REPRESENTATION_CONTEXT('2D SPACE',''
  ) );
#7954 = PCURVE('',#7955,#7960);
#7955 = CYLINDRICAL_SURFACE('',#7956,0.9);
#7956 = AXIS2_PLACEMENT_3D('',#7957,#7958,#7959);
#7957 = CARTESIAN_POINT('',(13.85,1.5,86.5));
#7958 = DIRECTION('',(0.,1.,0.));
#7959 = DIRECTION('',(0.,-0.,1.));
#7960 = DEFINITIONAL_REPRESENTATION('',(#7961),#7965);
#7961 = LINE('',#7962,#7963);
#7962 = CARTESIAN_POINT('',(0.,1.));
#7963 = VECTOR('',#7964,1.);
#7964 = DIRECTION('',(1.,0.));
#7965 = ( GEOMETRIC_REPRESENTATION_CONTEXT(2) 
PARAMETRIC_REPRESENTATION_CONTEXT() REPRESENTATION_CONTEXT('2D SPACE',''
  ) );
#7966 = ADVANCED_FACE('',(#7967),#7214,.T.);
#7967 = FACE_BOUND('',#7968,.T.);
#7968 = EDGE_LOOP('',(#7969,#7999,#8027,#8048,#8049,#8068,#8069,#8070,
    #8093,#8121,#8149,#8177));
#7969 = ORIENTED_EDGE('',*,*,#7970,.F.);
#7970 = EDGE_CURVE('',#7971,#7973,#7975,.T.);
#7971 = VERTEX_POINT('',#7972);
#7972 = CARTESIAN_POINT('',(-17.,6.,104.));
#7973 = VERTEX_POINT('',#7974);
#7974 = CARTESIAN_POINT('',(-15.5,6.,104.));
#7975 = SURFACE_CURVE('',#7976,(#7980,#7987),.PCURVE_S1.);
#7976 = LINE('',#7977,#7978);
#7977 = CARTESIAN_POINT('',(-17.,6.,104.));
#7978 = VECTOR('',#7979,1.);
#7979 = DIRECTION('',(1.,0.,0.));
#7980 = PCURVE('',#7214,#7981);
#7981 = DEFINITIONAL_REPRESENTATION('',(#7982),#7986);
#7982 = LINE('',#7983,#7984);
#7983 = CARTESIAN_POINT('',(0.,3.5));
#7984 = VECTOR('',#7985,1.);
#7985 = DIRECTION('',(1.,0.));
#7986 = ( GEOMETRIC_REPRESENTATION_CONTEXT(2) 
PARAMETRIC_REPRESENTATION_CONTEXT() REPRESENTATION_CONTEXT('2D SPACE',''
  ) );
#7987 = PCURVE('',#7988,#7993);
#7988 = PLANE('',#7989);
#7989 = AXIS2_PLACEMENT_3D('',#7990,#7991,#7992);
#7990 = CARTESIAN_POINT('',(-17.,6.,84.));
#7991 = DIRECTION('',(0.,1.,0.));
#7992 = DIRECTION('',(0.,0.,1.));
#7993 = DEFINITIONAL_REPRESENTATION('',(#7994),#7998);
#7994 = LINE('',#7995,#7996);
#7995 = CARTESIAN_POINT('',(20.,0.));
#7996 = VECTOR('',#7997,1.);
#7997 = DIRECTION('',(0.,1.));
#7998 = ( GEOMETRIC_REPRESENTATION_CONTEXT(2) 
PARAMETRIC_REPRESENTATION_CONTEXT() REPRESENTATION_CONTEXT('2D SPACE',''
  ) );
#7999 = ORIENTED_EDGE('',*,*,#8000,.F.);
#8000 = EDGE_CURVE('',#8001,#7971,#8003,.T.);
#8001 = VERTEX_POINT('',#8002);
#8002 = CARTESIAN_POINT('',(-17.,2.5,104.));
#8003 = SURFACE_CURVE('',#8004,(#8008,#8015),.PCURVE_S1.);
#8004 = LINE('',#8005,#8006);
#8005 = CARTESIAN_POINT('',(-17.,2.5,104.));
#8006 = VECTOR('',#8007,1.);
#8007 = DIRECTION('',(0.,1.,0.));
#8008 = PCURVE('',#7214,#8009);
#8009 = DEFINITIONAL_REPRESENTATION('',(#8010),#8014);
#8010 = LINE('',#8011,#8012);
#8011 = CARTESIAN_POINT('',(0.,0.));
#8012 = VECTOR('',#8013,1.);
#8013 = DIRECTION('',(0.,1.));
#8014 = ( GEOMETRIC_REPRESENTATION_CONTEXT(2) 
PARAMETRIC_REPRESENTATION_CONTEXT() REPRESENTATION_CONTEXT('2D SPACE',''
  ) );
#8015 = PCURVE('',#8016,#8021);
#8016 = PLANE('',#8017);
#8017 = AXIS2_PLACEMENT_3D('',#8018,#8019,#8020);
#8018 = CARTESIAN_POINT('',(-17.,2.5,84.));
#8019 = DIRECTION('',(1.,0.,0.));
#8020 = DIRECTION('',(0.,0.,1.));
#8021 = DEFINITIONAL_REPRESENTATION('',(#8022),#8026);
#8022 = LINE('',#8023,#8024);
#8023 = CARTESIAN_POINT('',(20.,0.));
#8024 = VECTOR('',#8025,1.);
#8025 = DIRECTION('',(0.,-1.));
#8026 = ( GEOMETRIC_REPRESENTATION_CONTEXT(2) 
PARAMETRIC_REPRESENTATION_CONTEXT() REPRESENTATION_CONTEXT('2D SPACE',''
  ) );
#8027 = ORIENTED_EDGE('',*,*,#8028,.F.);
#8028 = EDGE_CURVE('',#7171,#8001,#8029,.T.);
#8029 = SURFACE_CURVE('',#8030,(#8034,#8041),.PCURVE_S1.);
#8030 = LINE('',#8031,#8032);
#8031 = CARTESIAN_POINT('',(17.,2.5,104.));
#8032 = VECTOR('',#8033,1.);
#8033 = DIRECTION('',(-1.,0.,0.));
#8034 = PCURVE('',#7214,#8035);
#8035 = DEFINITIONAL_REPRESENTATION('',(#8036),#8040);
#8036 = LINE('',#8037,#8038);
#8037 = CARTESIAN_POINT('',(34.,0.));
#8038 = VECTOR('',#8039,1.);
#8039 = DIRECTION('',(-1.,0.));
#8040 = ( GEOMETRIC_REPRESENTATION_CONTEXT(2) 
PARAMETRIC_REPRESENTATION_CONTEXT() REPRESENTATION_CONTEXT('2D SPACE',''
  ) );
#8041 = PCURVE('',#7187,#8042);
#8042 = DEFINITIONAL_REPRESENTATION('',(#8043),#8047);
#8043 = LINE('',#8044,#8045);
#8044 = CARTESIAN_POINT('',(20.,34.));
#8045 = VECTOR('',#8046,1.);
#8046 = DIRECTION('',(0.,-1.));
#8047 = ( GEOMETRIC_REPRESENTATION_CONTEXT(2) 
PARAMETRIC_REPRESENTATION_CONTEXT() REPRESENTATION_CONTEXT('2D SPACE',''
  ) );
#8048 = ORIENTED_EDGE('',*,*,#7199,.T.);
#8049 = ORIENTED_EDGE('',*,*,#8050,.T.);
#8050 = EDGE_CURVE('',#7200,#7226,#8051,.T.);
#8051 = SURFACE_CURVE('',#8052,(#8056,#8062),.PCURVE_S1.);
#8052 = LINE('',#8053,#8054);
#8053 = CARTESIAN_POINT('',(-13.94992717229,3.,104.));
#8054 = VECTOR('',#8055,1.);
#8055 = DIRECTION('',(1.,0.,0.));
#8056 = PCURVE('',#7214,#8057);
#8057 = DEFINITIONAL_REPRESENTATION('',(#8058),#8061);
#8058 = B_SPLINE_CURVE_WITH_KNOTS('',1,(#8059,#8060),.UNSPECIFIED.,.F.,
  .F.,(2,2),(-3.050072827705,27.949927172295),.PIECEWISE_BEZIER_KNOTS.);
#8059 = CARTESIAN_POINT('',(0.,0.5));
#8060 = CARTESIAN_POINT('',(31.,0.5));
#8061 = ( GEOMETRIC_REPRESENTATION_CONTEXT(2) 
PARAMETRIC_REPRESENTATION_CONTEXT() REPRESENTATION_CONTEXT('2D SPACE',''
  ) );
#8062 = PCURVE('',#7242,#8063);
#8063 = DEFINITIONAL_REPRESENTATION('',(#8064),#8067);
#8064 = B_SPLINE_CURVE_WITH_KNOTS('',1,(#8065,#8066),.UNSPECIFIED.,.F.,
  .F.,(2,2),(-3.050072827705,27.949927172295),.PIECEWISE_BEZIER_KNOTS.);
#8065 = CARTESIAN_POINT('',(50.,-6.10014565541));
#8066 = CARTESIAN_POINT('',(50.,24.89985434459));
#8067 = ( GEOMETRIC_REPRESENTATION_CONTEXT(2) 
PARAMETRIC_REPRESENTATION_CONTEXT() REPRESENTATION_CONTEXT('2D SPACE',''
  ) );
#8068 = ORIENTED_EDGE('',*,*,#7254,.F.);
#8069 = ORIENTED_EDGE('',*,*,#7829,.F.);
#8070 = ORIENTED_EDGE('',*,*,#8071,.T.);
#8071 = EDGE_CURVE('',#7830,#8072,#8074,.T.);
#8072 = VERTEX_POINT('',#8073);
#8073 = CARTESIAN_POINT('',(17.,6.,104.));
#8074 = SURFACE_CURVE('',#8075,(#8079,#8086),.PCURVE_S1.);
#8075 = LINE('',#8076,#8077);
#8076 = CARTESIAN_POINT('',(17.,2.5,104.));
#8077 = VECTOR('',#8078,1.);
#8078 = DIRECTION('',(0.,1.,0.));
#8079 = PCURVE('',#7214,#8080);
#8080 = DEFINITIONAL_REPRESENTATION('',(#8081),#8085);
#8081 = LINE('',#8082,#8083);
#8082 = CARTESIAN_POINT('',(34.,0.));
#8083 = VECTOR('',#8084,1.);
#8084 = DIRECTION('',(0.,1.));
#8085 = ( GEOMETRIC_REPRESENTATION_CONTEXT(2) 
PARAMETRIC_REPRESENTATION_CONTEXT() REPRESENTATION_CONTEXT('2D SPACE',''
  ) );
#8086 = PCURVE('',#7866,#8087);
#8087 = DEFINITIONAL_REPRESENTATION('',(#8088),#8092);
#8088 = LINE('',#8089,#8090);
#8089 = CARTESIAN_POINT('',(20.,0.));
#8090 = VECTOR('',#8091,1.);
#8091 = DIRECTION('',(0.,-1.));
#8092 = ( GEOMETRIC_REPRESENTATION_CONTEXT(2) 
PARAMETRIC_REPRESENTATION_CONTEXT() REPRESENTATION_CONTEXT('2D SPACE',''
  ) );
#8093 = ORIENTED_EDGE('',*,*,#8094,.F.);
#8094 = EDGE_CURVE('',#8095,#8072,#8097,.T.);
#8095 = VERTEX_POINT('',#8096);
#8096 = CARTESIAN_POINT('',(15.5,6.,104.));
#8097 = SURFACE_CURVE('',#8098,(#8102,#8109),.PCURVE_S1.);
#8098 = LINE('',#8099,#8100);
#8099 = CARTESIAN_POINT('',(-17.,6.,104.));
#8100 = VECTOR('',#8101,1.);
#8101 = DIRECTION('',(1.,0.,0.));
#8102 = PCURVE('',#7214,#8103);
#8103 = DEFINITIONAL_REPRESENTATION('',(#8104),#8108);
#8104 = LINE('',#8105,#8106);
#8105 = CARTESIAN_POINT('',(0.,3.5));
#8106 = VECTOR('',#8107,1.);
#8107 = DIRECTION('',(1.,0.));
#8108 = ( GEOMETRIC_REPRESENTATION_CONTEXT(2) 
PARAMETRIC_REPRESENTATION_CONTEXT() REPRESENTATION_CONTEXT('2D SPACE',''
  ) );
#8109 = PCURVE('',#8110,#8115);
#8110 = PLANE('',#8111);
#8111 = AXIS2_PLACEMENT_3D('',#8112,#8113,#8114);
#8112 = CARTESIAN_POINT('',(-17.,6.,84.));
#8113 = DIRECTION('',(0.,1.,0.));
#8114 = DIRECTION('',(0.,0.,1.));
#8115 = DEFINITIONAL_REPRESENTATION('',(#8116),#8120);
#8116 = LINE('',#8117,#8118);
#8117 = CARTESIAN_POINT('',(20.,0.));
#8118 = VECTOR('',#8119,1.);
#8119 = DIRECTION('',(0.,1.));
#8120 = ( GEOMETRIC_REPRESENTATION_CONTEXT(2) 
PARAMETRIC_REPRESENTATION_CONTEXT() REPRESENTATION_CONTEXT('2D SPACE',''
  ) );
#8121 = ORIENTED_EDGE('',*,*,#8122,.T.);
#8122 = EDGE_CURVE('',#8095,#8123,#8125,.T.);
#8123 = VERTEX_POINT('',#8124);
#8124 = CARTESIAN_POINT('',(15.5,24.,104.));
#8125 = SURFACE_CURVE('',#8126,(#8130,#8137),.PCURVE_S1.);
#8126 = LINE('',#8127,#8128);
#8127 = CARTESIAN_POINT('',(15.5,2.5,104.));
#8128 = VECTOR('',#8129,1.);
#8129 = DIRECTION('',(0.,1.,0.));
#8130 = PCURVE('',#7214,#8131);
#8131 = DEFINITIONAL_REPRESENTATION('',(#8132),#8136);
#8132 = LINE('',#8133,#8134);
#8133 = CARTESIAN_POINT('',(32.5,0.));
#8134 = VECTOR('',#8135,1.);
#8135 = DIRECTION('',(0.,1.));
#8136 = ( GEOMETRIC_REPRESENTATION_CONTEXT(2) 
PARAMETRIC_REPRESENTATION_CONTEXT() REPRESENTATION_CONTEXT('2D SPACE',''
  ) );
#8137 = PCURVE('',#8138,#8143);
#8138 = PLANE('',#8139);
#8139 = AXIS2_PLACEMENT_3D('',#8140,#8141,#8142);
#8140 = CARTESIAN_POINT('',(15.5,2.5,84.));
#8141 = DIRECTION('',(1.,0.,0.));
#8142 = DIRECTION('',(0.,0.,1.));
#8143 = DEFINITIONAL_REPRESENTATION('',(#8144),#8148);
#8144 = LINE('',#8145,#8146);
#8145 = CARTESIAN_POINT('',(20.,0.));
#8146 = VECTOR('',#8147,1.);
#8147 = DIRECTION('',(0.,-1.));
#8148 = ( GEOMETRIC_REPRESENTATION_CONTEXT(2) 
PARAMETRIC_REPRESENTATION_CONTEXT() REPRESENTATION_CONTEXT('2D SPACE',''
  ) );
#8149 = ORIENTED_EDGE('',*,*,#8150,.T.);
#8150 = EDGE_CURVE('',#8123,#8151,#8153,.T.);
#8151 = VERTEX_POINT('',#8152);
#8152 = CARTESIAN_POINT('',(-15.5,24.,104.));
#8153 = SURFACE_CURVE('',#8154,(#8158,#8165),.PCURVE_S1.);
#8154 = LINE('',#8155,#8156);
#8155 = CARTESIAN_POINT('',(15.5,24.,104.));
#8156 = VECTOR('',#8157,1.);
#8157 = DIRECTION('',(-1.,0.,0.));
#8158 = PCURVE('',#7214,#8159);
#8159 = DEFINITIONAL_REPRESENTATION('',(#8160),#8164);
#8160 = LINE('',#8161,#8162);
#8161 = CARTESIAN_POINT('',(32.5,21.5));
#8162 = VECTOR('',#8163,1.);
#8163 = DIRECTION('',(-1.,0.));
#8164 = ( GEOMETRIC_REPRESENTATION_CONTEXT(2) 
PARAMETRIC_REPRESENTATION_CONTEXT() REPRESENTATION_CONTEXT('2D SPACE',''
  ) );
#8165 = PCURVE('',#8166,#8171);
#8166 = PLANE('',#8167);
#8167 = AXIS2_PLACEMENT_3D('',#8168,#8169,#8170);
#8168 = CARTESIAN_POINT('',(-15.5,24.,84.));
#8169 = DIRECTION('',(0.,1.,0.));
#8170 = DIRECTION('',(0.,0.,1.));
#8171 = DEFINITIONAL_REPRESENTATION('',(#8172),#8176);
#8172 = LINE('',#8173,#8174);
#8173 = CARTESIAN_POINT('',(20.,31.));
#8174 = VECTOR('',#8175,1.);
#8175 = DIRECTION('',(0.,-1.));
#8176 = ( GEOMETRIC_REPRESENTATION_CONTEXT(2) 
PARAMETRIC_REPRESENTATION_CONTEXT() REPRESENTATION_CONTEXT('2D SPACE',''
  ) );
#8177 = ORIENTED_EDGE('',*,*,#8178,.F.);
#8178 = EDGE_CURVE('',#7973,#8151,#8179,.T.);
#8179 = SURFACE_CURVE('',#8180,(#8184,#8191),.PCURVE_S1.);
#8180 = LINE('',#8181,#8182);
#8181 = CARTESIAN_POINT('',(-15.5,2.5,104.));
#8182 = VECTOR('',#8183,1.);
#8183 = DIRECTION('',(0.,1.,0.));
#8184 = PCURVE('',#7214,#8185);
#8185 = DEFINITIONAL_REPRESENTATION('',(#8186),#8190);
#8186 = LINE('',#8187,#8188);
#8187 = CARTESIAN_POINT('',(1.5,0.));
#8188 = VECTOR('',#8189,1.);
#8189 = DIRECTION('',(0.,1.));
#8190 = ( GEOMETRIC_REPRESENTATION_CONTEXT(2) 
PARAMETRIC_REPRESENTATION_CONTEXT() REPRESENTATION_CONTEXT('2D SPACE',''
  ) );
#8191 = PCURVE('',#8192,#8197);
#8192 = PLANE('',#8193);
#8193 = AXIS2_PLACEMENT_3D('',#8194,#8195,#8196);
#8194 = CARTESIAN_POINT('',(-15.5,2.5,84.));
#8195 = DIRECTION('',(1.,0.,0.));
#8196 = DIRECTION('',(0.,0.,1.));
#8197 = DEFINITIONAL_REPRESENTATION('',(#8198),#8202);
#8198 = LINE('',#8199,#8200);
#8199 = CARTESIAN_POINT('',(20.,0.));
#8200 = VECTOR('',#8201,1.);
#8201 = DIRECTION('',(0.,-1.));
#8202 = ( GEOMETRIC_REPRESENTATION_CONTEXT(2) 
PARAMETRIC_REPRESENTATION_CONTEXT() REPRESENTATION_CONTEXT('2D SPACE',''
  ) );
#8203 = ADVANCED_FACE('',(#8204),#7242,.T.);
#8204 = FACE_BOUND('',#8205,.T.);
#8205 = EDGE_LOOP('',(#8206,#8207));
#8206 = ORIENTED_EDGE('',*,*,#7225,.T.);
#8207 = ORIENTED_EDGE('',*,*,#8050,.F.);
#8208 = ADVANCED_FACE('',(#8209),#7158,.F.);
#8209 = FACE_BOUND('',#8210,.F.);
#8210 = EDGE_LOOP('',(#8211,#8212,#8213,#8232,#8233));
#8211 = ORIENTED_EDGE('',*,*,#7719,.F.);
#8212 = ORIENTED_EDGE('',*,*,#7573,.T.);
#8213 = ORIENTED_EDGE('',*,*,#8214,.T.);
#8214 = EDGE_CURVE('',#7576,#7142,#8215,.T.);
#8215 = SURFACE_CURVE('',#8216,(#8220,#8226),.PCURVE_S1.);
#8216 = LINE('',#8217,#8218);
#8217 = CARTESIAN_POINT('',(-17.5,2.5,94.));
#8218 = VECTOR('',#8219,1.);
#8219 = DIRECTION('',(1.,0.,0.));
#8220 = PCURVE('',#7158,#8221);
#8221 = DEFINITIONAL_REPRESENTATION('',(#8222),#8225);
#8222 = B_SPLINE_CURVE_WITH_KNOTS('',1,(#8223,#8224),.UNSPECIFIED.,.F.,
  .F.,(2,2),(-5.999999999062E-07,6.0000006),.PIECEWISE_BEZIER_KNOTS.);
#8223 = CARTESIAN_POINT('',(10.,-0.5000006));
#8224 = CARTESIAN_POINT('',(10.,5.5000006));
#8225 = ( GEOMETRIC_REPRESENTATION_CONTEXT(2) 
PARAMETRIC_REPRESENTATION_CONTEXT() REPRESENTATION_CONTEXT('2D SPACE',''
  ) );
#8226 = PCURVE('',#7187,#8227);
#8227 = DEFINITIONAL_REPRESENTATION('',(#8228),#8231);
#8228 = B_SPLINE_CURVE_WITH_KNOTS('',1,(#8229,#8230),.UNSPECIFIED.,.F.,
  .F.,(2,2),(-5.999999999062E-07,6.0000006),.PIECEWISE_BEZIER_KNOTS.);
#8229 = CARTESIAN_POINT('',(10.,-0.5000006));
#8230 = CARTESIAN_POINT('',(10.,5.5000006));
#8231 = ( GEOMETRIC_REPRESENTATION_CONTEXT(2) 
PARAMETRIC_REPRESENTATION_CONTEXT() REPRESENTATION_CONTEXT('2D SPACE',''
  ) );
#8232 = ORIENTED_EDGE('',*,*,#7141,.F.);
#8233 = ORIENTED_EDGE('',*,*,#7756,.T.);
#8234 = ADVANCED_FACE('',(#8235,#8261),#7187,.F.);
#8235 = FACE_BOUND('',#8236,.F.);
#8236 = EDGE_LOOP('',(#8237,#8238,#8259,#8260));
#8237 = ORIENTED_EDGE('',*,*,#8214,.F.);
#8238 = ORIENTED_EDGE('',*,*,#8239,.T.);
#8239 = EDGE_CURVE('',#7576,#8001,#8240,.T.);
#8240 = SURFACE_CURVE('',#8241,(#8245,#8252),.PCURVE_S1.);
#8241 = LINE('',#8242,#8243);
#8242 = CARTESIAN_POINT('',(-17.,2.5,84.));
#8243 = VECTOR('',#8244,1.);
#8244 = DIRECTION('',(0.,0.,1.));
#8245 = PCURVE('',#7187,#8246);
#8246 = DEFINITIONAL_REPRESENTATION('',(#8247),#8251);
#8247 = LINE('',#8248,#8249);
#8248 = CARTESIAN_POINT('',(0.,0.));
#8249 = VECTOR('',#8250,1.);
#8250 = DIRECTION('',(1.,0.));
#8251 = ( GEOMETRIC_REPRESENTATION_CONTEXT(2) 
PARAMETRIC_REPRESENTATION_CONTEXT() REPRESENTATION_CONTEXT('2D SPACE',''
  ) );
#8252 = PCURVE('',#8016,#8253);
#8253 = DEFINITIONAL_REPRESENTATION('',(#8254),#8258);
#8254 = LINE('',#8255,#8256);
#8255 = CARTESIAN_POINT('',(0.,0.));
#8256 = VECTOR('',#8257,1.);
#8257 = DIRECTION('',(1.,0.));
#8258 = ( GEOMETRIC_REPRESENTATION_CONTEXT(2) 
PARAMETRIC_REPRESENTATION_CONTEXT() REPRESENTATION_CONTEXT('2D SPACE',''
  ) );
#8259 = ORIENTED_EDGE('',*,*,#8028,.F.);
#8260 = ORIENTED_EDGE('',*,*,#7170,.F.);
#8261 = FACE_BOUND('',#8262,.F.);
#8262 = EDGE_LOOP('',(#8263));
#8263 = ORIENTED_EDGE('',*,*,#8264,.F.);
#8264 = EDGE_CURVE('',#8265,#8265,#8267,.T.);
#8265 = VERTEX_POINT('',#8266);
#8266 = CARTESIAN_POINT('',(-13.85,2.5,102.4));
#8267 = SURFACE_CURVE('',#8268,(#8273,#8280),.PCURVE_S1.);
#8268 = CIRCLE('',#8269,0.9);
#8269 = AXIS2_PLACEMENT_3D('',#8270,#8271,#8272);
#8270 = CARTESIAN_POINT('',(-13.85,2.5,101.5));
#8271 = DIRECTION('',(0.,1.,0.));
#8272 = DIRECTION('',(0.,-0.,1.));
#8273 = PCURVE('',#7187,#8274);
#8274 = DEFINITIONAL_REPRESENTATION('',(#8275),#8279);
#8275 = CIRCLE('',#8276,0.9);
#8276 = AXIS2_PLACEMENT_2D('',#8277,#8278);
#8277 = CARTESIAN_POINT('',(17.5,3.15));
#8278 = DIRECTION('',(1.,0.));
#8279 = ( GEOMETRIC_REPRESENTATION_CONTEXT(2) 
PARAMETRIC_REPRESENTATION_CONTEXT() REPRESENTATION_CONTEXT('2D SPACE',''
  ) );
#8280 = PCURVE('',#8281,#8286);
#8281 = CYLINDRICAL_SURFACE('',#8282,0.9);
#8282 = AXIS2_PLACEMENT_3D('',#8283,#8284,#8285);
#8283 = CARTESIAN_POINT('',(-13.85,1.5,101.5));
#8284 = DIRECTION('',(0.,1.,0.));
#8285 = DIRECTION('',(0.,-0.,1.));
#8286 = DEFINITIONAL_REPRESENTATION('',(#8287),#8291);
#8287 = LINE('',#8288,#8289);
#8288 = CARTESIAN_POINT('',(0.,1.));
#8289 = VECTOR('',#8290,1.);
#8290 = DIRECTION('',(1.,0.));
#8291 = ( GEOMETRIC_REPRESENTATION_CONTEXT(2) 
PARAMETRIC_REPRESENTATION_CONTEXT() REPRESENTATION_CONTEXT('2D SPACE',''
  ) );
#8292 = ADVANCED_FACE('',(#8293),#7374,.T.);
#8293 = FACE_BOUND('',#8294,.T.);
#8294 = EDGE_LOOP('',(#8295,#8296,#8297,#8318));
#8295 = ORIENTED_EDGE('',*,*,#7356,.F.);
#8296 = ORIENTED_EDGE('',*,*,#7619,.T.);
#8297 = ORIENTED_EDGE('',*,*,#8298,.T.);
#8298 = EDGE_CURVE('',#7620,#8299,#8301,.T.);
#8299 = VERTEX_POINT('',#8300);
#8300 = CARTESIAN_POINT('',(-15.5,6.,89.230303992915));
#8301 = SURFACE_CURVE('',#8302,(#8306,#8312),.PCURVE_S1.);
#8302 = LINE('',#8303,#8304);
#8303 = CARTESIAN_POINT('',(-17.5,6.,89.230303992915));
#8304 = VECTOR('',#8305,1.);
#8305 = DIRECTION('',(1.,0.,0.));
#8306 = PCURVE('',#7374,#8307);
#8307 = DEFINITIONAL_REPRESENTATION('',(#8308),#8311);
#8308 = B_SPLINE_CURVE_WITH_KNOTS('',1,(#8309,#8310),.UNSPECIFIED.,.F.,
  .F.,(2,2),(0.35,2.15),.PIECEWISE_BEZIER_KNOTS.);
#8309 = CARTESIAN_POINT('',(5.230303992915,-0.15));
#8310 = CARTESIAN_POINT('',(5.230303992915,1.65));
#8311 = ( GEOMETRIC_REPRESENTATION_CONTEXT(2) 
PARAMETRIC_REPRESENTATION_CONTEXT() REPRESENTATION_CONTEXT('2D SPACE',''
  ) );
#8312 = PCURVE('',#7657,#8313);
#8313 = DEFINITIONAL_REPRESENTATION('',(#8314),#8317);
#8314 = B_SPLINE_CURVE_WITH_KNOTS('',1,(#8315,#8316),.UNSPECIFIED.,.F.,
  .F.,(2,2),(0.35,2.15),.PIECEWISE_BEZIER_KNOTS.);
#8315 = CARTESIAN_POINT('',(2.836899999574,0.35));
#8316 = CARTESIAN_POINT('',(2.836899999574,2.15));
#8317 = ( GEOMETRIC_REPRESENTATION_CONTEXT(2) 
PARAMETRIC_REPRESENTATION_CONTEXT() REPRESENTATION_CONTEXT('2D SPACE',''
  ) );
#8318 = ORIENTED_EDGE('',*,*,#8319,.T.);
#8319 = EDGE_CURVE('',#8299,#7359,#8320,.T.);
#8320 = SURFACE_CURVE('',#8321,(#8325,#8332),.PCURVE_S1.);
#8321 = LINE('',#8322,#8323);
#8322 = CARTESIAN_POINT('',(-15.5,6.,104.));
#8323 = VECTOR('',#8324,1.);
#8324 = DIRECTION('',(0.,0.,-1.));
#8325 = PCURVE('',#7374,#8326);
#8326 = DEFINITIONAL_REPRESENTATION('',(#8327),#8331);
#8327 = LINE('',#8328,#8329);
#8328 = CARTESIAN_POINT('',(20.,1.5));
#8329 = VECTOR('',#8330,1.);
#8330 = DIRECTION('',(-1.,0.));
#8331 = ( GEOMETRIC_REPRESENTATION_CONTEXT(2) 
PARAMETRIC_REPRESENTATION_CONTEXT() REPRESENTATION_CONTEXT('2D SPACE',''
  ) );
#8332 = PCURVE('',#7558,#8333);
#8333 = DEFINITIONAL_REPRESENTATION('',(#8334),#8338);
#8334 = LINE('',#8335,#8336);
#8335 = CARTESIAN_POINT('',(20.,-3.5));
#8336 = VECTOR('',#8337,1.);
#8337 = DIRECTION('',(-1.,0.));
#8338 = ( GEOMETRIC_REPRESENTATION_CONTEXT(2) 
PARAMETRIC_REPRESENTATION_CONTEXT() REPRESENTATION_CONTEXT('2D SPACE',''
  ) );
#8339 = ADVANCED_FACE('',(#8340),#7558,.F.);
#8340 = FACE_BOUND('',#8341,.F.);
#8341 = EDGE_LOOP('',(#8342,#8366,#8367,#8368,#8391,#8418,#8444,#8473));
#8342 = ORIENTED_EDGE('',*,*,#8343,.F.);
#8343 = EDGE_CURVE('',#8299,#8344,#8346,.T.);
#8344 = VERTEX_POINT('',#8345);
#8345 = CARTESIAN_POINT('',(-15.5,7.5,89.));
#8346 = SURFACE_CURVE('',#8347,(#8352,#8359),.PCURVE_S1.);
#8347 = CIRCLE('',#8348,5.);
#8348 = AXIS2_PLACEMENT_3D('',#8349,#8350,#8351);
#8349 = CARTESIAN_POINT('',(-15.5,7.5,94.));
#8350 = DIRECTION('',(1.,0.,0.));
#8351 = DIRECTION('',(-0.,0.,1.));
#8352 = PCURVE('',#7558,#8353);
#8353 = DEFINITIONAL_REPRESENTATION('',(#8354),#8358);
#8354 = CIRCLE('',#8355,5.);
#8355 = AXIS2_PLACEMENT_2D('',#8356,#8357);
#8356 = CARTESIAN_POINT('',(10.,-5.));
#8357 = DIRECTION('',(1.,0.));
#8358 = ( GEOMETRIC_REPRESENTATION_CONTEXT(2) 
PARAMETRIC_REPRESENTATION_CONTEXT() REPRESENTATION_CONTEXT('2D SPACE',''
  ) );
#8359 = PCURVE('',#7657,#8360);
#8360 = DEFINITIONAL_REPRESENTATION('',(#8361),#8365);
#8361 = LINE('',#8362,#8363);
#8362 = CARTESIAN_POINT('',(0.,2.));
#8363 = VECTOR('',#8364,1.);
#8364 = DIRECTION('',(1.,0.));
#8365 = ( GEOMETRIC_REPRESENTATION_CONTEXT(2) 
PARAMETRIC_REPRESENTATION_CONTEXT() REPRESENTATION_CONTEXT('2D SPACE',''
  ) );
#8366 = ORIENTED_EDGE('',*,*,#8319,.T.);
#8367 = ORIENTED_EDGE('',*,*,#7544,.T.);
#8368 = ORIENTED_EDGE('',*,*,#8369,.F.);
#8369 = EDGE_CURVE('',#8370,#7517,#8372,.T.);
#8370 = VERTEX_POINT('',#8371);
#8371 = CARTESIAN_POINT('',(-15.5,24.,87.));
#8372 = SURFACE_CURVE('',#8373,(#8377,#8384),.PCURVE_S1.);
#8373 = LINE('',#8374,#8375);
#8374 = CARTESIAN_POINT('',(-15.5,24.,104.));
#8375 = VECTOR('',#8376,1.);
#8376 = DIRECTION('',(0.,0.,-1.));
#8377 = PCURVE('',#7558,#8378);
#8378 = DEFINITIONAL_REPRESENTATION('',(#8379),#8383);
#8379 = LINE('',#8380,#8381);
#8380 = CARTESIAN_POINT('',(20.,-21.5));
#8381 = VECTOR('',#8382,1.);
#8382 = DIRECTION('',(-1.,0.));
#8383 = ( GEOMETRIC_REPRESENTATION_CONTEXT(2) 
PARAMETRIC_REPRESENTATION_CONTEXT() REPRESENTATION_CONTEXT('2D SPACE',''
  ) );
#8384 = PCURVE('',#7532,#8385);
#8385 = DEFINITIONAL_REPRESENTATION('',(#8386),#8390);
#8386 = LINE('',#8387,#8388);
#8387 = CARTESIAN_POINT('',(20.,0.));
#8388 = VECTOR('',#8389,1.);
#8389 = DIRECTION('',(-1.,0.));
#8390 = ( GEOMETRIC_REPRESENTATION_CONTEXT(2) 
PARAMETRIC_REPRESENTATION_CONTEXT() REPRESENTATION_CONTEXT('2D SPACE',''
  ) );
#8391 = ORIENTED_EDGE('',*,*,#8392,.T.);
#8392 = EDGE_CURVE('',#8370,#8393,#8395,.T.);
#8393 = VERTEX_POINT('',#8394);
#8394 = CARTESIAN_POINT('',(-15.5,18.,87.));
#8395 = SURFACE_CURVE('',#8396,(#8400,#8406),.PCURVE_S1.);
#8396 = LINE('',#8397,#8398);
#8397 = CARTESIAN_POINT('',(-15.5,10.25,87.));
#8398 = VECTOR('',#8399,1.);
#8399 = DIRECTION('',(0.,-1.,0.));
#8400 = PCURVE('',#7558,#8401);
#8401 = DEFINITIONAL_REPRESENTATION('',(#8402),#8405);
#8402 = B_SPLINE_CURVE_WITH_KNOTS('',1,(#8403,#8404),.UNSPECIFIED.,.F.,
  .F.,(2,2),(-13.75,-7.75),.PIECEWISE_BEZIER_KNOTS.);
#8403 = CARTESIAN_POINT('',(3.,-21.5));
#8404 = CARTESIAN_POINT('',(3.,-15.5));
#8405 = ( GEOMETRIC_REPRESENTATION_CONTEXT(2) 
PARAMETRIC_REPRESENTATION_CONTEXT() REPRESENTATION_CONTEXT('2D SPACE',''
  ) );
#8406 = PCURVE('',#8407,#8412);
#8407 = PLANE('',#8408);
#8408 = AXIS2_PLACEMENT_3D('',#8409,#8410,#8411);
#8409 = CARTESIAN_POINT('',(12.,18.,87.));
#8410 = DIRECTION('',(0.,0.,1.));
#8411 = DIRECTION('',(1.,0.,0.));
#8412 = DEFINITIONAL_REPRESENTATION('',(#8413),#8417);
#8413 = LINE('',#8414,#8415);
#8414 = CARTESIAN_POINT('',(-27.5,-7.75));
#8415 = VECTOR('',#8416,1.);
#8416 = DIRECTION('',(0.,-1.));
#8417 = ( GEOMETRIC_REPRESENTATION_CONTEXT(2) 
PARAMETRIC_REPRESENTATION_CONTEXT() REPRESENTATION_CONTEXT('2D SPACE',''
  ) );
#8418 = ORIENTED_EDGE('',*,*,#8419,.T.);
#8419 = EDGE_CURVE('',#8393,#8420,#8422,.T.);
#8420 = VERTEX_POINT('',#8421);
#8421 = CARTESIAN_POINT('',(-15.5,18.,91.82055052823));
#8422 = SURFACE_CURVE('',#8423,(#8427,#8433),.PCURVE_S1.);
#8423 = LINE('',#8424,#8425);
#8424 = CARTESIAN_POINT('',(-15.5,18.,85.5));
#8425 = VECTOR('',#8426,1.);
#8426 = DIRECTION('',(0.,0.,1.));
#8427 = PCURVE('',#7558,#8428);
#8428 = DEFINITIONAL_REPRESENTATION('',(#8429),#8432);
#8429 = B_SPLINE_CURVE_WITH_KNOTS('',1,(#8430,#8431),.UNSPECIFIED.,.F.,
  .F.,(2,2),(1.5,15.5),.PIECEWISE_BEZIER_KNOTS.);
#8430 = CARTESIAN_POINT('',(3.,-15.5));
#8431 = CARTESIAN_POINT('',(17.,-15.5));
#8432 = ( GEOMETRIC_REPRESENTATION_CONTEXT(2) 
PARAMETRIC_REPRESENTATION_CONTEXT() REPRESENTATION_CONTEXT('2D SPACE',''
  ) );
#8433 = PCURVE('',#8434,#8439);
#8434 = PLANE('',#8435);
#8435 = AXIS2_PLACEMENT_3D('',#8436,#8437,#8438);
#8436 = CARTESIAN_POINT('',(-17.,18.,87.));
#8437 = DIRECTION('',(0.,1.,0.));
#8438 = DIRECTION('',(0.,0.,1.));
#8439 = DEFINITIONAL_REPRESENTATION('',(#8440),#8443);
#8440 = B_SPLINE_CURVE_WITH_KNOTS('',1,(#8441,#8442),.UNSPECIFIED.,.F.,
  .F.,(2,2),(1.5,15.5),.PIECEWISE_BEZIER_KNOTS.);
#8441 = CARTESIAN_POINT('',(0.,1.5));
#8442 = CARTESIAN_POINT('',(14.,1.5));
#8443 = ( GEOMETRIC_REPRESENTATION_CONTEXT(2) 
PARAMETRIC_REPRESENTATION_CONTEXT() REPRESENTATION_CONTEXT('2D SPACE',''
  ) );
#8444 = ORIENTED_EDGE('',*,*,#8445,.F.);
#8445 = EDGE_CURVE('',#8446,#8420,#8448,.T.);
#8446 = VERTEX_POINT('',#8447);
#8447 = CARTESIAN_POINT('',(-15.5,13.5,89.));
#8448 = SURFACE_CURVE('',#8449,(#8454,#8461),.PCURVE_S1.);
#8449 = CIRCLE('',#8450,5.);
#8450 = AXIS2_PLACEMENT_3D('',#8451,#8452,#8453);
#8451 = CARTESIAN_POINT('',(-15.5,13.5,94.));
#8452 = DIRECTION('',(1.,0.,0.));
#8453 = DIRECTION('',(-0.,0.,1.));
#8454 = PCURVE('',#7558,#8455);
#8455 = DEFINITIONAL_REPRESENTATION('',(#8456),#8460);
#8456 = CIRCLE('',#8457,5.);
#8457 = AXIS2_PLACEMENT_2D('',#8458,#8459);
#8458 = CARTESIAN_POINT('',(10.,-11.));
#8459 = DIRECTION('',(1.,0.));
#8460 = ( GEOMETRIC_REPRESENTATION_CONTEXT(2) 
PARAMETRIC_REPRESENTATION_CONTEXT() REPRESENTATION_CONTEXT('2D SPACE',''
  ) );
#8461 = PCURVE('',#8462,#8467);
#8462 = CYLINDRICAL_SURFACE('',#8463,5.);
#8463 = AXIS2_PLACEMENT_3D('',#8464,#8465,#8466);
#8464 = CARTESIAN_POINT('',(-17.5,13.5,94.));
#8465 = DIRECTION('',(1.,0.,0.));
#8466 = DIRECTION('',(-0.,0.,1.));
#8467 = DEFINITIONAL_REPRESENTATION('',(#8468),#8472);
#8468 = LINE('',#8469,#8470);
#8469 = CARTESIAN_POINT('',(0.,2.));
#8470 = VECTOR('',#8471,1.);
#8471 = DIRECTION('',(1.,0.));
#8472 = ( GEOMETRIC_REPRESENTATION_CONTEXT(2) 
PARAMETRIC_REPRESENTATION_CONTEXT() REPRESENTATION_CONTEXT('2D SPACE',''
  ) );
#8473 = ORIENTED_EDGE('',*,*,#8474,.T.);
#8474 = EDGE_CURVE('',#8446,#8344,#8475,.T.);
#8475 = SURFACE_CURVE('',#8476,(#8480,#8486),.PCURVE_S1.);
#8476 = LINE('',#8477,#8478);
#8477 = CARTESIAN_POINT('',(-15.5,5.,89.));
#8478 = VECTOR('',#8479,1.);
#8479 = DIRECTION('',(0.,-1.,0.));
#8480 = PCURVE('',#7558,#8481);
#8481 = DEFINITIONAL_REPRESENTATION('',(#8482),#8485);
#8482 = B_SPLINE_CURVE_WITH_KNOTS('',1,(#8483,#8484),.UNSPECIFIED.,.F.,
  .F.,(2,2),(-8.5,-2.5),.PIECEWISE_BEZIER_KNOTS.);
#8483 = CARTESIAN_POINT('',(5.,-11.));
#8484 = CARTESIAN_POINT('',(5.,-5.));
#8485 = ( GEOMETRIC_REPRESENTATION_CONTEXT(2) 
PARAMETRIC_REPRESENTATION_CONTEXT() REPRESENTATION_CONTEXT('2D SPACE',''
  ) );
#8486 = PCURVE('',#8487,#8492);
#8487 = PLANE('',#8488);
#8488 = AXIS2_PLACEMENT_3D('',#8489,#8490,#8491);
#8489 = CARTESIAN_POINT('',(-17.5,7.5,89.));
#8490 = DIRECTION('',(0.,0.,1.));
#8491 = DIRECTION('',(1.,0.,0.));
#8492 = DEFINITIONAL_REPRESENTATION('',(#8493),#8496);
#8493 = B_SPLINE_CURVE_WITH_KNOTS('',1,(#8494,#8495),.UNSPECIFIED.,.F.,
  .F.,(2,2),(-8.5,-2.5),.PIECEWISE_BEZIER_KNOTS.);
#8494 = CARTESIAN_POINT('',(2.,6.));
#8495 = CARTESIAN_POINT('',(2.,0.));
#8496 = ( GEOMETRIC_REPRESENTATION_CONTEXT(2) 
PARAMETRIC_REPRESENTATION_CONTEXT() REPRESENTATION_CONTEXT('2D SPACE',''
  ) );
#8497 = ADVANCED_FACE('',(#8498),#7532,.T.);
#8498 = FACE_BOUND('',#8499,.T.);
#8499 = EDGE_LOOP('',(#8500,#8501,#8502,#8525,#8554,#8582,#8606,#8634));
#8500 = ORIENTED_EDGE('',*,*,#7516,.F.);
#8501 = ORIENTED_EDGE('',*,*,#8369,.F.);
#8502 = ORIENTED_EDGE('',*,*,#8503,.T.);
#8503 = EDGE_CURVE('',#8370,#8504,#8506,.T.);
#8504 = VERTEX_POINT('',#8505);
#8505 = CARTESIAN_POINT('',(-14.59833147735,24.,87.));
#8506 = SURFACE_CURVE('',#8507,(#8511,#8518),.PCURVE_S1.);
#8507 = LINE('',#8508,#8509);
#8508 = CARTESIAN_POINT('',(-15.5,24.,87.));
#8509 = VECTOR('',#8510,1.);
#8510 = DIRECTION('',(1.,0.,0.));
#8511 = PCURVE('',#7532,#8512);
#8512 = DEFINITIONAL_REPRESENTATION('',(#8513),#8517);
#8513 = LINE('',#8514,#8515);
#8514 = CARTESIAN_POINT('',(3.,0.));
#8515 = VECTOR('',#8516,1.);
#8516 = DIRECTION('',(0.,1.));
#8517 = ( GEOMETRIC_REPRESENTATION_CONTEXT(2) 
PARAMETRIC_REPRESENTATION_CONTEXT() REPRESENTATION_CONTEXT('2D SPACE',''
  ) );
#8518 = PCURVE('',#8407,#8519);
#8519 = DEFINITIONAL_REPRESENTATION('',(#8520),#8524);
#8520 = LINE('',#8521,#8522);
#8521 = CARTESIAN_POINT('',(-27.5,6.));
#8522 = VECTOR('',#8523,1.);
#8523 = DIRECTION('',(1.,0.));
#8524 = ( GEOMETRIC_REPRESENTATION_CONTEXT(2) 
PARAMETRIC_REPRESENTATION_CONTEXT() REPRESENTATION_CONTEXT('2D SPACE',''
  ) );
#8525 = ORIENTED_EDGE('',*,*,#8526,.F.);
#8526 = EDGE_CURVE('',#8527,#8504,#8529,.T.);
#8527 = VERTEX_POINT('',#8528);
#8528 = CARTESIAN_POINT('',(-13.10166852264,24.,87.));
#8529 = SURFACE_CURVE('',#8530,(#8535,#8542),.PCURVE_S1.);
#8530 = CIRCLE('',#8531,0.9);
#8531 = AXIS2_PLACEMENT_3D('',#8532,#8533,#8534);
#8532 = CARTESIAN_POINT('',(-13.85,24.,86.5));
#8533 = DIRECTION('',(0.,1.,0.));
#8534 = DIRECTION('',(0.,-0.,1.));
#8535 = PCURVE('',#7532,#8536);
#8536 = DEFINITIONAL_REPRESENTATION('',(#8537),#8541);
#8537 = CIRCLE('',#8538,0.9);
#8538 = AXIS2_PLACEMENT_2D('',#8539,#8540);
#8539 = CARTESIAN_POINT('',(2.5,1.65));
#8540 = DIRECTION('',(1.,0.));
#8541 = ( GEOMETRIC_REPRESENTATION_CONTEXT(2) 
PARAMETRIC_REPRESENTATION_CONTEXT() REPRESENTATION_CONTEXT('2D SPACE',''
  ) );
#8542 = PCURVE('',#8543,#8548);
#8543 = CYLINDRICAL_SURFACE('',#8544,0.9);
#8544 = AXIS2_PLACEMENT_3D('',#8545,#8546,#8547);
#8545 = CARTESIAN_POINT('',(-13.85,1.5,86.5));
#8546 = DIRECTION('',(0.,1.,0.));
#8547 = DIRECTION('',(0.,-0.,1.));
#8548 = DEFINITIONAL_REPRESENTATION('',(#8549),#8553);
#8549 = LINE('',#8550,#8551);
#8550 = CARTESIAN_POINT('',(0.,22.5));
#8551 = VECTOR('',#8552,1.);
#8552 = DIRECTION('',(1.,0.));
#8553 = ( GEOMETRIC_REPRESENTATION_CONTEXT(2) 
PARAMETRIC_REPRESENTATION_CONTEXT() REPRESENTATION_CONTEXT('2D SPACE',''
  ) );
#8554 = ORIENTED_EDGE('',*,*,#8555,.T.);
#8555 = EDGE_CURVE('',#8527,#8556,#8558,.T.);
#8556 = VERTEX_POINT('',#8557);
#8557 = CARTESIAN_POINT('',(13.101668522646,24.,87.));
#8558 = SURFACE_CURVE('',#8559,(#8563,#8570),.PCURVE_S1.);
#8559 = LINE('',#8560,#8561);
#8560 = CARTESIAN_POINT('',(-15.5,24.,87.));
#8561 = VECTOR('',#8562,1.);
#8562 = DIRECTION('',(1.,0.,0.));
#8563 = PCURVE('',#7532,#8564);
#8564 = DEFINITIONAL_REPRESENTATION('',(#8565),#8569);
#8565 = LINE('',#8566,#8567);
#8566 = CARTESIAN_POINT('',(3.,0.));
#8567 = VECTOR('',#8568,1.);
#8568 = DIRECTION('',(0.,1.));
#8569 = ( GEOMETRIC_REPRESENTATION_CONTEXT(2) 
PARAMETRIC_REPRESENTATION_CONTEXT() REPRESENTATION_CONTEXT('2D SPACE',''
  ) );
#8570 = PCURVE('',#8571,#8576);
#8571 = PLANE('',#8572);
#8572 = AXIS2_PLACEMENT_3D('',#8573,#8574,#8575);
#8573 = CARTESIAN_POINT('',(12.,18.,87.));
#8574 = DIRECTION('',(0.,0.,1.));
#8575 = DIRECTION('',(1.,0.,0.));
#8576 = DEFINITIONAL_REPRESENTATION('',(#8577),#8581);
#8577 = LINE('',#8578,#8579);
#8578 = CARTESIAN_POINT('',(-27.5,6.));
#8579 = VECTOR('',#8580,1.);
#8580 = DIRECTION('',(1.,0.));
#8581 = ( GEOMETRIC_REPRESENTATION_CONTEXT(2) 
PARAMETRIC_REPRESENTATION_CONTEXT() REPRESENTATION_CONTEXT('2D SPACE',''
  ) );
#8582 = ORIENTED_EDGE('',*,*,#8583,.F.);
#8583 = EDGE_CURVE('',#8584,#8556,#8586,.T.);
#8584 = VERTEX_POINT('',#8585);
#8585 = CARTESIAN_POINT('',(14.598331477354,24.,87.));
#8586 = SURFACE_CURVE('',#8587,(#8592,#8599),.PCURVE_S1.);
#8587 = CIRCLE('',#8588,0.9);
#8588 = AXIS2_PLACEMENT_3D('',#8589,#8590,#8591);
#8589 = CARTESIAN_POINT('',(13.85,24.,86.5));
#8590 = DIRECTION('',(0.,1.,0.));
#8591 = DIRECTION('',(0.,-0.,1.));
#8592 = PCURVE('',#7532,#8593);
#8593 = DEFINITIONAL_REPRESENTATION('',(#8594),#8598);
#8594 = CIRCLE('',#8595,0.9);
#8595 = AXIS2_PLACEMENT_2D('',#8596,#8597);
#8596 = CARTESIAN_POINT('',(2.5,29.35));
#8597 = DIRECTION('',(1.,0.));
#8598 = ( GEOMETRIC_REPRESENTATION_CONTEXT(2) 
PARAMETRIC_REPRESENTATION_CONTEXT() REPRESENTATION_CONTEXT('2D SPACE',''
  ) );
#8599 = PCURVE('',#7955,#8600);
#8600 = DEFINITIONAL_REPRESENTATION('',(#8601),#8605);
#8601 = LINE('',#8602,#8603);
#8602 = CARTESIAN_POINT('',(0.,22.5));
#8603 = VECTOR('',#8604,1.);
#8604 = DIRECTION('',(1.,0.));
#8605 = ( GEOMETRIC_REPRESENTATION_CONTEXT(2) 
PARAMETRIC_REPRESENTATION_CONTEXT() REPRESENTATION_CONTEXT('2D SPACE',''
  ) );
#8606 = ORIENTED_EDGE('',*,*,#8607,.T.);
#8607 = EDGE_CURVE('',#8584,#8608,#8610,.T.);
#8608 = VERTEX_POINT('',#8609);
#8609 = CARTESIAN_POINT('',(15.5,24.,87.));
#8610 = SURFACE_CURVE('',#8611,(#8615,#8622),.PCURVE_S1.);
#8611 = LINE('',#8612,#8613);
#8612 = CARTESIAN_POINT('',(-15.5,24.,87.));
#8613 = VECTOR('',#8614,1.);
#8614 = DIRECTION('',(1.,0.,0.));
#8615 = PCURVE('',#7532,#8616);
#8616 = DEFINITIONAL_REPRESENTATION('',(#8617),#8621);
#8617 = LINE('',#8618,#8619);
#8618 = CARTESIAN_POINT('',(3.,0.));
#8619 = VECTOR('',#8620,1.);
#8620 = DIRECTION('',(0.,1.));
#8621 = ( GEOMETRIC_REPRESENTATION_CONTEXT(2) 
PARAMETRIC_REPRESENTATION_CONTEXT() REPRESENTATION_CONTEXT('2D SPACE',''
  ) );
#8622 = PCURVE('',#8623,#8628);
#8623 = PLANE('',#8624);
#8624 = AXIS2_PLACEMENT_3D('',#8625,#8626,#8627);
#8625 = CARTESIAN_POINT('',(12.,18.,87.));
#8626 = DIRECTION('',(0.,0.,1.));
#8627 = DIRECTION('',(1.,0.,0.));
#8628 = DEFINITIONAL_REPRESENTATION('',(#8629),#8633);
#8629 = LINE('',#8630,#8631);
#8630 = CARTESIAN_POINT('',(-27.5,6.));
#8631 = VECTOR('',#8632,1.);
#8632 = DIRECTION('',(1.,0.));
#8633 = ( GEOMETRIC_REPRESENTATION_CONTEXT(2) 
PARAMETRIC_REPRESENTATION_CONTEXT() REPRESENTATION_CONTEXT('2D SPACE',''
  ) );
#8634 = ORIENTED_EDGE('',*,*,#8635,.F.);
#8635 = EDGE_CURVE('',#7489,#8608,#8636,.T.);
#8636 = SURFACE_CURVE('',#8637,(#8641,#8648),.PCURVE_S1.);
#8637 = LINE('',#8638,#8639);
#8638 = CARTESIAN_POINT('',(15.5,24.,84.));
#8639 = VECTOR('',#8640,1.);
#8640 = DIRECTION('',(0.,0.,1.));
#8641 = PCURVE('',#7532,#8642);
#8642 = DEFINITIONAL_REPRESENTATION('',(#8643),#8647);
#8643 = LINE('',#8644,#8645);
#8644 = CARTESIAN_POINT('',(0.,31.));
#8645 = VECTOR('',#8646,1.);
#8646 = DIRECTION('',(1.,0.));
#8647 = ( GEOMETRIC_REPRESENTATION_CONTEXT(2) 
PARAMETRIC_REPRESENTATION_CONTEXT() REPRESENTATION_CONTEXT('2D SPACE',''
  ) );
#8648 = PCURVE('',#7504,#8649);
#8649 = DEFINITIONAL_REPRESENTATION('',(#8650),#8654);
#8650 = LINE('',#8651,#8652);
#8651 = CARTESIAN_POINT('',(0.,-21.5));
#8652 = VECTOR('',#8653,1.);
#8653 = DIRECTION('',(1.,0.));
#8654 = ( GEOMETRIC_REPRESENTATION_CONTEXT(2) 
PARAMETRIC_REPRESENTATION_CONTEXT() REPRESENTATION_CONTEXT('2D SPACE',''
  ) );
#8655 = ADVANCED_FACE('',(#8656),#7504,.T.);
#8656 = FACE_BOUND('',#8657,.T.);
#8657 = EDGE_LOOP('',(#8658,#8681,#8682,#8683,#8705,#8731,#8760,#8786));
#8658 = ORIENTED_EDGE('',*,*,#8659,.F.);
#8659 = EDGE_CURVE('',#7461,#8660,#8662,.T.);
#8660 = VERTEX_POINT('',#8661);
#8661 = CARTESIAN_POINT('',(15.5,6.,89.230303992915));
#8662 = SURFACE_CURVE('',#8663,(#8667,#8674),.PCURVE_S1.);
#8663 = LINE('',#8664,#8665);
#8664 = CARTESIAN_POINT('',(15.5,6.,84.));
#8665 = VECTOR('',#8666,1.);
#8666 = DIRECTION('',(0.,0.,1.));
#8667 = PCURVE('',#7504,#8668);
#8668 = DEFINITIONAL_REPRESENTATION('',(#8669),#8673);
#8669 = LINE('',#8670,#8671);
#8670 = CARTESIAN_POINT('',(0.,-3.5));
#8671 = VECTOR('',#8672,1.);
#8672 = DIRECTION('',(1.,0.));
#8673 = ( GEOMETRIC_REPRESENTATION_CONTEXT(2) 
PARAMETRIC_REPRESENTATION_CONTEXT() REPRESENTATION_CONTEXT('2D SPACE',''
  ) );
#8674 = PCURVE('',#7476,#8675);
#8675 = DEFINITIONAL_REPRESENTATION('',(#8676),#8680);
#8676 = LINE('',#8677,#8678);
#8677 = CARTESIAN_POINT('',(0.,32.5));
#8678 = VECTOR('',#8679,1.);
#8679 = DIRECTION('',(1.,0.));
#8680 = ( GEOMETRIC_REPRESENTATION_CONTEXT(2) 
PARAMETRIC_REPRESENTATION_CONTEXT() REPRESENTATION_CONTEXT('2D SPACE',''
  ) );
#8681 = ORIENTED_EDGE('',*,*,#7488,.T.);
#8682 = ORIENTED_EDGE('',*,*,#8635,.T.);
#8683 = ORIENTED_EDGE('',*,*,#8684,.T.);
#8684 = EDGE_CURVE('',#8608,#8685,#8687,.T.);
#8685 = VERTEX_POINT('',#8686);
#8686 = CARTESIAN_POINT('',(15.5,18.,87.));
#8687 = SURFACE_CURVE('',#8688,(#8692,#8698),.PCURVE_S1.);
#8688 = LINE('',#8689,#8690);
#8689 = CARTESIAN_POINT('',(15.5,10.25,87.));
#8690 = VECTOR('',#8691,1.);
#8691 = DIRECTION('',(0.,-1.,0.));
#8692 = PCURVE('',#7504,#8693);
#8693 = DEFINITIONAL_REPRESENTATION('',(#8694),#8697);
#8694 = B_SPLINE_CURVE_WITH_KNOTS('',1,(#8695,#8696),.UNSPECIFIED.,.F.,
  .F.,(2,2),(-13.75,-7.75),.PIECEWISE_BEZIER_KNOTS.);
#8695 = CARTESIAN_POINT('',(3.,-21.5));
#8696 = CARTESIAN_POINT('',(3.,-15.5));
#8697 = ( GEOMETRIC_REPRESENTATION_CONTEXT(2) 
PARAMETRIC_REPRESENTATION_CONTEXT() REPRESENTATION_CONTEXT('2D SPACE',''
  ) );
#8698 = PCURVE('',#8623,#8699);
#8699 = DEFINITIONAL_REPRESENTATION('',(#8700),#8704);
#8700 = LINE('',#8701,#8702);
#8701 = CARTESIAN_POINT('',(3.5,-7.75));
#8702 = VECTOR('',#8703,1.);
#8703 = DIRECTION('',(0.,-1.));
#8704 = ( GEOMETRIC_REPRESENTATION_CONTEXT(2) 
PARAMETRIC_REPRESENTATION_CONTEXT() REPRESENTATION_CONTEXT('2D SPACE',''
  ) );
#8705 = ORIENTED_EDGE('',*,*,#8706,.T.);
#8706 = EDGE_CURVE('',#8685,#8707,#8709,.T.);
#8707 = VERTEX_POINT('',#8708);
#8708 = CARTESIAN_POINT('',(15.5,18.,91.82055052823));
#8709 = SURFACE_CURVE('',#8710,(#8714,#8720),.PCURVE_S1.);
#8710 = LINE('',#8711,#8712);
#8711 = CARTESIAN_POINT('',(15.5,18.,85.5));
#8712 = VECTOR('',#8713,1.);
#8713 = DIRECTION('',(0.,0.,1.));
#8714 = PCURVE('',#7504,#8715);
#8715 = DEFINITIONAL_REPRESENTATION('',(#8716),#8719);
#8716 = B_SPLINE_CURVE_WITH_KNOTS('',1,(#8717,#8718),.UNSPECIFIED.,.F.,
  .F.,(2,2),(1.5,15.5),.PIECEWISE_BEZIER_KNOTS.);
#8717 = CARTESIAN_POINT('',(3.,-15.5));
#8718 = CARTESIAN_POINT('',(17.,-15.5));
#8719 = ( GEOMETRIC_REPRESENTATION_CONTEXT(2) 
PARAMETRIC_REPRESENTATION_CONTEXT() REPRESENTATION_CONTEXT('2D SPACE',''
  ) );
#8720 = PCURVE('',#8721,#8726);
#8721 = PLANE('',#8722);
#8722 = AXIS2_PLACEMENT_3D('',#8723,#8724,#8725);
#8723 = CARTESIAN_POINT('',(12.,18.,87.));
#8724 = DIRECTION('',(0.,1.,0.));
#8725 = DIRECTION('',(0.,0.,1.));
#8726 = DEFINITIONAL_REPRESENTATION('',(#8727),#8730);
#8727 = B_SPLINE_CURVE_WITH_KNOTS('',1,(#8728,#8729),.UNSPECIFIED.,.F.,
  .F.,(2,2),(1.5,15.5),.PIECEWISE_BEZIER_KNOTS.);
#8728 = CARTESIAN_POINT('',(0.,3.5));
#8729 = CARTESIAN_POINT('',(14.,3.5));
#8730 = ( GEOMETRIC_REPRESENTATION_CONTEXT(2) 
PARAMETRIC_REPRESENTATION_CONTEXT() REPRESENTATION_CONTEXT('2D SPACE',''
  ) );
#8731 = ORIENTED_EDGE('',*,*,#8732,.F.);
#8732 = EDGE_CURVE('',#8733,#8707,#8735,.T.);
#8733 = VERTEX_POINT('',#8734);
#8734 = CARTESIAN_POINT('',(15.5,13.5,89.));
#8735 = SURFACE_CURVE('',#8736,(#8741,#8748),.PCURVE_S1.);
#8736 = CIRCLE('',#8737,5.);
#8737 = AXIS2_PLACEMENT_3D('',#8738,#8739,#8740);
#8738 = CARTESIAN_POINT('',(15.5,13.5,94.));
#8739 = DIRECTION('',(1.,0.,0.));
#8740 = DIRECTION('',(-0.,0.,1.));
#8741 = PCURVE('',#7504,#8742);
#8742 = DEFINITIONAL_REPRESENTATION('',(#8743),#8747);
#8743 = CIRCLE('',#8744,5.);
#8744 = AXIS2_PLACEMENT_2D('',#8745,#8746);
#8745 = CARTESIAN_POINT('',(10.,-11.));
#8746 = DIRECTION('',(1.,0.));
#8747 = ( GEOMETRIC_REPRESENTATION_CONTEXT(2) 
PARAMETRIC_REPRESENTATION_CONTEXT() REPRESENTATION_CONTEXT('2D SPACE',''
  ) );
#8748 = PCURVE('',#8749,#8754);
#8749 = CYLINDRICAL_SURFACE('',#8750,5.);
#8750 = AXIS2_PLACEMENT_3D('',#8751,#8752,#8753);
#8751 = CARTESIAN_POINT('',(11.5,13.5,94.));
#8752 = DIRECTION('',(1.,0.,0.));
#8753 = DIRECTION('',(-0.,0.,1.));
#8754 = DEFINITIONAL_REPRESENTATION('',(#8755),#8759);
#8755 = LINE('',#8756,#8757);
#8756 = CARTESIAN_POINT('',(0.,4.));
#8757 = VECTOR('',#8758,1.);
#8758 = DIRECTION('',(1.,0.));
#8759 = ( GEOMETRIC_REPRESENTATION_CONTEXT(2) 
PARAMETRIC_REPRESENTATION_CONTEXT() REPRESENTATION_CONTEXT('2D SPACE',''
  ) );
#8760 = ORIENTED_EDGE('',*,*,#8761,.T.);
#8761 = EDGE_CURVE('',#8733,#8762,#8764,.T.);
#8762 = VERTEX_POINT('',#8763);
#8763 = CARTESIAN_POINT('',(15.5,7.5,89.));
#8764 = SURFACE_CURVE('',#8765,(#8769,#8775),.PCURVE_S1.);
#8765 = LINE('',#8766,#8767);
#8766 = CARTESIAN_POINT('',(15.5,5.,89.));
#8767 = VECTOR('',#8768,1.);
#8768 = DIRECTION('',(0.,-1.,0.));
#8769 = PCURVE('',#7504,#8770);
#8770 = DEFINITIONAL_REPRESENTATION('',(#8771),#8774);
#8771 = B_SPLINE_CURVE_WITH_KNOTS('',1,(#8772,#8773),.UNSPECIFIED.,.F.,
  .F.,(2,2),(-8.5,-2.5),.PIECEWISE_BEZIER_KNOTS.);
#8772 = CARTESIAN_POINT('',(5.,-11.));
#8773 = CARTESIAN_POINT('',(5.,-5.));
#8774 = ( GEOMETRIC_REPRESENTATION_CONTEXT(2) 
PARAMETRIC_REPRESENTATION_CONTEXT() REPRESENTATION_CONTEXT('2D SPACE',''
  ) );
#8775 = PCURVE('',#8776,#8781);
#8776 = PLANE('',#8777);
#8777 = AXIS2_PLACEMENT_3D('',#8778,#8779,#8780);
#8778 = CARTESIAN_POINT('',(11.5,7.5,89.));
#8779 = DIRECTION('',(0.,0.,1.));
#8780 = DIRECTION('',(1.,0.,0.));
#8781 = DEFINITIONAL_REPRESENTATION('',(#8782),#8785);
#8782 = B_SPLINE_CURVE_WITH_KNOTS('',1,(#8783,#8784),.UNSPECIFIED.,.F.,
  .F.,(2,2),(-8.5,-2.5),.PIECEWISE_BEZIER_KNOTS.);
#8783 = CARTESIAN_POINT('',(4.,6.));
#8784 = CARTESIAN_POINT('',(4.,0.));
#8785 = ( GEOMETRIC_REPRESENTATION_CONTEXT(2) 
PARAMETRIC_REPRESENTATION_CONTEXT() REPRESENTATION_CONTEXT('2D SPACE',''
  ) );
#8786 = ORIENTED_EDGE('',*,*,#8787,.F.);
#8787 = EDGE_CURVE('',#8660,#8762,#8788,.T.);
#8788 = SURFACE_CURVE('',#8789,(#8794,#8801),.PCURVE_S1.);
#8789 = CIRCLE('',#8790,5.);
#8790 = AXIS2_PLACEMENT_3D('',#8791,#8792,#8793);
#8791 = CARTESIAN_POINT('',(15.5,7.5,94.));
#8792 = DIRECTION('',(1.,0.,0.));
#8793 = DIRECTION('',(-0.,0.,1.));
#8794 = PCURVE('',#7504,#8795);
#8795 = DEFINITIONAL_REPRESENTATION('',(#8796),#8800);
#8796 = CIRCLE('',#8797,5.);
#8797 = AXIS2_PLACEMENT_2D('',#8798,#8799);
#8798 = CARTESIAN_POINT('',(10.,-5.));
#8799 = DIRECTION('',(1.,0.));
#8800 = ( GEOMETRIC_REPRESENTATION_CONTEXT(2) 
PARAMETRIC_REPRESENTATION_CONTEXT() REPRESENTATION_CONTEXT('2D SPACE',''
  ) );
#8801 = PCURVE('',#8802,#8807);
#8802 = CYLINDRICAL_SURFACE('',#8803,5.);
#8803 = AXIS2_PLACEMENT_3D('',#8804,#8805,#8806);
#8804 = CARTESIAN_POINT('',(11.5,7.5,94.));
#8805 = DIRECTION('',(1.,0.,0.));
#8806 = DIRECTION('',(-0.,0.,1.));
#8807 = DEFINITIONAL_REPRESENTATION('',(#8808),#8812);
#8808 = LINE('',#8809,#8810);
#8809 = CARTESIAN_POINT('',(0.,4.));
#8810 = VECTOR('',#8811,1.);
#8811 = DIRECTION('',(1.,0.));
#8812 = ( GEOMETRIC_REPRESENTATION_CONTEXT(2) 
PARAMETRIC_REPRESENTATION_CONTEXT() REPRESENTATION_CONTEXT('2D SPACE',''
  ) );
#8813 = ADVANCED_FACE('',(#8814),#7476,.T.);
#8814 = FACE_BOUND('',#8815,.T.);
#8815 = EDGE_LOOP('',(#8816,#8817,#8818,#8839));
#8816 = ORIENTED_EDGE('',*,*,#7460,.F.);
#8817 = ORIENTED_EDGE('',*,*,#8659,.T.);
#8818 = ORIENTED_EDGE('',*,*,#8819,.T.);
#8819 = EDGE_CURVE('',#8660,#8820,#8822,.T.);
#8820 = VERTEX_POINT('',#8821);
#8821 = CARTESIAN_POINT('',(17.,6.,89.230303992915));
#8822 = SURFACE_CURVE('',#8823,(#8827,#8833),.PCURVE_S1.);
#8823 = LINE('',#8824,#8825);
#8824 = CARTESIAN_POINT('',(11.5,6.,89.230303992915));
#8825 = VECTOR('',#8826,1.);
#8826 = DIRECTION('',(1.,0.,0.));
#8827 = PCURVE('',#7476,#8828);
#8828 = DEFINITIONAL_REPRESENTATION('',(#8829),#8832);
#8829 = B_SPLINE_CURVE_WITH_KNOTS('',1,(#8830,#8831),.UNSPECIFIED.,.F.,
  .F.,(2,2),(3.85,5.65),.PIECEWISE_BEZIER_KNOTS.);
#8830 = CARTESIAN_POINT('',(5.230303992915,32.35));
#8831 = CARTESIAN_POINT('',(5.230303992915,34.15));
#8832 = ( GEOMETRIC_REPRESENTATION_CONTEXT(2) 
PARAMETRIC_REPRESENTATION_CONTEXT() REPRESENTATION_CONTEXT('2D SPACE',''
  ) );
#8833 = PCURVE('',#8802,#8834);
#8834 = DEFINITIONAL_REPRESENTATION('',(#8835),#8838);
#8835 = B_SPLINE_CURVE_WITH_KNOTS('',1,(#8836,#8837),.UNSPECIFIED.,.F.,
  .F.,(2,2),(3.85,5.65),.PIECEWISE_BEZIER_KNOTS.);
#8836 = CARTESIAN_POINT('',(2.836899999574,3.85));
#8837 = CARTESIAN_POINT('',(2.836899999574,5.65));
#8838 = ( GEOMETRIC_REPRESENTATION_CONTEXT(2) 
PARAMETRIC_REPRESENTATION_CONTEXT() REPRESENTATION_CONTEXT('2D SPACE',''
  ) );
#8839 = ORIENTED_EDGE('',*,*,#8840,.F.);
#8840 = EDGE_CURVE('',#7433,#8820,#8841,.T.);
#8841 = SURFACE_CURVE('',#8842,(#8846,#8853),.PCURVE_S1.);
#8842 = LINE('',#8843,#8844);
#8843 = CARTESIAN_POINT('',(17.,6.,84.));
#8844 = VECTOR('',#8845,1.);
#8845 = DIRECTION('',(0.,0.,1.));
#8846 = PCURVE('',#7476,#8847);
#8847 = DEFINITIONAL_REPRESENTATION('',(#8848),#8852);
#8848 = LINE('',#8849,#8850);
#8849 = CARTESIAN_POINT('',(0.,34.));
#8850 = VECTOR('',#8851,1.);
#8851 = DIRECTION('',(1.,0.));
#8852 = ( GEOMETRIC_REPRESENTATION_CONTEXT(2) 
PARAMETRIC_REPRESENTATION_CONTEXT() REPRESENTATION_CONTEXT('2D SPACE',''
  ) );
#8853 = PCURVE('',#7448,#8854);
#8854 = DEFINITIONAL_REPRESENTATION('',(#8855),#8859);
#8855 = LINE('',#8856,#8857);
#8856 = CARTESIAN_POINT('',(0.,-3.5));
#8857 = VECTOR('',#8858,1.);
#8858 = DIRECTION('',(1.,0.));
#8859 = ( GEOMETRIC_REPRESENTATION_CONTEXT(2) 
PARAMETRIC_REPRESENTATION_CONTEXT() REPRESENTATION_CONTEXT('2D SPACE',''
  ) );
#8860 = ADVANCED_FACE('',(#8861),#7448,.T.);
#8861 = FACE_BOUND('',#8862,.T.);
#8862 = EDGE_LOOP('',(#8863,#8864,#8865,#8866));
#8863 = ORIENTED_EDGE('',*,*,#7915,.F.);
#8864 = ORIENTED_EDGE('',*,*,#7432,.T.);
#8865 = ORIENTED_EDGE('',*,*,#8840,.T.);
#8866 = ORIENTED_EDGE('',*,*,#8867,.F.);
#8867 = EDGE_CURVE('',#7808,#8820,#8868,.T.);
#8868 = SURFACE_CURVE('',#8869,(#8874,#8881),.PCURVE_S1.);
#8869 = CIRCLE('',#8870,5.);
#8870 = AXIS2_PLACEMENT_3D('',#8871,#8872,#8873);
#8871 = CARTESIAN_POINT('',(17.,7.5,94.));
#8872 = DIRECTION('',(1.,0.,0.));
#8873 = DIRECTION('',(-0.,0.,1.));
#8874 = PCURVE('',#7448,#8875);
#8875 = DEFINITIONAL_REPRESENTATION('',(#8876),#8880);
#8876 = CIRCLE('',#8877,5.);
#8877 = AXIS2_PLACEMENT_2D('',#8878,#8879);
#8878 = CARTESIAN_POINT('',(10.,-5.));
#8879 = DIRECTION('',(1.,0.));
#8880 = ( GEOMETRIC_REPRESENTATION_CONTEXT(2) 
PARAMETRIC_REPRESENTATION_CONTEXT() REPRESENTATION_CONTEXT('2D SPACE',''
  ) );
#8881 = PCURVE('',#8802,#8882);
#8882 = DEFINITIONAL_REPRESENTATION('',(#8883),#8887);
#8883 = LINE('',#8884,#8885);
#8884 = CARTESIAN_POINT('',(0.,5.5));
#8885 = VECTOR('',#8886,1.);
#8886 = DIRECTION('',(1.,0.));
#8887 = ( GEOMETRIC_REPRESENTATION_CONTEXT(2) 
PARAMETRIC_REPRESENTATION_CONTEXT() REPRESENTATION_CONTEXT('2D SPACE',''
  ) );
#8888 = ADVANCED_FACE('',(#8889),#7657,.F.);
#8889 = FACE_BOUND('',#8890,.F.);
#8890 = EDGE_LOOP('',(#8891,#8922,#8948,#8977,#9004,#9028,#9049,#9071,
    #9072,#9073,#9074,#9097,#9126));
#8891 = ORIENTED_EDGE('',*,*,#8892,.F.);
#8892 = EDGE_CURVE('',#8893,#8895,#8897,.T.);
#8893 = VERTEX_POINT('',#8894);
#8894 = CARTESIAN_POINT('',(-11.5,6.,98.769696007085));
#8895 = VERTEX_POINT('',#8896);
#8896 = CARTESIAN_POINT('',(-11.5,6.,89.230303992915));
#8897 = SURFACE_CURVE('',#8898,(#8903,#8910),.PCURVE_S1.);
#8898 = CIRCLE('',#8899,5.);
#8899 = AXIS2_PLACEMENT_3D('',#8900,#8901,#8902);
#8900 = CARTESIAN_POINT('',(-11.5,7.5,94.));
#8901 = DIRECTION('',(1.,0.,0.));
#8902 = DIRECTION('',(-0.,0.,1.));
#8903 = PCURVE('',#7657,#8904);
#8904 = DEFINITIONAL_REPRESENTATION('',(#8905),#8909);
#8905 = LINE('',#8906,#8907);
#8906 = CARTESIAN_POINT('',(0.,6.));
#8907 = VECTOR('',#8908,1.);
#8908 = DIRECTION('',(1.,0.));
#8909 = ( GEOMETRIC_REPRESENTATION_CONTEXT(2) 
PARAMETRIC_REPRESENTATION_CONTEXT() REPRESENTATION_CONTEXT('2D SPACE',''
  ) );
#8910 = PCURVE('',#8911,#8916);
#8911 = PLANE('',#8912);
#8912 = AXIS2_PLACEMENT_3D('',#8913,#8914,#8915);
#8913 = CARTESIAN_POINT('',(-11.5,7.5,89.));
#8914 = DIRECTION('',(1.,0.,0.));
#8915 = DIRECTION('',(0.,0.,1.));
#8916 = DEFINITIONAL_REPRESENTATION('',(#8917),#8921);
#8917 = CIRCLE('',#8918,5.);
#8918 = AXIS2_PLACEMENT_2D('',#8919,#8920);
#8919 = CARTESIAN_POINT('',(5.,0.));
#8920 = DIRECTION('',(1.,0.));
#8921 = ( GEOMETRIC_REPRESENTATION_CONTEXT(2) 
PARAMETRIC_REPRESENTATION_CONTEXT() REPRESENTATION_CONTEXT('2D SPACE',''
  ) );
#8922 = ORIENTED_EDGE('',*,*,#8923,.F.);
#8923 = EDGE_CURVE('',#8924,#8893,#8926,.T.);
#8924 = VERTEX_POINT('',#8925);
#8925 = CARTESIAN_POINT('',(-12.2,6.,98.769696007085));
#8926 = SURFACE_CURVE('',#8927,(#8931,#8937),.PCURVE_S1.);
#8927 = LINE('',#8928,#8929);
#8928 = CARTESIAN_POINT('',(-17.5,6.,98.769696007085));
#8929 = VECTOR('',#8930,1.);
#8930 = DIRECTION('',(1.,0.,0.));
#8931 = PCURVE('',#7657,#8932);
#8932 = DEFINITIONAL_REPRESENTATION('',(#8933),#8936);
#8933 = B_SPLINE_CURVE_WITH_KNOTS('',1,(#8934,#8935),.UNSPECIFIED.,.F.,
  .F.,(2,2),(2.86,6.0000006),.PIECEWISE_BEZIER_KNOTS.);
#8934 = CARTESIAN_POINT('',(0.304692654015,2.86));
#8935 = CARTESIAN_POINT('',(0.304692654015,6.0000006));
#8936 = ( GEOMETRIC_REPRESENTATION_CONTEXT(2) 
PARAMETRIC_REPRESENTATION_CONTEXT() REPRESENTATION_CONTEXT('2D SPACE',''
  ) );
#8937 = PCURVE('',#8938,#8943);
#8938 = PLANE('',#8939);
#8939 = AXIS2_PLACEMENT_3D('',#8940,#8941,#8942);
#8940 = CARTESIAN_POINT('',(-17.,6.,84.));
#8941 = DIRECTION('',(0.,1.,0.));
#8942 = DIRECTION('',(0.,0.,1.));
#8943 = DEFINITIONAL_REPRESENTATION('',(#8944),#8947);
#8944 = B_SPLINE_CURVE_WITH_KNOTS('',1,(#8945,#8946),.UNSPECIFIED.,.F.,
  .F.,(2,2),(2.86,6.0000006),.PIECEWISE_BEZIER_KNOTS.);
#8945 = CARTESIAN_POINT('',(14.769696007085,2.36));
#8946 = CARTESIAN_POINT('',(14.769696007085,5.5000006));
#8947 = ( GEOMETRIC_REPRESENTATION_CONTEXT(2) 
PARAMETRIC_REPRESENTATION_CONTEXT() REPRESENTATION_CONTEXT('2D SPACE',''
  ) );
#8948 = ORIENTED_EDGE('',*,*,#8949,.F.);
#8949 = EDGE_CURVE('',#8950,#8924,#8952,.T.);
#8950 = VERTEX_POINT('',#8951);
#8951 = CARTESIAN_POINT('',(-12.2,7.5,99.));
#8952 = SURFACE_CURVE('',#8953,(#8958,#8965),.PCURVE_S1.);
#8953 = CIRCLE('',#8954,5.);
#8954 = AXIS2_PLACEMENT_3D('',#8955,#8956,#8957);
#8955 = CARTESIAN_POINT('',(-12.2,7.5,94.));
#8956 = DIRECTION('',(1.,0.,0.));
#8957 = DIRECTION('',(-0.,0.,1.));
#8958 = PCURVE('',#7657,#8959);
#8959 = DEFINITIONAL_REPRESENTATION('',(#8960),#8964);
#8960 = LINE('',#8961,#8962);
#8961 = CARTESIAN_POINT('',(0.,5.3));
#8962 = VECTOR('',#8963,1.);
#8963 = DIRECTION('',(1.,0.));
#8964 = ( GEOMETRIC_REPRESENTATION_CONTEXT(2) 
PARAMETRIC_REPRESENTATION_CONTEXT() REPRESENTATION_CONTEXT('2D SPACE',''
  ) );
#8965 = PCURVE('',#8966,#8971);
#8966 = PLANE('',#8967);
#8967 = AXIS2_PLACEMENT_3D('',#8968,#8969,#8970);
#8968 = CARTESIAN_POINT('',(-12.2,2.5,84.));
#8969 = DIRECTION('',(1.,0.,0.));
#8970 = DIRECTION('',(0.,0.,1.));
#8971 = DEFINITIONAL_REPRESENTATION('',(#8972),#8976);
#8972 = CIRCLE('',#8973,5.);
#8973 = AXIS2_PLACEMENT_2D('',#8974,#8975);
#8974 = CARTESIAN_POINT('',(10.,-5.));
#8975 = DIRECTION('',(1.,0.));
#8976 = ( GEOMETRIC_REPRESENTATION_CONTEXT(2) 
PARAMETRIC_REPRESENTATION_CONTEXT() REPRESENTATION_CONTEXT('2D SPACE',''
  ) );
#8977 = ORIENTED_EDGE('',*,*,#8978,.F.);
#8978 = EDGE_CURVE('',#8979,#8950,#8981,.T.);
#8979 = VERTEX_POINT('',#8980);
#8980 = CARTESIAN_POINT('',(-15.5,7.5,99.));
#8981 = SURFACE_CURVE('',#8982,(#8986,#8992),.PCURVE_S1.);
#8982 = LINE('',#8983,#8984);
#8983 = CARTESIAN_POINT('',(-17.5,7.5,99.));
#8984 = VECTOR('',#8985,1.);
#8985 = DIRECTION('',(1.,0.,0.));
#8986 = PCURVE('',#7657,#8987);
#8987 = DEFINITIONAL_REPRESENTATION('',(#8988),#8991);
#8988 = B_SPLINE_CURVE_WITH_KNOTS('',1,(#8989,#8990),.UNSPECIFIED.,.F.,
  .F.,(2,2),(0.,6.),.PIECEWISE_BEZIER_KNOTS.);
#8989 = CARTESIAN_POINT('',(0.,0.));
#8990 = CARTESIAN_POINT('',(0.,6.));
#8991 = ( GEOMETRIC_REPRESENTATION_CONTEXT(2) 
PARAMETRIC_REPRESENTATION_CONTEXT() REPRESENTATION_CONTEXT('2D SPACE',''
  ) );
#8992 = PCURVE('',#8993,#8998);
#8993 = PLANE('',#8994);
#8994 = AXIS2_PLACEMENT_3D('',#8995,#8996,#8997);
#8995 = CARTESIAN_POINT('',(-17.5,7.5,99.));
#8996 = DIRECTION('',(0.,0.,1.));
#8997 = DIRECTION('',(1.,0.,0.));
#8998 = DEFINITIONAL_REPRESENTATION('',(#8999),#9003);
#8999 = LINE('',#9000,#9001);
#9000 = CARTESIAN_POINT('',(0.,0.));
#9001 = VECTOR('',#9002,1.);
#9002 = DIRECTION('',(1.,0.));
#9003 = ( GEOMETRIC_REPRESENTATION_CONTEXT(2) 
PARAMETRIC_REPRESENTATION_CONTEXT() REPRESENTATION_CONTEXT('2D SPACE',''
  ) );
#9004 = ORIENTED_EDGE('',*,*,#9005,.T.);
#9005 = EDGE_CURVE('',#8979,#9006,#9008,.T.);
#9006 = VERTEX_POINT('',#9007);
#9007 = CARTESIAN_POINT('',(-15.5,6.,98.769696007085));
#9008 = SURFACE_CURVE('',#9009,(#9014,#9021),.PCURVE_S1.);
#9009 = CIRCLE('',#9010,5.);
#9010 = AXIS2_PLACEMENT_3D('',#9011,#9012,#9013);
#9011 = CARTESIAN_POINT('',(-15.5,7.5,94.));
#9012 = DIRECTION('',(1.,0.,0.));
#9013 = DIRECTION('',(-0.,0.,1.));
#9014 = PCURVE('',#7657,#9015);
#9015 = DEFINITIONAL_REPRESENTATION('',(#9016),#9020);
#9016 = LINE('',#9017,#9018);
#9017 = CARTESIAN_POINT('',(0.,2.));
#9018 = VECTOR('',#9019,1.);
#9019 = DIRECTION('',(1.,0.));
#9020 = ( GEOMETRIC_REPRESENTATION_CONTEXT(2) 
PARAMETRIC_REPRESENTATION_CONTEXT() REPRESENTATION_CONTEXT('2D SPACE',''
  ) );
#9021 = PCURVE('',#8192,#9022);
#9022 = DEFINITIONAL_REPRESENTATION('',(#9023),#9027);
#9023 = CIRCLE('',#9024,5.);
#9024 = AXIS2_PLACEMENT_2D('',#9025,#9026);
#9025 = CARTESIAN_POINT('',(10.,-5.));
#9026 = DIRECTION('',(1.,0.));
#9027 = ( GEOMETRIC_REPRESENTATION_CONTEXT(2) 
PARAMETRIC_REPRESENTATION_CONTEXT() REPRESENTATION_CONTEXT('2D SPACE',''
  ) );
#9028 = ORIENTED_EDGE('',*,*,#9029,.F.);
#9029 = EDGE_CURVE('',#9030,#9006,#9032,.T.);
#9030 = VERTEX_POINT('',#9031);
#9031 = CARTESIAN_POINT('',(-17.,6.,98.769696007085));
#9032 = SURFACE_CURVE('',#9033,(#9037,#9043),.PCURVE_S1.);
#9033 = LINE('',#9034,#9035);
#9034 = CARTESIAN_POINT('',(-17.5,6.,98.769696007085));
#9035 = VECTOR('',#9036,1.);
#9036 = DIRECTION('',(1.,0.,0.));
#9037 = PCURVE('',#7657,#9038);
#9038 = DEFINITIONAL_REPRESENTATION('',(#9039),#9042);
#9039 = B_SPLINE_CURVE_WITH_KNOTS('',1,(#9040,#9041),.UNSPECIFIED.,.F.,
  .F.,(2,2),(0.35,2.15),.PIECEWISE_BEZIER_KNOTS.);
#9040 = CARTESIAN_POINT('',(0.304692654015,0.35));
#9041 = CARTESIAN_POINT('',(0.304692654015,2.15));
#9042 = ( GEOMETRIC_REPRESENTATION_CONTEXT(2) 
PARAMETRIC_REPRESENTATION_CONTEXT() REPRESENTATION_CONTEXT('2D SPACE',''
  ) );
#9043 = PCURVE('',#7988,#9044);
#9044 = DEFINITIONAL_REPRESENTATION('',(#9045),#9048);
#9045 = B_SPLINE_CURVE_WITH_KNOTS('',1,(#9046,#9047),.UNSPECIFIED.,.F.,
  .F.,(2,2),(0.35,2.15),.PIECEWISE_BEZIER_KNOTS.);
#9046 = CARTESIAN_POINT('',(14.769696007085,-0.15));
#9047 = CARTESIAN_POINT('',(14.769696007085,1.65));
#9048 = ( GEOMETRIC_REPRESENTATION_CONTEXT(2) 
PARAMETRIC_REPRESENTATION_CONTEXT() REPRESENTATION_CONTEXT('2D SPACE',''
  ) );
#9049 = ORIENTED_EDGE('',*,*,#9050,.T.);
#9050 = EDGE_CURVE('',#9030,#7576,#9051,.T.);
#9051 = SURFACE_CURVE('',#9052,(#9057,#9064),.PCURVE_S1.);
#9052 = CIRCLE('',#9053,5.);
#9053 = AXIS2_PLACEMENT_3D('',#9054,#9055,#9056);
#9054 = CARTESIAN_POINT('',(-17.,7.5,94.));
#9055 = DIRECTION('',(1.,0.,0.));
#9056 = DIRECTION('',(-0.,0.,1.));
#9057 = PCURVE('',#7657,#9058);
#9058 = DEFINITIONAL_REPRESENTATION('',(#9059),#9063);
#9059 = LINE('',#9060,#9061);
#9060 = CARTESIAN_POINT('',(0.,0.5));
#9061 = VECTOR('',#9062,1.);
#9062 = DIRECTION('',(1.,0.));
#9063 = ( GEOMETRIC_REPRESENTATION_CONTEXT(2) 
PARAMETRIC_REPRESENTATION_CONTEXT() REPRESENTATION_CONTEXT('2D SPACE',''
  ) );
#9064 = PCURVE('',#8016,#9065);
#9065 = DEFINITIONAL_REPRESENTATION('',(#9066),#9070);
#9066 = CIRCLE('',#9067,5.);
#9067 = AXIS2_PLACEMENT_2D('',#9068,#9069);
#9068 = CARTESIAN_POINT('',(10.,-5.));
#9069 = DIRECTION('',(1.,0.));
#9070 = ( GEOMETRIC_REPRESENTATION_CONTEXT(2) 
PARAMETRIC_REPRESENTATION_CONTEXT() REPRESENTATION_CONTEXT('2D SPACE',''
  ) );
#9071 = ORIENTED_EDGE('',*,*,#7642,.T.);
#9072 = ORIENTED_EDGE('',*,*,#8298,.T.);
#9073 = ORIENTED_EDGE('',*,*,#8343,.T.);
#9074 = ORIENTED_EDGE('',*,*,#9075,.T.);
#9075 = EDGE_CURVE('',#8344,#9076,#9078,.T.);
#9076 = VERTEX_POINT('',#9077);
#9077 = CARTESIAN_POINT('',(-12.2,7.5,89.));
#9078 = SURFACE_CURVE('',#9079,(#9083,#9090),.PCURVE_S1.);
#9079 = LINE('',#9080,#9081);
#9080 = CARTESIAN_POINT('',(-17.5,7.5,89.));
#9081 = VECTOR('',#9082,1.);
#9082 = DIRECTION('',(1.,0.,0.));
#9083 = PCURVE('',#7657,#9084);
#9084 = DEFINITIONAL_REPRESENTATION('',(#9085),#9089);
#9085 = LINE('',#9086,#9087);
#9086 = CARTESIAN_POINT('',(3.14159265359,0.));
#9087 = VECTOR('',#9088,1.);
#9088 = DIRECTION('',(0.,1.));
#9089 = ( GEOMETRIC_REPRESENTATION_CONTEXT(2) 
PARAMETRIC_REPRESENTATION_CONTEXT() REPRESENTATION_CONTEXT('2D SPACE',''
  ) );
#9090 = PCURVE('',#8487,#9091);
#9091 = DEFINITIONAL_REPRESENTATION('',(#9092),#9096);
#9092 = LINE('',#9093,#9094);
#9093 = CARTESIAN_POINT('',(0.,0.));
#9094 = VECTOR('',#9095,1.);
#9095 = DIRECTION('',(1.,0.));
#9096 = ( GEOMETRIC_REPRESENTATION_CONTEXT(2) 
PARAMETRIC_REPRESENTATION_CONTEXT() REPRESENTATION_CONTEXT('2D SPACE',''
  ) );
#9097 = ORIENTED_EDGE('',*,*,#9098,.F.);
#9098 = EDGE_CURVE('',#9099,#9076,#9101,.T.);
#9099 = VERTEX_POINT('',#9100);
#9100 = CARTESIAN_POINT('',(-12.2,6.,89.230303992915));
#9101 = SURFACE_CURVE('',#9102,(#9107,#9114),.PCURVE_S1.);
#9102 = CIRCLE('',#9103,5.);
#9103 = AXIS2_PLACEMENT_3D('',#9104,#9105,#9106);
#9104 = CARTESIAN_POINT('',(-12.2,7.5,94.));
#9105 = DIRECTION('',(1.,0.,0.));
#9106 = DIRECTION('',(-0.,0.,1.));
#9107 = PCURVE('',#7657,#9108);
#9108 = DEFINITIONAL_REPRESENTATION('',(#9109),#9113);
#9109 = LINE('',#9110,#9111);
#9110 = CARTESIAN_POINT('',(0.,5.3));
#9111 = VECTOR('',#9112,1.);
#9112 = DIRECTION('',(1.,0.));
#9113 = ( GEOMETRIC_REPRESENTATION_CONTEXT(2) 
PARAMETRIC_REPRESENTATION_CONTEXT() REPRESENTATION_CONTEXT('2D SPACE',''
  ) );
#9114 = PCURVE('',#9115,#9120);
#9115 = PLANE('',#9116);
#9116 = AXIS2_PLACEMENT_3D('',#9117,#9118,#9119);
#9117 = CARTESIAN_POINT('',(-12.2,2.5,84.));
#9118 = DIRECTION('',(1.,0.,0.));
#9119 = DIRECTION('',(0.,0.,1.));
#9120 = DEFINITIONAL_REPRESENTATION('',(#9121),#9125);
#9121 = CIRCLE('',#9122,5.);
#9122 = AXIS2_PLACEMENT_2D('',#9123,#9124);
#9123 = CARTESIAN_POINT('',(10.,-5.));
#9124 = DIRECTION('',(1.,0.));
#9125 = ( GEOMETRIC_REPRESENTATION_CONTEXT(2) 
PARAMETRIC_REPRESENTATION_CONTEXT() REPRESENTATION_CONTEXT('2D SPACE',''
  ) );
#9126 = ORIENTED_EDGE('',*,*,#9127,.T.);
#9127 = EDGE_CURVE('',#9099,#8895,#9128,.T.);
#9128 = SURFACE_CURVE('',#9129,(#9133,#9139),.PCURVE_S1.);
#9129 = LINE('',#9130,#9131);
#9130 = CARTESIAN_POINT('',(-17.5,6.,89.230303992915));
#9131 = VECTOR('',#9132,1.);
#9132 = DIRECTION('',(1.,0.,0.));
#9133 = PCURVE('',#7657,#9134);
#9134 = DEFINITIONAL_REPRESENTATION('',(#9135),#9138);
#9135 = B_SPLINE_CURVE_WITH_KNOTS('',1,(#9136,#9137),.UNSPECIFIED.,.F.,
  .F.,(2,2),(2.86,6.0000006),.PIECEWISE_BEZIER_KNOTS.);
#9136 = CARTESIAN_POINT('',(2.836899999574,2.86));
#9137 = CARTESIAN_POINT('',(2.836899999574,6.0000006));
#9138 = ( GEOMETRIC_REPRESENTATION_CONTEXT(2) 
PARAMETRIC_REPRESENTATION_CONTEXT() REPRESENTATION_CONTEXT('2D SPACE',''
  ) );
#9139 = PCURVE('',#8938,#9140);
#9140 = DEFINITIONAL_REPRESENTATION('',(#9141),#9144);
#9141 = B_SPLINE_CURVE_WITH_KNOTS('',1,(#9142,#9143),.UNSPECIFIED.,.F.,
  .F.,(2,2),(2.86,6.0000006),.PIECEWISE_BEZIER_KNOTS.);
#9142 = CARTESIAN_POINT('',(5.230303992915,2.36));
#9143 = CARTESIAN_POINT('',(5.230303992915,5.5000006));
#9144 = ( GEOMETRIC_REPRESENTATION_CONTEXT(2) 
PARAMETRIC_REPRESENTATION_CONTEXT() REPRESENTATION_CONTEXT('2D SPACE',''
  ) );
#9145 = ADVANCED_FACE('',(#9146),#7866,.T.);
#9146 = FACE_BOUND('',#9147,.T.);
#9147 = EDGE_LOOP('',(#9148,#9149,#9173,#9194));
#9148 = ORIENTED_EDGE('',*,*,#7852,.F.);
#9149 = ORIENTED_EDGE('',*,*,#9150,.F.);
#9150 = EDGE_CURVE('',#9151,#7808,#9153,.T.);
#9151 = VERTEX_POINT('',#9152);
#9152 = CARTESIAN_POINT('',(17.,6.,98.769696007085));
#9153 = SURFACE_CURVE('',#9154,(#9159,#9166),.PCURVE_S1.);
#9154 = CIRCLE('',#9155,5.);
#9155 = AXIS2_PLACEMENT_3D('',#9156,#9157,#9158);
#9156 = CARTESIAN_POINT('',(17.,7.5,94.));
#9157 = DIRECTION('',(1.,0.,0.));
#9158 = DIRECTION('',(-0.,0.,1.));
#9159 = PCURVE('',#7866,#9160);
#9160 = DEFINITIONAL_REPRESENTATION('',(#9161),#9165);
#9161 = CIRCLE('',#9162,5.);
#9162 = AXIS2_PLACEMENT_2D('',#9163,#9164);
#9163 = CARTESIAN_POINT('',(10.,-5.));
#9164 = DIRECTION('',(1.,0.));
#9165 = ( GEOMETRIC_REPRESENTATION_CONTEXT(2) 
PARAMETRIC_REPRESENTATION_CONTEXT() REPRESENTATION_CONTEXT('2D SPACE',''
  ) );
#9166 = PCURVE('',#8802,#9167);
#9167 = DEFINITIONAL_REPRESENTATION('',(#9168),#9172);
#9168 = LINE('',#9169,#9170);
#9169 = CARTESIAN_POINT('',(0.,5.5));
#9170 = VECTOR('',#9171,1.);
#9171 = DIRECTION('',(1.,0.));
#9172 = ( GEOMETRIC_REPRESENTATION_CONTEXT(2) 
PARAMETRIC_REPRESENTATION_CONTEXT() REPRESENTATION_CONTEXT('2D SPACE',''
  ) );
#9173 = ORIENTED_EDGE('',*,*,#9174,.T.);
#9174 = EDGE_CURVE('',#9151,#8072,#9175,.T.);
#9175 = SURFACE_CURVE('',#9176,(#9180,#9187),.PCURVE_S1.);
#9176 = LINE('',#9177,#9178);
#9177 = CARTESIAN_POINT('',(17.,6.,84.));
#9178 = VECTOR('',#9179,1.);
#9179 = DIRECTION('',(0.,0.,1.));
#9180 = PCURVE('',#7866,#9181);
#9181 = DEFINITIONAL_REPRESENTATION('',(#9182),#9186);
#9182 = LINE('',#9183,#9184);
#9183 = CARTESIAN_POINT('',(0.,-3.5));
#9184 = VECTOR('',#9185,1.);
#9185 = DIRECTION('',(1.,0.));
#9186 = ( GEOMETRIC_REPRESENTATION_CONTEXT(2) 
PARAMETRIC_REPRESENTATION_CONTEXT() REPRESENTATION_CONTEXT('2D SPACE',''
  ) );
#9187 = PCURVE('',#8110,#9188);
#9188 = DEFINITIONAL_REPRESENTATION('',(#9189),#9193);
#9189 = LINE('',#9190,#9191);
#9190 = CARTESIAN_POINT('',(0.,34.));
#9191 = VECTOR('',#9192,1.);
#9192 = DIRECTION('',(1.,0.));
#9193 = ( GEOMETRIC_REPRESENTATION_CONTEXT(2) 
PARAMETRIC_REPRESENTATION_CONTEXT() REPRESENTATION_CONTEXT('2D SPACE',''
  ) );
#9194 = ORIENTED_EDGE('',*,*,#8071,.F.);
#9195 = ADVANCED_FACE('',(#9196),#7897,.F.);
#9196 = FACE_BOUND('',#9197,.F.);
#9197 = EDGE_LOOP('',(#9198,#9224,#9245,#9246,#9247,#9271,#9297,#9326));
#9198 = ORIENTED_EDGE('',*,*,#9199,.F.);
#9199 = EDGE_CURVE('',#9200,#9202,#9204,.T.);
#9200 = VERTEX_POINT('',#9201);
#9201 = CARTESIAN_POINT('',(13.85,24.,102.4));
#9202 = VERTEX_POINT('',#9203);
#9203 = CARTESIAN_POINT('',(14.598331477353,24.,101.));
#9204 = SURFACE_CURVE('',#9205,(#9210,#9217),.PCURVE_S1.);
#9205 = CIRCLE('',#9206,0.9);
#9206 = AXIS2_PLACEMENT_3D('',#9207,#9208,#9209);
#9207 = CARTESIAN_POINT('',(13.85,24.,101.5));
#9208 = DIRECTION('',(0.,1.,0.));
#9209 = DIRECTION('',(0.,-0.,1.));
#9210 = PCURVE('',#7897,#9211);
#9211 = DEFINITIONAL_REPRESENTATION('',(#9212),#9216);
#9212 = LINE('',#9213,#9214);
#9213 = CARTESIAN_POINT('',(0.,22.5));
#9214 = VECTOR('',#9215,1.);
#9215 = DIRECTION('',(1.,0.));
#9216 = ( GEOMETRIC_REPRESENTATION_CONTEXT(2) 
PARAMETRIC_REPRESENTATION_CONTEXT() REPRESENTATION_CONTEXT('2D SPACE',''
  ) );
#9217 = PCURVE('',#8166,#9218);
#9218 = DEFINITIONAL_REPRESENTATION('',(#9219),#9223);
#9219 = CIRCLE('',#9220,0.9);
#9220 = AXIS2_PLACEMENT_2D('',#9221,#9222);
#9221 = CARTESIAN_POINT('',(17.5,29.35));
#9222 = DIRECTION('',(1.,0.));
#9223 = ( GEOMETRIC_REPRESENTATION_CONTEXT(2) 
PARAMETRIC_REPRESENTATION_CONTEXT() REPRESENTATION_CONTEXT('2D SPACE',''
  ) );
#9224 = ORIENTED_EDGE('',*,*,#9225,.F.);
#9225 = EDGE_CURVE('',#7881,#9200,#9226,.T.);
#9226 = SEAM_CURVE('',#9227,(#9231,#9238),.PCURVE_S1.);
#9227 = LINE('',#9228,#9229);
#9228 = CARTESIAN_POINT('',(13.85,1.5,102.4));
#9229 = VECTOR('',#9230,1.);
#9230 = DIRECTION('',(0.,1.,0.));
#9231 = PCURVE('',#7897,#9232);
#9232 = DEFINITIONAL_REPRESENTATION('',(#9233),#9237);
#9233 = LINE('',#9234,#9235);
#9234 = CARTESIAN_POINT('',(6.28318530718,-0.));
#9235 = VECTOR('',#9236,1.);
#9236 = DIRECTION('',(0.,1.));
#9237 = ( GEOMETRIC_REPRESENTATION_CONTEXT(2) 
PARAMETRIC_REPRESENTATION_CONTEXT() REPRESENTATION_CONTEXT('2D SPACE',''
  ) );
#9238 = PCURVE('',#7897,#9239);
#9239 = DEFINITIONAL_REPRESENTATION('',(#9240),#9244);
#9240 = LINE('',#9241,#9242);
#9241 = CARTESIAN_POINT('',(0.,-0.));
#9242 = VECTOR('',#9243,1.);
#9243 = DIRECTION('',(0.,1.));
#9244 = ( GEOMETRIC_REPRESENTATION_CONTEXT(2) 
PARAMETRIC_REPRESENTATION_CONTEXT() REPRESENTATION_CONTEXT('2D SPACE',''
  ) );
#9245 = ORIENTED_EDGE('',*,*,#7880,.T.);
#9246 = ORIENTED_EDGE('',*,*,#9225,.T.);
#9247 = ORIENTED_EDGE('',*,*,#9248,.F.);
#9248 = EDGE_CURVE('',#9249,#9200,#9251,.T.);
#9249 = VERTEX_POINT('',#9250);
#9250 = CARTESIAN_POINT('',(13.101668522647,24.,101.));
#9251 = SURFACE_CURVE('',#9252,(#9257,#9264),.PCURVE_S1.);
#9252 = CIRCLE('',#9253,0.9);
#9253 = AXIS2_PLACEMENT_3D('',#9254,#9255,#9256);
#9254 = CARTESIAN_POINT('',(13.85,24.,101.5));
#9255 = DIRECTION('',(0.,1.,0.));
#9256 = DIRECTION('',(0.,-0.,1.));
#9257 = PCURVE('',#7897,#9258);
#9258 = DEFINITIONAL_REPRESENTATION('',(#9259),#9263);
#9259 = LINE('',#9260,#9261);
#9260 = CARTESIAN_POINT('',(0.,22.5));
#9261 = VECTOR('',#9262,1.);
#9262 = DIRECTION('',(1.,0.));
#9263 = ( GEOMETRIC_REPRESENTATION_CONTEXT(2) 
PARAMETRIC_REPRESENTATION_CONTEXT() REPRESENTATION_CONTEXT('2D SPACE',''
  ) );
#9264 = PCURVE('',#8166,#9265);
#9265 = DEFINITIONAL_REPRESENTATION('',(#9266),#9270);
#9266 = CIRCLE('',#9267,0.9);
#9267 = AXIS2_PLACEMENT_2D('',#9268,#9269);
#9268 = CARTESIAN_POINT('',(17.5,29.35));
#9269 = DIRECTION('',(1.,0.));
#9270 = ( GEOMETRIC_REPRESENTATION_CONTEXT(2) 
PARAMETRIC_REPRESENTATION_CONTEXT() REPRESENTATION_CONTEXT('2D SPACE',''
  ) );
#9271 = ORIENTED_EDGE('',*,*,#9272,.F.);
#9272 = EDGE_CURVE('',#9273,#9249,#9275,.T.);
#9273 = VERTEX_POINT('',#9274);
#9274 = CARTESIAN_POINT('',(13.101668522645,18.,101.));
#9275 = SURFACE_CURVE('',#9276,(#9280,#9286),.PCURVE_S1.);
#9276 = LINE('',#9277,#9278);
#9277 = CARTESIAN_POINT('',(13.101668522645,1.5,101.));
#9278 = VECTOR('',#9279,1.);
#9279 = DIRECTION('',(0.,1.,0.));
#9280 = PCURVE('',#7897,#9281);
#9281 = DEFINITIONAL_REPRESENTATION('',(#9282),#9285);
#9282 = B_SPLINE_CURVE_WITH_KNOTS('',1,(#9283,#9284),.UNSPECIFIED.,.F.,
  .F.,(2,2),(2.7,23.0000006),.PIECEWISE_BEZIER_KNOTS.);
#9283 = CARTESIAN_POINT('',(4.123358010168,2.7));
#9284 = CARTESIAN_POINT('',(4.123358010168,23.0000006));
#9285 = ( GEOMETRIC_REPRESENTATION_CONTEXT(2) 
PARAMETRIC_REPRESENTATION_CONTEXT() REPRESENTATION_CONTEXT('2D SPACE',''
  ) );
#9286 = PCURVE('',#9287,#9292);
#9287 = PLANE('',#9288);
#9288 = AXIS2_PLACEMENT_3D('',#9289,#9290,#9291);
#9289 = CARTESIAN_POINT('',(12.,18.,101.));
#9290 = DIRECTION('',(0.,0.,1.));
#9291 = DIRECTION('',(1.,0.,0.));
#9292 = DEFINITIONAL_REPRESENTATION('',(#9293),#9296);
#9293 = B_SPLINE_CURVE_WITH_KNOTS('',1,(#9294,#9295),.UNSPECIFIED.,.F.,
  .F.,(2,2),(2.7,23.0000006),.PIECEWISE_BEZIER_KNOTS.);
#9294 = CARTESIAN_POINT('',(1.101668522645,-13.8));
#9295 = CARTESIAN_POINT('',(1.101668522645,6.5000006));
#9296 = ( GEOMETRIC_REPRESENTATION_CONTEXT(2) 
PARAMETRIC_REPRESENTATION_CONTEXT() REPRESENTATION_CONTEXT('2D SPACE',''
  ) );
#9297 = ORIENTED_EDGE('',*,*,#9298,.F.);
#9298 = EDGE_CURVE('',#9299,#9273,#9301,.T.);
#9299 = VERTEX_POINT('',#9300);
#9300 = CARTESIAN_POINT('',(14.598331477355,18.,101.));
#9301 = SURFACE_CURVE('',#9302,(#9307,#9314),.PCURVE_S1.);
#9302 = CIRCLE('',#9303,0.9);
#9303 = AXIS2_PLACEMENT_3D('',#9304,#9305,#9306);
#9304 = CARTESIAN_POINT('',(13.85,18.,101.5));
#9305 = DIRECTION('',(0.,1.,0.));
#9306 = DIRECTION('',(0.,-0.,1.));
#9307 = PCURVE('',#7897,#9308);
#9308 = DEFINITIONAL_REPRESENTATION('',(#9309),#9313);
#9309 = LINE('',#9310,#9311);
#9310 = CARTESIAN_POINT('',(0.,16.5));
#9311 = VECTOR('',#9312,1.);
#9312 = DIRECTION('',(1.,0.));
#9313 = ( GEOMETRIC_REPRESENTATION_CONTEXT(2) 
PARAMETRIC_REPRESENTATION_CONTEXT() REPRESENTATION_CONTEXT('2D SPACE',''
  ) );
#9314 = PCURVE('',#9315,#9320);
#9315 = PLANE('',#9316);
#9316 = AXIS2_PLACEMENT_3D('',#9317,#9318,#9319);
#9317 = CARTESIAN_POINT('',(12.,18.,87.));
#9318 = DIRECTION('',(0.,1.,0.));
#9319 = DIRECTION('',(0.,0.,1.));
#9320 = DEFINITIONAL_REPRESENTATION('',(#9321),#9325);
#9321 = CIRCLE('',#9322,0.9);
#9322 = AXIS2_PLACEMENT_2D('',#9323,#9324);
#9323 = CARTESIAN_POINT('',(14.5,1.85));
#9324 = DIRECTION('',(1.,0.));
#9325 = ( GEOMETRIC_REPRESENTATION_CONTEXT(2) 
PARAMETRIC_REPRESENTATION_CONTEXT() REPRESENTATION_CONTEXT('2D SPACE',''
  ) );
#9326 = ORIENTED_EDGE('',*,*,#9327,.T.);
#9327 = EDGE_CURVE('',#9299,#9202,#9328,.T.);
#9328 = SURFACE_CURVE('',#9329,(#9333,#9339),.PCURVE_S1.);
#9329 = LINE('',#9330,#9331);
#9330 = CARTESIAN_POINT('',(14.598331477355,1.5,101.));
#9331 = VECTOR('',#9332,1.);
#9332 = DIRECTION('',(0.,1.,0.));
#9333 = PCURVE('',#7897,#9334);
#9334 = DEFINITIONAL_REPRESENTATION('',(#9335),#9338);
#9335 = B_SPLINE_CURVE_WITH_KNOTS('',1,(#9336,#9337),.UNSPECIFIED.,.F.,
  .F.,(2,2),(2.7,23.0000006),.PIECEWISE_BEZIER_KNOTS.);
#9336 = CARTESIAN_POINT('',(2.159827297011,2.7));
#9337 = CARTESIAN_POINT('',(2.159827297011,23.0000006));
#9338 = ( GEOMETRIC_REPRESENTATION_CONTEXT(2) 
PARAMETRIC_REPRESENTATION_CONTEXT() REPRESENTATION_CONTEXT('2D SPACE',''
  ) );
#9339 = PCURVE('',#9340,#9345);
#9340 = PLANE('',#9341);
#9341 = AXIS2_PLACEMENT_3D('',#9342,#9343,#9344);
#9342 = CARTESIAN_POINT('',(12.,18.,101.));
#9343 = DIRECTION('',(0.,0.,1.));
#9344 = DIRECTION('',(1.,0.,0.));
#9345 = DEFINITIONAL_REPRESENTATION('',(#9346),#9349);
#9346 = B_SPLINE_CURVE_WITH_KNOTS('',1,(#9347,#9348),.UNSPECIFIED.,.F.,
  .F.,(2,2),(2.7,23.0000006),.PIECEWISE_BEZIER_KNOTS.);
#9347 = CARTESIAN_POINT('',(2.598331477355,-13.8));
#9348 = CARTESIAN_POINT('',(2.598331477355,6.5000006));
#9349 = ( GEOMETRIC_REPRESENTATION_CONTEXT(2) 
PARAMETRIC_REPRESENTATION_CONTEXT() REPRESENTATION_CONTEXT('2D SPACE',''
  ) );
#9350 = ADVANCED_FACE('',(#9351),#7955,.F.);
#9351 = FACE_BOUND('',#9352,.F.);
#9352 = EDGE_LOOP('',(#9353,#9379,#9400,#9401,#9402,#9426,#9445,#9446));
#9353 = ORIENTED_EDGE('',*,*,#9354,.F.);
#9354 = EDGE_CURVE('',#9355,#9357,#9359,.T.);
#9355 = VERTEX_POINT('',#9356);
#9356 = CARTESIAN_POINT('',(13.85,18.,87.4));
#9357 = VERTEX_POINT('',#9358);
#9358 = CARTESIAN_POINT('',(14.598331477354,18.,87.));
#9359 = SURFACE_CURVE('',#9360,(#9365,#9372),.PCURVE_S1.);
#9360 = CIRCLE('',#9361,0.9);
#9361 = AXIS2_PLACEMENT_3D('',#9362,#9363,#9364);
#9362 = CARTESIAN_POINT('',(13.85,18.,86.5));
#9363 = DIRECTION('',(0.,1.,0.));
#9364 = DIRECTION('',(0.,-0.,1.));
#9365 = PCURVE('',#7955,#9366);
#9366 = DEFINITIONAL_REPRESENTATION('',(#9367),#9371);
#9367 = LINE('',#9368,#9369);
#9368 = CARTESIAN_POINT('',(0.,16.5));
#9369 = VECTOR('',#9370,1.);
#9370 = DIRECTION('',(1.,0.));
#9371 = ( GEOMETRIC_REPRESENTATION_CONTEXT(2) 
PARAMETRIC_REPRESENTATION_CONTEXT() REPRESENTATION_CONTEXT('2D SPACE',''
  ) );
#9372 = PCURVE('',#8721,#9373);
#9373 = DEFINITIONAL_REPRESENTATION('',(#9374),#9378);
#9374 = CIRCLE('',#9375,0.9);
#9375 = AXIS2_PLACEMENT_2D('',#9376,#9377);
#9376 = CARTESIAN_POINT('',(-0.5,1.85));
#9377 = DIRECTION('',(1.,0.));
#9378 = ( GEOMETRIC_REPRESENTATION_CONTEXT(2) 
PARAMETRIC_REPRESENTATION_CONTEXT() REPRESENTATION_CONTEXT('2D SPACE',''
  ) );
#9379 = ORIENTED_EDGE('',*,*,#9380,.F.);
#9380 = EDGE_CURVE('',#7939,#9355,#9381,.T.);
#9381 = SEAM_CURVE('',#9382,(#9386,#9393),.PCURVE_S1.);
#9382 = LINE('',#9383,#9384);
#9383 = CARTESIAN_POINT('',(13.85,1.5,87.4));
#9384 = VECTOR('',#9385,1.);
#9385 = DIRECTION('',(0.,1.,0.));
#9386 = PCURVE('',#7955,#9387);
#9387 = DEFINITIONAL_REPRESENTATION('',(#9388),#9392);
#9388 = LINE('',#9389,#9390);
#9389 = CARTESIAN_POINT('',(6.28318530718,-0.));
#9390 = VECTOR('',#9391,1.);
#9391 = DIRECTION('',(0.,1.));
#9392 = ( GEOMETRIC_REPRESENTATION_CONTEXT(2) 
PARAMETRIC_REPRESENTATION_CONTEXT() REPRESENTATION_CONTEXT('2D SPACE',''
  ) );
#9393 = PCURVE('',#7955,#9394);
#9394 = DEFINITIONAL_REPRESENTATION('',(#9395),#9399);
#9395 = LINE('',#9396,#9397);
#9396 = CARTESIAN_POINT('',(0.,-0.));
#9397 = VECTOR('',#9398,1.);
#9398 = DIRECTION('',(0.,1.));
#9399 = ( GEOMETRIC_REPRESENTATION_CONTEXT(2) 
PARAMETRIC_REPRESENTATION_CONTEXT() REPRESENTATION_CONTEXT('2D SPACE',''
  ) );
#9400 = ORIENTED_EDGE('',*,*,#7938,.T.);
#9401 = ORIENTED_EDGE('',*,*,#9380,.T.);
#9402 = ORIENTED_EDGE('',*,*,#9403,.F.);
#9403 = EDGE_CURVE('',#9404,#9355,#9406,.T.);
#9404 = VERTEX_POINT('',#9405);
#9405 = CARTESIAN_POINT('',(13.101668522646,18.,87.));
#9406 = SURFACE_CURVE('',#9407,(#9412,#9419),.PCURVE_S1.);
#9407 = CIRCLE('',#9408,0.9);
#9408 = AXIS2_PLACEMENT_3D('',#9409,#9410,#9411);
#9409 = CARTESIAN_POINT('',(13.85,18.,86.5));
#9410 = DIRECTION('',(0.,1.,0.));
#9411 = DIRECTION('',(0.,-0.,1.));
#9412 = PCURVE('',#7955,#9413);
#9413 = DEFINITIONAL_REPRESENTATION('',(#9414),#9418);
#9414 = LINE('',#9415,#9416);
#9415 = CARTESIAN_POINT('',(0.,16.5));
#9416 = VECTOR('',#9417,1.);
#9417 = DIRECTION('',(1.,0.));
#9418 = ( GEOMETRIC_REPRESENTATION_CONTEXT(2) 
PARAMETRIC_REPRESENTATION_CONTEXT() REPRESENTATION_CONTEXT('2D SPACE',''
  ) );
#9419 = PCURVE('',#8721,#9420);
#9420 = DEFINITIONAL_REPRESENTATION('',(#9421),#9425);
#9421 = CIRCLE('',#9422,0.9);
#9422 = AXIS2_PLACEMENT_2D('',#9423,#9424);
#9423 = CARTESIAN_POINT('',(-0.5,1.85));
#9424 = DIRECTION('',(1.,0.));
#9425 = ( GEOMETRIC_REPRESENTATION_CONTEXT(2) 
PARAMETRIC_REPRESENTATION_CONTEXT() REPRESENTATION_CONTEXT('2D SPACE',''
  ) );
#9426 = ORIENTED_EDGE('',*,*,#9427,.T.);
#9427 = EDGE_CURVE('',#9404,#8556,#9428,.T.);
#9428 = SURFACE_CURVE('',#9429,(#9433,#9439),.PCURVE_S1.);
#9429 = LINE('',#9430,#9431);
#9430 = CARTESIAN_POINT('',(13.101668522645,1.5,87.));
#9431 = VECTOR('',#9432,1.);
#9432 = DIRECTION('',(0.,1.,0.));
#9433 = PCURVE('',#7955,#9434);
#9434 = DEFINITIONAL_REPRESENTATION('',(#9435),#9438);
#9435 = B_SPLINE_CURVE_WITH_KNOTS('',1,(#9436,#9437),.UNSPECIFIED.,.F.,
  .F.,(2,2),(2.7,23.0000006),.PIECEWISE_BEZIER_KNOTS.);
#9436 = CARTESIAN_POINT('',(5.301419950601,2.7));
#9437 = CARTESIAN_POINT('',(5.301419950601,23.0000006));
#9438 = ( GEOMETRIC_REPRESENTATION_CONTEXT(2) 
PARAMETRIC_REPRESENTATION_CONTEXT() REPRESENTATION_CONTEXT('2D SPACE',''
  ) );
#9439 = PCURVE('',#8571,#9440);
#9440 = DEFINITIONAL_REPRESENTATION('',(#9441),#9444);
#9441 = B_SPLINE_CURVE_WITH_KNOTS('',1,(#9442,#9443),.UNSPECIFIED.,.F.,
  .F.,(2,2),(2.7,23.0000006),.PIECEWISE_BEZIER_KNOTS.);
#9442 = CARTESIAN_POINT('',(1.101668522645,-13.8));
#9443 = CARTESIAN_POINT('',(1.101668522645,6.5000006));
#9444 = ( GEOMETRIC_REPRESENTATION_CONTEXT(2) 
PARAMETRIC_REPRESENTATION_CONTEXT() REPRESENTATION_CONTEXT('2D SPACE',''
  ) );
#9445 = ORIENTED_EDGE('',*,*,#8583,.F.);
#9446 = ORIENTED_EDGE('',*,*,#9447,.F.);
#9447 = EDGE_CURVE('',#9357,#8584,#9448,.T.);
#9448 = SURFACE_CURVE('',#9449,(#9453,#9459),.PCURVE_S1.);
#9449 = LINE('',#9450,#9451);
#9450 = CARTESIAN_POINT('',(14.598331477355,1.5,87.));
#9451 = VECTOR('',#9452,1.);
#9452 = DIRECTION('',(0.,1.,0.));
#9453 = PCURVE('',#7955,#9454);
#9454 = DEFINITIONAL_REPRESENTATION('',(#9455),#9458);
#9455 = B_SPLINE_CURVE_WITH_KNOTS('',1,(#9456,#9457),.UNSPECIFIED.,.F.,
  .F.,(2,2),(2.7,23.0000006),.PIECEWISE_BEZIER_KNOTS.);
#9456 = CARTESIAN_POINT('',(0.981765356579,2.7));
#9457 = CARTESIAN_POINT('',(0.981765356579,23.0000006));
#9458 = ( GEOMETRIC_REPRESENTATION_CONTEXT(2) 
PARAMETRIC_REPRESENTATION_CONTEXT() REPRESENTATION_CONTEXT('2D SPACE',''
  ) );
#9459 = PCURVE('',#8623,#9460);
#9460 = DEFINITIONAL_REPRESENTATION('',(#9461),#9464);
#9461 = B_SPLINE_CURVE_WITH_KNOTS('',1,(#9462,#9463),.UNSPECIFIED.,.F.,
  .F.,(2,2),(2.7,23.0000006),.PIECEWISE_BEZIER_KNOTS.);
#9462 = CARTESIAN_POINT('',(2.598331477355,-13.8));
#9463 = CARTESIAN_POINT('',(2.598331477355,6.5000006));
#9464 = ( GEOMETRIC_REPRESENTATION_CONTEXT(2) 
PARAMETRIC_REPRESENTATION_CONTEXT() REPRESENTATION_CONTEXT('2D SPACE',''
  ) );
#9465 = ADVANCED_FACE('',(#9466),#7988,.T.);
#9466 = FACE_BOUND('',#9467,.T.);
#9467 = EDGE_LOOP('',(#9468,#9469,#9490,#9491));
#9468 = ORIENTED_EDGE('',*,*,#9029,.F.);
#9469 = ORIENTED_EDGE('',*,*,#9470,.T.);
#9470 = EDGE_CURVE('',#9030,#7971,#9471,.T.);
#9471 = SURFACE_CURVE('',#9472,(#9476,#9483),.PCURVE_S1.);
#9472 = LINE('',#9473,#9474);
#9473 = CARTESIAN_POINT('',(-17.,6.,84.));
#9474 = VECTOR('',#9475,1.);
#9475 = DIRECTION('',(0.,0.,1.));
#9476 = PCURVE('',#7988,#9477);
#9477 = DEFINITIONAL_REPRESENTATION('',(#9478),#9482);
#9478 = LINE('',#9479,#9480);
#9479 = CARTESIAN_POINT('',(0.,0.));
#9480 = VECTOR('',#9481,1.);
#9481 = DIRECTION('',(1.,0.));
#9482 = ( GEOMETRIC_REPRESENTATION_CONTEXT(2) 
PARAMETRIC_REPRESENTATION_CONTEXT() REPRESENTATION_CONTEXT('2D SPACE',''
  ) );
#9483 = PCURVE('',#8016,#9484);
#9484 = DEFINITIONAL_REPRESENTATION('',(#9485),#9489);
#9485 = LINE('',#9486,#9487);
#9486 = CARTESIAN_POINT('',(0.,-3.5));
#9487 = VECTOR('',#9488,1.);
#9488 = DIRECTION('',(1.,0.));
#9489 = ( GEOMETRIC_REPRESENTATION_CONTEXT(2) 
PARAMETRIC_REPRESENTATION_CONTEXT() REPRESENTATION_CONTEXT('2D SPACE',''
  ) );
#9490 = ORIENTED_EDGE('',*,*,#7970,.T.);
#9491 = ORIENTED_EDGE('',*,*,#9492,.T.);
#9492 = EDGE_CURVE('',#7973,#9006,#9493,.T.);
#9493 = SURFACE_CURVE('',#9494,(#9498,#9505),.PCURVE_S1.);
#9494 = LINE('',#9495,#9496);
#9495 = CARTESIAN_POINT('',(-15.5,6.,104.));
#9496 = VECTOR('',#9497,1.);
#9497 = DIRECTION('',(0.,0.,-1.));
#9498 = PCURVE('',#7988,#9499);
#9499 = DEFINITIONAL_REPRESENTATION('',(#9500),#9504);
#9500 = LINE('',#9501,#9502);
#9501 = CARTESIAN_POINT('',(20.,1.5));
#9502 = VECTOR('',#9503,1.);
#9503 = DIRECTION('',(-1.,0.));
#9504 = ( GEOMETRIC_REPRESENTATION_CONTEXT(2) 
PARAMETRIC_REPRESENTATION_CONTEXT() REPRESENTATION_CONTEXT('2D SPACE',''
  ) );
#9505 = PCURVE('',#8192,#9506);
#9506 = DEFINITIONAL_REPRESENTATION('',(#9507),#9511);
#9507 = LINE('',#9508,#9509);
#9508 = CARTESIAN_POINT('',(20.,-3.5));
#9509 = VECTOR('',#9510,1.);
#9510 = DIRECTION('',(-1.,0.));
#9511 = ( GEOMETRIC_REPRESENTATION_CONTEXT(2) 
PARAMETRIC_REPRESENTATION_CONTEXT() REPRESENTATION_CONTEXT('2D SPACE',''
  ) );
#9512 = ADVANCED_FACE('',(#9513),#8192,.F.);
#9513 = FACE_BOUND('',#9514,.F.);
#9514 = EDGE_LOOP('',(#9515,#9538,#9539,#9540,#9541,#9562,#9591,#9617));
#9515 = ORIENTED_EDGE('',*,*,#9516,.F.);
#9516 = EDGE_CURVE('',#8151,#9517,#9519,.T.);
#9517 = VERTEX_POINT('',#9518);
#9518 = CARTESIAN_POINT('',(-15.5,24.,101.));
#9519 = SURFACE_CURVE('',#9520,(#9524,#9531),.PCURVE_S1.);
#9520 = LINE('',#9521,#9522);
#9521 = CARTESIAN_POINT('',(-15.5,24.,104.));
#9522 = VECTOR('',#9523,1.);
#9523 = DIRECTION('',(0.,0.,-1.));
#9524 = PCURVE('',#8192,#9525);
#9525 = DEFINITIONAL_REPRESENTATION('',(#9526),#9530);
#9526 = LINE('',#9527,#9528);
#9527 = CARTESIAN_POINT('',(20.,-21.5));
#9528 = VECTOR('',#9529,1.);
#9529 = DIRECTION('',(-1.,0.));
#9530 = ( GEOMETRIC_REPRESENTATION_CONTEXT(2) 
PARAMETRIC_REPRESENTATION_CONTEXT() REPRESENTATION_CONTEXT('2D SPACE',''
  ) );
#9531 = PCURVE('',#8166,#9532);
#9532 = DEFINITIONAL_REPRESENTATION('',(#9533),#9537);
#9533 = LINE('',#9534,#9535);
#9534 = CARTESIAN_POINT('',(20.,0.));
#9535 = VECTOR('',#9536,1.);
#9536 = DIRECTION('',(-1.,0.));
#9537 = ( GEOMETRIC_REPRESENTATION_CONTEXT(2) 
PARAMETRIC_REPRESENTATION_CONTEXT() REPRESENTATION_CONTEXT('2D SPACE',''
  ) );
#9538 = ORIENTED_EDGE('',*,*,#8178,.F.);
#9539 = ORIENTED_EDGE('',*,*,#9492,.T.);
#9540 = ORIENTED_EDGE('',*,*,#9005,.F.);
#9541 = ORIENTED_EDGE('',*,*,#9542,.F.);
#9542 = EDGE_CURVE('',#9543,#8979,#9545,.T.);
#9543 = VERTEX_POINT('',#9544);
#9544 = CARTESIAN_POINT('',(-15.5,13.5,99.));
#9545 = SURFACE_CURVE('',#9546,(#9550,#9556),.PCURVE_S1.);
#9546 = LINE('',#9547,#9548);
#9547 = CARTESIAN_POINT('',(-15.5,5.,99.));
#9548 = VECTOR('',#9549,1.);
#9549 = DIRECTION('',(0.,-1.,0.));
#9550 = PCURVE('',#8192,#9551);
#9551 = DEFINITIONAL_REPRESENTATION('',(#9552),#9555);
#9552 = B_SPLINE_CURVE_WITH_KNOTS('',1,(#9553,#9554),.UNSPECIFIED.,.F.,
  .F.,(2,2),(-8.5,-2.5),.PIECEWISE_BEZIER_KNOTS.);
#9553 = CARTESIAN_POINT('',(15.,-11.));
#9554 = CARTESIAN_POINT('',(15.,-5.));
#9555 = ( GEOMETRIC_REPRESENTATION_CONTEXT(2) 
PARAMETRIC_REPRESENTATION_CONTEXT() REPRESENTATION_CONTEXT('2D SPACE',''
  ) );
#9556 = PCURVE('',#8993,#9557);
#9557 = DEFINITIONAL_REPRESENTATION('',(#9558),#9561);
#9558 = B_SPLINE_CURVE_WITH_KNOTS('',1,(#9559,#9560),.UNSPECIFIED.,.F.,
  .F.,(2,2),(-8.5,-2.5),.PIECEWISE_BEZIER_KNOTS.);
#9559 = CARTESIAN_POINT('',(2.,6.));
#9560 = CARTESIAN_POINT('',(2.,0.));
#9561 = ( GEOMETRIC_REPRESENTATION_CONTEXT(2) 
PARAMETRIC_REPRESENTATION_CONTEXT() REPRESENTATION_CONTEXT('2D SPACE',''
  ) );
#9562 = ORIENTED_EDGE('',*,*,#9563,.F.);
#9563 = EDGE_CURVE('',#9564,#9543,#9566,.T.);
#9564 = VERTEX_POINT('',#9565);
#9565 = CARTESIAN_POINT('',(-15.5,18.,96.17944947177));
#9566 = SURFACE_CURVE('',#9567,(#9572,#9579),.PCURVE_S1.);
#9567 = CIRCLE('',#9568,5.);
#9568 = AXIS2_PLACEMENT_3D('',#9569,#9570,#9571);
#9569 = CARTESIAN_POINT('',(-15.5,13.5,94.));
#9570 = DIRECTION('',(1.,0.,0.));
#9571 = DIRECTION('',(-0.,0.,1.));
#9572 = PCURVE('',#8192,#9573);
#9573 = DEFINITIONAL_REPRESENTATION('',(#9574),#9578);
#9574 = CIRCLE('',#9575,5.);
#9575 = AXIS2_PLACEMENT_2D('',#9576,#9577);
#9576 = CARTESIAN_POINT('',(10.,-11.));
#9577 = DIRECTION('',(1.,0.));
#9578 = ( GEOMETRIC_REPRESENTATION_CONTEXT(2) 
PARAMETRIC_REPRESENTATION_CONTEXT() REPRESENTATION_CONTEXT('2D SPACE',''
  ) );
#9579 = PCURVE('',#9580,#9585);
#9580 = CYLINDRICAL_SURFACE('',#9581,5.);
#9581 = AXIS2_PLACEMENT_3D('',#9582,#9583,#9584);
#9582 = CARTESIAN_POINT('',(-17.5,13.5,94.));
#9583 = DIRECTION('',(1.,0.,0.));
#9584 = DIRECTION('',(-0.,0.,1.));
#9585 = DEFINITIONAL_REPRESENTATION('',(#9586),#9590);
#9586 = LINE('',#9587,#9588);
#9587 = CARTESIAN_POINT('',(0.,2.));
#9588 = VECTOR('',#9589,1.);
#9589 = DIRECTION('',(1.,0.));
#9590 = ( GEOMETRIC_REPRESENTATION_CONTEXT(2) 
PARAMETRIC_REPRESENTATION_CONTEXT() REPRESENTATION_CONTEXT('2D SPACE',''
  ) );
#9591 = ORIENTED_EDGE('',*,*,#9592,.T.);
#9592 = EDGE_CURVE('',#9564,#9593,#9595,.T.);
#9593 = VERTEX_POINT('',#9594);
#9594 = CARTESIAN_POINT('',(-15.5,18.,101.));
#9595 = SURFACE_CURVE('',#9596,(#9600,#9606),.PCURVE_S1.);
#9596 = LINE('',#9597,#9598);
#9597 = CARTESIAN_POINT('',(-15.5,18.,85.5));
#9598 = VECTOR('',#9599,1.);
#9599 = DIRECTION('',(0.,0.,1.));
#9600 = PCURVE('',#8192,#9601);
#9601 = DEFINITIONAL_REPRESENTATION('',(#9602),#9605);
#9602 = B_SPLINE_CURVE_WITH_KNOTS('',1,(#9603,#9604),.UNSPECIFIED.,.F.,
  .F.,(2,2),(1.5,15.5),.PIECEWISE_BEZIER_KNOTS.);
#9603 = CARTESIAN_POINT('',(3.,-15.5));
#9604 = CARTESIAN_POINT('',(17.,-15.5));
#9605 = ( GEOMETRIC_REPRESENTATION_CONTEXT(2) 
PARAMETRIC_REPRESENTATION_CONTEXT() REPRESENTATION_CONTEXT('2D SPACE',''
  ) );
#9606 = PCURVE('',#9607,#9612);
#9607 = PLANE('',#9608);
#9608 = AXIS2_PLACEMENT_3D('',#9609,#9610,#9611);
#9609 = CARTESIAN_POINT('',(-17.,18.,87.));
#9610 = DIRECTION('',(0.,1.,0.));
#9611 = DIRECTION('',(0.,0.,1.));
#9612 = DEFINITIONAL_REPRESENTATION('',(#9613),#9616);
#9613 = B_SPLINE_CURVE_WITH_KNOTS('',1,(#9614,#9615),.UNSPECIFIED.,.F.,
  .F.,(2,2),(1.5,15.5),.PIECEWISE_BEZIER_KNOTS.);
#9614 = CARTESIAN_POINT('',(0.,1.5));
#9615 = CARTESIAN_POINT('',(14.,1.5));
#9616 = ( GEOMETRIC_REPRESENTATION_CONTEXT(2) 
PARAMETRIC_REPRESENTATION_CONTEXT() REPRESENTATION_CONTEXT('2D SPACE',''
  ) );
#9617 = ORIENTED_EDGE('',*,*,#9618,.F.);
#9618 = EDGE_CURVE('',#9517,#9593,#9619,.T.);
#9619 = SURFACE_CURVE('',#9620,(#9624,#9630),.PCURVE_S1.);
#9620 = LINE('',#9621,#9622);
#9621 = CARTESIAN_POINT('',(-15.5,10.25,101.));
#9622 = VECTOR('',#9623,1.);
#9623 = DIRECTION('',(0.,-1.,0.));
#9624 = PCURVE('',#8192,#9625);
#9625 = DEFINITIONAL_REPRESENTATION('',(#9626),#9629);
#9626 = B_SPLINE_CURVE_WITH_KNOTS('',1,(#9627,#9628),.UNSPECIFIED.,.F.,
  .F.,(2,2),(-13.75,-7.75),.PIECEWISE_BEZIER_KNOTS.);
#9627 = CARTESIAN_POINT('',(17.,-21.5));
#9628 = CARTESIAN_POINT('',(17.,-15.5));
#9629 = ( GEOMETRIC_REPRESENTATION_CONTEXT(2) 
PARAMETRIC_REPRESENTATION_CONTEXT() REPRESENTATION_CONTEXT('2D SPACE',''
  ) );
#9630 = PCURVE('',#9631,#9636);
#9631 = PLANE('',#9632);
#9632 = AXIS2_PLACEMENT_3D('',#9633,#9634,#9635);
#9633 = CARTESIAN_POINT('',(12.,18.,101.));
#9634 = DIRECTION('',(0.,0.,1.));
#9635 = DIRECTION('',(1.,0.,0.));
#9636 = DEFINITIONAL_REPRESENTATION('',(#9637),#9641);
#9637 = LINE('',#9638,#9639);
#9638 = CARTESIAN_POINT('',(-27.5,-7.75));
#9639 = VECTOR('',#9640,1.);
#9640 = DIRECTION('',(0.,-1.));
#9641 = ( GEOMETRIC_REPRESENTATION_CONTEXT(2) 
PARAMETRIC_REPRESENTATION_CONTEXT() REPRESENTATION_CONTEXT('2D SPACE',''
  ) );
#9642 = ADVANCED_FACE('',(#9643),#8166,.T.);
#9643 = FACE_BOUND('',#9644,.T.);
#9644 = EDGE_LOOP('',(#9645,#9668,#9689,#9690,#9691,#9714,#9738,#9762,
    #9783,#9784));
#9645 = ORIENTED_EDGE('',*,*,#9646,.F.);
#9646 = EDGE_CURVE('',#9647,#8123,#9649,.T.);
#9647 = VERTEX_POINT('',#9648);
#9648 = CARTESIAN_POINT('',(15.5,24.,101.));
#9649 = SURFACE_CURVE('',#9650,(#9654,#9661),.PCURVE_S1.);
#9650 = LINE('',#9651,#9652);
#9651 = CARTESIAN_POINT('',(15.5,24.,84.));
#9652 = VECTOR('',#9653,1.);
#9653 = DIRECTION('',(0.,0.,1.));
#9654 = PCURVE('',#8166,#9655);
#9655 = DEFINITIONAL_REPRESENTATION('',(#9656),#9660);
#9656 = LINE('',#9657,#9658);
#9657 = CARTESIAN_POINT('',(0.,31.));
#9658 = VECTOR('',#9659,1.);
#9659 = DIRECTION('',(1.,0.));
#9660 = ( GEOMETRIC_REPRESENTATION_CONTEXT(2) 
PARAMETRIC_REPRESENTATION_CONTEXT() REPRESENTATION_CONTEXT('2D SPACE',''
  ) );
#9661 = PCURVE('',#8138,#9662);
#9662 = DEFINITIONAL_REPRESENTATION('',(#9663),#9667);
#9663 = LINE('',#9664,#9665);
#9664 = CARTESIAN_POINT('',(0.,-21.5));
#9665 = VECTOR('',#9666,1.);
#9666 = DIRECTION('',(1.,0.));
#9667 = ( GEOMETRIC_REPRESENTATION_CONTEXT(2) 
PARAMETRIC_REPRESENTATION_CONTEXT() REPRESENTATION_CONTEXT('2D SPACE',''
  ) );
#9668 = ORIENTED_EDGE('',*,*,#9669,.T.);
#9669 = EDGE_CURVE('',#9647,#9202,#9670,.T.);
#9670 = SURFACE_CURVE('',#9671,(#9675,#9682),.PCURVE_S1.);
#9671 = LINE('',#9672,#9673);
#9672 = CARTESIAN_POINT('',(15.5,24.,101.));
#9673 = VECTOR('',#9674,1.);
#9674 = DIRECTION('',(-1.,0.,0.));
#9675 = PCURVE('',#8166,#9676);
#9676 = DEFINITIONAL_REPRESENTATION('',(#9677),#9681);
#9677 = LINE('',#9678,#9679);
#9678 = CARTESIAN_POINT('',(17.,31.));
#9679 = VECTOR('',#9680,1.);
#9680 = DIRECTION('',(0.,-1.));
#9681 = ( GEOMETRIC_REPRESENTATION_CONTEXT(2) 
PARAMETRIC_REPRESENTATION_CONTEXT() REPRESENTATION_CONTEXT('2D SPACE',''
  ) );
#9682 = PCURVE('',#9340,#9683);
#9683 = DEFINITIONAL_REPRESENTATION('',(#9684),#9688);
#9684 = LINE('',#9685,#9686);
#9685 = CARTESIAN_POINT('',(3.5,6.));
#9686 = VECTOR('',#9687,1.);
#9687 = DIRECTION('',(-1.,0.));
#9688 = ( GEOMETRIC_REPRESENTATION_CONTEXT(2) 
PARAMETRIC_REPRESENTATION_CONTEXT() REPRESENTATION_CONTEXT('2D SPACE',''
  ) );
#9689 = ORIENTED_EDGE('',*,*,#9199,.F.);
#9690 = ORIENTED_EDGE('',*,*,#9248,.F.);
#9691 = ORIENTED_EDGE('',*,*,#9692,.T.);
#9692 = EDGE_CURVE('',#9249,#9693,#9695,.T.);
#9693 = VERTEX_POINT('',#9694);
#9694 = CARTESIAN_POINT('',(-13.10166852264,24.,101.));
#9695 = SURFACE_CURVE('',#9696,(#9700,#9707),.PCURVE_S1.);
#9696 = LINE('',#9697,#9698);
#9697 = CARTESIAN_POINT('',(15.5,24.,101.));
#9698 = VECTOR('',#9699,1.);
#9699 = DIRECTION('',(-1.,0.,0.));
#9700 = PCURVE('',#8166,#9701);
#9701 = DEFINITIONAL_REPRESENTATION('',(#9702),#9706);
#9702 = LINE('',#9703,#9704);
#9703 = CARTESIAN_POINT('',(17.,31.));
#9704 = VECTOR('',#9705,1.);
#9705 = DIRECTION('',(0.,-1.));
#9706 = ( GEOMETRIC_REPRESENTATION_CONTEXT(2) 
PARAMETRIC_REPRESENTATION_CONTEXT() REPRESENTATION_CONTEXT('2D SPACE',''
  ) );
#9707 = PCURVE('',#9287,#9708);
#9708 = DEFINITIONAL_REPRESENTATION('',(#9709),#9713);
#9709 = LINE('',#9710,#9711);
#9710 = CARTESIAN_POINT('',(3.5,6.));
#9711 = VECTOR('',#9712,1.);
#9712 = DIRECTION('',(-1.,0.));
#9713 = ( GEOMETRIC_REPRESENTATION_CONTEXT(2) 
PARAMETRIC_REPRESENTATION_CONTEXT() REPRESENTATION_CONTEXT('2D SPACE',''
  ) );
#9714 = ORIENTED_EDGE('',*,*,#9715,.F.);
#9715 = EDGE_CURVE('',#9716,#9693,#9718,.T.);
#9716 = VERTEX_POINT('',#9717);
#9717 = CARTESIAN_POINT('',(-13.85,24.,102.4));
#9718 = SURFACE_CURVE('',#9719,(#9724,#9731),.PCURVE_S1.);
#9719 = CIRCLE('',#9720,0.9);
#9720 = AXIS2_PLACEMENT_3D('',#9721,#9722,#9723);
#9721 = CARTESIAN_POINT('',(-13.85,24.,101.5));
#9722 = DIRECTION('',(0.,1.,0.));
#9723 = DIRECTION('',(0.,-0.,1.));
#9724 = PCURVE('',#8166,#9725);
#9725 = DEFINITIONAL_REPRESENTATION('',(#9726),#9730);
#9726 = CIRCLE('',#9727,0.9);
#9727 = AXIS2_PLACEMENT_2D('',#9728,#9729);
#9728 = CARTESIAN_POINT('',(17.5,1.65));
#9729 = DIRECTION('',(1.,0.));
#9730 = ( GEOMETRIC_REPRESENTATION_CONTEXT(2) 
PARAMETRIC_REPRESENTATION_CONTEXT() REPRESENTATION_CONTEXT('2D SPACE',''
  ) );
#9731 = PCURVE('',#8281,#9732);
#9732 = DEFINITIONAL_REPRESENTATION('',(#9733),#9737);
#9733 = LINE('',#9734,#9735);
#9734 = CARTESIAN_POINT('',(0.,22.5));
#9735 = VECTOR('',#9736,1.);
#9736 = DIRECTION('',(1.,0.));
#9737 = ( GEOMETRIC_REPRESENTATION_CONTEXT(2) 
PARAMETRIC_REPRESENTATION_CONTEXT() REPRESENTATION_CONTEXT('2D SPACE',''
  ) );
#9738 = ORIENTED_EDGE('',*,*,#9739,.F.);
#9739 = EDGE_CURVE('',#9740,#9716,#9742,.T.);
#9740 = VERTEX_POINT('',#9741);
#9741 = CARTESIAN_POINT('',(-14.59833147735,24.,101.));
#9742 = SURFACE_CURVE('',#9743,(#9748,#9755),.PCURVE_S1.);
#9743 = CIRCLE('',#9744,0.9);
#9744 = AXIS2_PLACEMENT_3D('',#9745,#9746,#9747);
#9745 = CARTESIAN_POINT('',(-13.85,24.,101.5));
#9746 = DIRECTION('',(0.,1.,0.));
#9747 = DIRECTION('',(0.,-0.,1.));
#9748 = PCURVE('',#8166,#9749);
#9749 = DEFINITIONAL_REPRESENTATION('',(#9750),#9754);
#9750 = CIRCLE('',#9751,0.9);
#9751 = AXIS2_PLACEMENT_2D('',#9752,#9753);
#9752 = CARTESIAN_POINT('',(17.5,1.65));
#9753 = DIRECTION('',(1.,0.));
#9754 = ( GEOMETRIC_REPRESENTATION_CONTEXT(2) 
PARAMETRIC_REPRESENTATION_CONTEXT() REPRESENTATION_CONTEXT('2D SPACE',''
  ) );
#9755 = PCURVE('',#8281,#9756);
#9756 = DEFINITIONAL_REPRESENTATION('',(#9757),#9761);
#9757 = LINE('',#9758,#9759);
#9758 = CARTESIAN_POINT('',(0.,22.5));
#9759 = VECTOR('',#9760,1.);
#9760 = DIRECTION('',(1.,0.));
#9761 = ( GEOMETRIC_REPRESENTATION_CONTEXT(2) 
PARAMETRIC_REPRESENTATION_CONTEXT() REPRESENTATION_CONTEXT('2D SPACE',''
  ) );
#9762 = ORIENTED_EDGE('',*,*,#9763,.T.);
#9763 = EDGE_CURVE('',#9740,#9517,#9764,.T.);
#9764 = SURFACE_CURVE('',#9765,(#9769,#9776),.PCURVE_S1.);
#9765 = LINE('',#9766,#9767);
#9766 = CARTESIAN_POINT('',(15.5,24.,101.));
#9767 = VECTOR('',#9768,1.);
#9768 = DIRECTION('',(-1.,0.,0.));
#9769 = PCURVE('',#8166,#9770);
#9770 = DEFINITIONAL_REPRESENTATION('',(#9771),#9775);
#9771 = LINE('',#9772,#9773);
#9772 = CARTESIAN_POINT('',(17.,31.));
#9773 = VECTOR('',#9774,1.);
#9774 = DIRECTION('',(0.,-1.));
#9775 = ( GEOMETRIC_REPRESENTATION_CONTEXT(2) 
PARAMETRIC_REPRESENTATION_CONTEXT() REPRESENTATION_CONTEXT('2D SPACE',''
  ) );
#9776 = PCURVE('',#9631,#9777);
#9777 = DEFINITIONAL_REPRESENTATION('',(#9778),#9782);
#9778 = LINE('',#9779,#9780);
#9779 = CARTESIAN_POINT('',(3.5,6.));
#9780 = VECTOR('',#9781,1.);
#9781 = DIRECTION('',(-1.,0.));
#9782 = ( GEOMETRIC_REPRESENTATION_CONTEXT(2) 
PARAMETRIC_REPRESENTATION_CONTEXT() REPRESENTATION_CONTEXT('2D SPACE',''
  ) );
#9783 = ORIENTED_EDGE('',*,*,#9516,.F.);
#9784 = ORIENTED_EDGE('',*,*,#8150,.F.);
#9785 = ADVANCED_FACE('',(#9786),#8138,.T.);
#9786 = FACE_BOUND('',#9787,.T.);
#9787 = EDGE_LOOP('',(#9788,#9811,#9835,#9861,#9890,#9911,#9931,#9932));
#9788 = ORIENTED_EDGE('',*,*,#9789,.F.);
#9789 = EDGE_CURVE('',#9790,#8095,#9792,.T.);
#9790 = VERTEX_POINT('',#9791);
#9791 = CARTESIAN_POINT('',(15.5,6.,98.769696007085));
#9792 = SURFACE_CURVE('',#9793,(#9797,#9804),.PCURVE_S1.);
#9793 = LINE('',#9794,#9795);
#9794 = CARTESIAN_POINT('',(15.5,6.,84.));
#9795 = VECTOR('',#9796,1.);
#9796 = DIRECTION('',(0.,0.,1.));
#9797 = PCURVE('',#8138,#9798);
#9798 = DEFINITIONAL_REPRESENTATION('',(#9799),#9803);
#9799 = LINE('',#9800,#9801);
#9800 = CARTESIAN_POINT('',(0.,-3.5));
#9801 = VECTOR('',#9802,1.);
#9802 = DIRECTION('',(1.,0.));
#9803 = ( GEOMETRIC_REPRESENTATION_CONTEXT(2) 
PARAMETRIC_REPRESENTATION_CONTEXT() REPRESENTATION_CONTEXT('2D SPACE',''
  ) );
#9804 = PCURVE('',#8110,#9805);
#9805 = DEFINITIONAL_REPRESENTATION('',(#9806),#9810);
#9806 = LINE('',#9807,#9808);
#9807 = CARTESIAN_POINT('',(0.,32.5));
#9808 = VECTOR('',#9809,1.);
#9809 = DIRECTION('',(1.,0.));
#9810 = ( GEOMETRIC_REPRESENTATION_CONTEXT(2) 
PARAMETRIC_REPRESENTATION_CONTEXT() REPRESENTATION_CONTEXT('2D SPACE',''
  ) );
#9811 = ORIENTED_EDGE('',*,*,#9812,.F.);
#9812 = EDGE_CURVE('',#9813,#9790,#9815,.T.);
#9813 = VERTEX_POINT('',#9814);
#9814 = CARTESIAN_POINT('',(15.5,7.5,99.));
#9815 = SURFACE_CURVE('',#9816,(#9821,#9828),.PCURVE_S1.);
#9816 = CIRCLE('',#9817,5.);
#9817 = AXIS2_PLACEMENT_3D('',#9818,#9819,#9820);
#9818 = CARTESIAN_POINT('',(15.5,7.5,94.));
#9819 = DIRECTION('',(1.,0.,0.));
#9820 = DIRECTION('',(-0.,0.,1.));
#9821 = PCURVE('',#8138,#9822);
#9822 = DEFINITIONAL_REPRESENTATION('',(#9823),#9827);
#9823 = CIRCLE('',#9824,5.);
#9824 = AXIS2_PLACEMENT_2D('',#9825,#9826);
#9825 = CARTESIAN_POINT('',(10.,-5.));
#9826 = DIRECTION('',(1.,0.));
#9827 = ( GEOMETRIC_REPRESENTATION_CONTEXT(2) 
PARAMETRIC_REPRESENTATION_CONTEXT() REPRESENTATION_CONTEXT('2D SPACE',''
  ) );
#9828 = PCURVE('',#8802,#9829);
#9829 = DEFINITIONAL_REPRESENTATION('',(#9830),#9834);
#9830 = LINE('',#9831,#9832);
#9831 = CARTESIAN_POINT('',(0.,4.));
#9832 = VECTOR('',#9833,1.);
#9833 = DIRECTION('',(1.,0.));
#9834 = ( GEOMETRIC_REPRESENTATION_CONTEXT(2) 
PARAMETRIC_REPRESENTATION_CONTEXT() REPRESENTATION_CONTEXT('2D SPACE',''
  ) );
#9835 = ORIENTED_EDGE('',*,*,#9836,.F.);
#9836 = EDGE_CURVE('',#9837,#9813,#9839,.T.);
#9837 = VERTEX_POINT('',#9838);
#9838 = CARTESIAN_POINT('',(15.5,13.5,99.));
#9839 = SURFACE_CURVE('',#9840,(#9844,#9850),.PCURVE_S1.);
#9840 = LINE('',#9841,#9842);
#9841 = CARTESIAN_POINT('',(15.5,5.,99.));
#9842 = VECTOR('',#9843,1.);
#9843 = DIRECTION('',(0.,-1.,0.));
#9844 = PCURVE('',#8138,#9845);
#9845 = DEFINITIONAL_REPRESENTATION('',(#9846),#9849);
#9846 = B_SPLINE_CURVE_WITH_KNOTS('',1,(#9847,#9848),.UNSPECIFIED.,.F.,
  .F.,(2,2),(-8.5,-2.5),.PIECEWISE_BEZIER_KNOTS.);
#9847 = CARTESIAN_POINT('',(15.,-11.));
#9848 = CARTESIAN_POINT('',(15.,-5.));
#9849 = ( GEOMETRIC_REPRESENTATION_CONTEXT(2) 
PARAMETRIC_REPRESENTATION_CONTEXT() REPRESENTATION_CONTEXT('2D SPACE',''
  ) );
#9850 = PCURVE('',#9851,#9856);
#9851 = PLANE('',#9852);
#9852 = AXIS2_PLACEMENT_3D('',#9853,#9854,#9855);
#9853 = CARTESIAN_POINT('',(11.5,7.5,99.));
#9854 = DIRECTION('',(0.,0.,1.));
#9855 = DIRECTION('',(1.,0.,0.));
#9856 = DEFINITIONAL_REPRESENTATION('',(#9857),#9860);
#9857 = B_SPLINE_CURVE_WITH_KNOTS('',1,(#9858,#9859),.UNSPECIFIED.,.F.,
  .F.,(2,2),(-8.5,-2.5),.PIECEWISE_BEZIER_KNOTS.);
#9858 = CARTESIAN_POINT('',(4.,6.));
#9859 = CARTESIAN_POINT('',(4.,0.));
#9860 = ( GEOMETRIC_REPRESENTATION_CONTEXT(2) 
PARAMETRIC_REPRESENTATION_CONTEXT() REPRESENTATION_CONTEXT('2D SPACE',''
  ) );
#9861 = ORIENTED_EDGE('',*,*,#9862,.F.);
#9862 = EDGE_CURVE('',#9863,#9837,#9865,.T.);
#9863 = VERTEX_POINT('',#9864);
#9864 = CARTESIAN_POINT('',(15.5,18.,96.17944947177));
#9865 = SURFACE_CURVE('',#9866,(#9871,#9878),.PCURVE_S1.);
#9866 = CIRCLE('',#9867,5.);
#9867 = AXIS2_PLACEMENT_3D('',#9868,#9869,#9870);
#9868 = CARTESIAN_POINT('',(15.5,13.5,94.));
#9869 = DIRECTION('',(1.,0.,0.));
#9870 = DIRECTION('',(-0.,0.,1.));
#9871 = PCURVE('',#8138,#9872);
#9872 = DEFINITIONAL_REPRESENTATION('',(#9873),#9877);
#9873 = CIRCLE('',#9874,5.);
#9874 = AXIS2_PLACEMENT_2D('',#9875,#9876);
#9875 = CARTESIAN_POINT('',(10.,-11.));
#9876 = DIRECTION('',(1.,0.));
#9877 = ( GEOMETRIC_REPRESENTATION_CONTEXT(2) 
PARAMETRIC_REPRESENTATION_CONTEXT() REPRESENTATION_CONTEXT('2D SPACE',''
  ) );
#9878 = PCURVE('',#9879,#9884);
#9879 = CYLINDRICAL_SURFACE('',#9880,5.);
#9880 = AXIS2_PLACEMENT_3D('',#9881,#9882,#9883);
#9881 = CARTESIAN_POINT('',(11.5,13.5,94.));
#9882 = DIRECTION('',(1.,0.,0.));
#9883 = DIRECTION('',(-0.,0.,1.));
#9884 = DEFINITIONAL_REPRESENTATION('',(#9885),#9889);
#9885 = LINE('',#9886,#9887);
#9886 = CARTESIAN_POINT('',(0.,4.));
#9887 = VECTOR('',#9888,1.);
#9888 = DIRECTION('',(1.,0.));
#9889 = ( GEOMETRIC_REPRESENTATION_CONTEXT(2) 
PARAMETRIC_REPRESENTATION_CONTEXT() REPRESENTATION_CONTEXT('2D SPACE',''
  ) );
#9890 = ORIENTED_EDGE('',*,*,#9891,.T.);
#9891 = EDGE_CURVE('',#9863,#9892,#9894,.T.);
#9892 = VERTEX_POINT('',#9893);
#9893 = CARTESIAN_POINT('',(15.5,18.,101.));
#9894 = SURFACE_CURVE('',#9895,(#9899,#9905),.PCURVE_S1.);
#9895 = LINE('',#9896,#9897);
#9896 = CARTESIAN_POINT('',(15.5,18.,85.5));
#9897 = VECTOR('',#9898,1.);
#9898 = DIRECTION('',(0.,0.,1.));
#9899 = PCURVE('',#8138,#9900);
#9900 = DEFINITIONAL_REPRESENTATION('',(#9901),#9904);
#9901 = B_SPLINE_CURVE_WITH_KNOTS('',1,(#9902,#9903),.UNSPECIFIED.,.F.,
  .F.,(2,2),(1.5,15.5),.PIECEWISE_BEZIER_KNOTS.);
#9902 = CARTESIAN_POINT('',(3.,-15.5));
#9903 = CARTESIAN_POINT('',(17.,-15.5));
#9904 = ( GEOMETRIC_REPRESENTATION_CONTEXT(2) 
PARAMETRIC_REPRESENTATION_CONTEXT() REPRESENTATION_CONTEXT('2D SPACE',''
  ) );
#9905 = PCURVE('',#9315,#9906);
#9906 = DEFINITIONAL_REPRESENTATION('',(#9907),#9910);
#9907 = B_SPLINE_CURVE_WITH_KNOTS('',1,(#9908,#9909),.UNSPECIFIED.,.F.,
  .F.,(2,2),(1.5,15.5),.PIECEWISE_BEZIER_KNOTS.);
#9908 = CARTESIAN_POINT('',(0.,3.5));
#9909 = CARTESIAN_POINT('',(14.,3.5));
#9910 = ( GEOMETRIC_REPRESENTATION_CONTEXT(2) 
PARAMETRIC_REPRESENTATION_CONTEXT() REPRESENTATION_CONTEXT('2D SPACE',''
  ) );
#9911 = ORIENTED_EDGE('',*,*,#9912,.F.);
#9912 = EDGE_CURVE('',#9647,#9892,#9913,.T.);
#9913 = SURFACE_CURVE('',#9914,(#9918,#9924),.PCURVE_S1.);
#9914 = LINE('',#9915,#9916);
#9915 = CARTESIAN_POINT('',(15.5,10.25,101.));
#9916 = VECTOR('',#9917,1.);
#9917 = DIRECTION('',(0.,-1.,0.));
#9918 = PCURVE('',#8138,#9919);
#9919 = DEFINITIONAL_REPRESENTATION('',(#9920),#9923);
#9920 = B_SPLINE_CURVE_WITH_KNOTS('',1,(#9921,#9922),.UNSPECIFIED.,.F.,
  .F.,(2,2),(-13.75,-7.75),.PIECEWISE_BEZIER_KNOTS.);
#9921 = CARTESIAN_POINT('',(17.,-21.5));
#9922 = CARTESIAN_POINT('',(17.,-15.5));
#9923 = ( GEOMETRIC_REPRESENTATION_CONTEXT(2) 
PARAMETRIC_REPRESENTATION_CONTEXT() REPRESENTATION_CONTEXT('2D SPACE',''
  ) );
#9924 = PCURVE('',#9340,#9925);
#9925 = DEFINITIONAL_REPRESENTATION('',(#9926),#9930);
#9926 = LINE('',#9927,#9928);
#9927 = CARTESIAN_POINT('',(3.5,-7.75));
#9928 = VECTOR('',#9929,1.);
#9929 = DIRECTION('',(0.,-1.));
#9930 = ( GEOMETRIC_REPRESENTATION_CONTEXT(2) 
PARAMETRIC_REPRESENTATION_CONTEXT() REPRESENTATION_CONTEXT('2D SPACE',''
  ) );
#9931 = ORIENTED_EDGE('',*,*,#9646,.T.);
#9932 = ORIENTED_EDGE('',*,*,#8122,.F.);
#9933 = ADVANCED_FACE('',(#9934),#8110,.T.);
#9934 = FACE_BOUND('',#9935,.T.);
#9935 = EDGE_LOOP('',(#9936,#9955,#9956,#9957));
#9936 = ORIENTED_EDGE('',*,*,#9937,.F.);
#9937 = EDGE_CURVE('',#9790,#9151,#9938,.T.);
#9938 = SURFACE_CURVE('',#9939,(#9943,#9949),.PCURVE_S1.);
#9939 = LINE('',#9940,#9941);
#9940 = CARTESIAN_POINT('',(11.5,6.,98.769696007085));
#9941 = VECTOR('',#9942,1.);
#9942 = DIRECTION('',(1.,0.,0.));
#9943 = PCURVE('',#8110,#9944);
#9944 = DEFINITIONAL_REPRESENTATION('',(#9945),#9948);
#9945 = B_SPLINE_CURVE_WITH_KNOTS('',1,(#9946,#9947),.UNSPECIFIED.,.F.,
  .F.,(2,2),(3.85,5.65),.PIECEWISE_BEZIER_KNOTS.);
#9946 = CARTESIAN_POINT('',(14.769696007085,32.35));
#9947 = CARTESIAN_POINT('',(14.769696007085,34.15));
#9948 = ( GEOMETRIC_REPRESENTATION_CONTEXT(2) 
PARAMETRIC_REPRESENTATION_CONTEXT() REPRESENTATION_CONTEXT('2D SPACE',''
  ) );
#9949 = PCURVE('',#8802,#9950);
#9950 = DEFINITIONAL_REPRESENTATION('',(#9951),#9954);
#9951 = B_SPLINE_CURVE_WITH_KNOTS('',1,(#9952,#9953),.UNSPECIFIED.,.F.,
  .F.,(2,2),(3.85,5.65),.PIECEWISE_BEZIER_KNOTS.);
#9952 = CARTESIAN_POINT('',(0.304692654015,3.85));
#9953 = CARTESIAN_POINT('',(0.304692654015,5.65));
#9954 = ( GEOMETRIC_REPRESENTATION_CONTEXT(2) 
PARAMETRIC_REPRESENTATION_CONTEXT() REPRESENTATION_CONTEXT('2D SPACE',''
  ) );
#9955 = ORIENTED_EDGE('',*,*,#9789,.T.);
#9956 = ORIENTED_EDGE('',*,*,#8094,.T.);
#9957 = ORIENTED_EDGE('',*,*,#9174,.F.);
#9958 = ADVANCED_FACE('',(#9959),#8016,.F.);
#9959 = FACE_BOUND('',#9960,.F.);
#9960 = EDGE_LOOP('',(#9961,#9962,#9963,#9964));
#9961 = ORIENTED_EDGE('',*,*,#8239,.F.);
#9962 = ORIENTED_EDGE('',*,*,#9050,.F.);
#9963 = ORIENTED_EDGE('',*,*,#9470,.T.);
#9964 = ORIENTED_EDGE('',*,*,#8000,.F.);
#9965 = ADVANCED_FACE('',(#9966),#8281,.F.);
#9966 = FACE_BOUND('',#9967,.F.);
#9967 = EDGE_LOOP('',(#9968,#9969,#9990,#9991,#9992,#9993,#10014,#10038)
  );
#9968 = ORIENTED_EDGE('',*,*,#9715,.F.);
#9969 = ORIENTED_EDGE('',*,*,#9970,.F.);
#9970 = EDGE_CURVE('',#8265,#9716,#9971,.T.);
#9971 = SEAM_CURVE('',#9972,(#9976,#9983),.PCURVE_S1.);
#9972 = LINE('',#9973,#9974);
#9973 = CARTESIAN_POINT('',(-13.85,1.5,102.4));
#9974 = VECTOR('',#9975,1.);
#9975 = DIRECTION('',(0.,1.,0.));
#9976 = PCURVE('',#8281,#9977);
#9977 = DEFINITIONAL_REPRESENTATION('',(#9978),#9982);
#9978 = LINE('',#9979,#9980);
#9979 = CARTESIAN_POINT('',(6.28318530718,-0.));
#9980 = VECTOR('',#9981,1.);
#9981 = DIRECTION('',(0.,1.));
#9982 = ( GEOMETRIC_REPRESENTATION_CONTEXT(2) 
PARAMETRIC_REPRESENTATION_CONTEXT() REPRESENTATION_CONTEXT('2D SPACE',''
  ) );
#9983 = PCURVE('',#8281,#9984);
#9984 = DEFINITIONAL_REPRESENTATION('',(#9985),#9989);
#9985 = LINE('',#9986,#9987);
#9986 = CARTESIAN_POINT('',(0.,-0.));
#9987 = VECTOR('',#9988,1.);
#9988 = DIRECTION('',(0.,1.));
#9989 = ( GEOMETRIC_REPRESENTATION_CONTEXT(2) 
PARAMETRIC_REPRESENTATION_CONTEXT() REPRESENTATION_CONTEXT('2D SPACE',''
  ) );
#9990 = ORIENTED_EDGE('',*,*,#8264,.T.);
#9991 = ORIENTED_EDGE('',*,*,#9970,.T.);
#9992 = ORIENTED_EDGE('',*,*,#9739,.F.);
#9993 = ORIENTED_EDGE('',*,*,#9994,.F.);
#9994 = EDGE_CURVE('',#9995,#9740,#9997,.T.);
#9995 = VERTEX_POINT('',#9996);
#9996 = CARTESIAN_POINT('',(-14.59833147735,18.,101.));
#9997 = SURFACE_CURVE('',#9998,(#10002,#10008),.PCURVE_S1.);
#9998 = LINE('',#9999,#10000);
#9999 = CARTESIAN_POINT('',(-14.59833147735,1.5,101.));
#10000 = VECTOR('',#10001,1.);
#10001 = DIRECTION('',(0.,1.,0.));
#10002 = PCURVE('',#8281,#10003);
#10003 = DEFINITIONAL_REPRESENTATION('',(#10004),#10007);
#10004 = B_SPLINE_CURVE_WITH_KNOTS('',1,(#10005,#10006),.UNSPECIFIED.,
  .F.,.F.,(2,2),(2.7,23.0000006),.PIECEWISE_BEZIER_KNOTS.);
#10005 = CARTESIAN_POINT('',(4.123358010168,2.7));
#10006 = CARTESIAN_POINT('',(4.123358010168,23.0000006));
#10007 = ( GEOMETRIC_REPRESENTATION_CONTEXT(2) 
PARAMETRIC_REPRESENTATION_CONTEXT() REPRESENTATION_CONTEXT('2D SPACE',''
  ) );
#10008 = PCURVE('',#9631,#10009);
#10009 = DEFINITIONAL_REPRESENTATION('',(#10010),#10013);
#10010 = B_SPLINE_CURVE_WITH_KNOTS('',1,(#10011,#10012),.UNSPECIFIED.,
  .F.,.F.,(2,2),(2.7,23.0000006),.PIECEWISE_BEZIER_KNOTS.);
#10011 = CARTESIAN_POINT('',(-26.59833147735,-13.8));
#10012 = CARTESIAN_POINT('',(-26.59833147735,6.5000006));
#10013 = ( GEOMETRIC_REPRESENTATION_CONTEXT(2) 
PARAMETRIC_REPRESENTATION_CONTEXT() REPRESENTATION_CONTEXT('2D SPACE',''
  ) );
#10014 = ORIENTED_EDGE('',*,*,#10015,.F.);
#10015 = EDGE_CURVE('',#10016,#9995,#10018,.T.);
#10016 = VERTEX_POINT('',#10017);
#10017 = CARTESIAN_POINT('',(-13.10166852264,18.,101.));
#10018 = SURFACE_CURVE('',#10019,(#10024,#10031),.PCURVE_S1.);
#10019 = CIRCLE('',#10020,0.9);
#10020 = AXIS2_PLACEMENT_3D('',#10021,#10022,#10023);
#10021 = CARTESIAN_POINT('',(-13.85,18.,101.5));
#10022 = DIRECTION('',(0.,1.,0.));
#10023 = DIRECTION('',(0.,-0.,1.));
#10024 = PCURVE('',#8281,#10025);
#10025 = DEFINITIONAL_REPRESENTATION('',(#10026),#10030);
#10026 = LINE('',#10027,#10028);
#10027 = CARTESIAN_POINT('',(0.,16.5));
#10028 = VECTOR('',#10029,1.);
#10029 = DIRECTION('',(1.,0.));
#10030 = ( GEOMETRIC_REPRESENTATION_CONTEXT(2) 
PARAMETRIC_REPRESENTATION_CONTEXT() REPRESENTATION_CONTEXT('2D SPACE',''
  ) );
#10031 = PCURVE('',#9607,#10032);
#10032 = DEFINITIONAL_REPRESENTATION('',(#10033),#10037);
#10033 = CIRCLE('',#10034,0.9);
#10034 = AXIS2_PLACEMENT_2D('',#10035,#10036);
#10035 = CARTESIAN_POINT('',(14.5,3.15));
#10036 = DIRECTION('',(1.,0.));
#10037 = ( GEOMETRIC_REPRESENTATION_CONTEXT(2) 
PARAMETRIC_REPRESENTATION_CONTEXT() REPRESENTATION_CONTEXT('2D SPACE',''
  ) );
#10038 = ORIENTED_EDGE('',*,*,#10039,.T.);
#10039 = EDGE_CURVE('',#10016,#9693,#10040,.T.);
#10040 = SURFACE_CURVE('',#10041,(#10045,#10051),.PCURVE_S1.);
#10041 = LINE('',#10042,#10043);
#10042 = CARTESIAN_POINT('',(-13.10166852264,1.5,101.));
#10043 = VECTOR('',#10044,1.);
#10044 = DIRECTION('',(0.,1.,0.));
#10045 = PCURVE('',#8281,#10046);
#10046 = DEFINITIONAL_REPRESENTATION('',(#10047),#10050);
#10047 = B_SPLINE_CURVE_WITH_KNOTS('',1,(#10048,#10049),.UNSPECIFIED.,
  .F.,.F.,(2,2),(2.7,23.0000006),.PIECEWISE_BEZIER_KNOTS.);
#10048 = CARTESIAN_POINT('',(2.159827297011,2.7));
#10049 = CARTESIAN_POINT('',(2.159827297011,23.0000006));
#10050 = ( GEOMETRIC_REPRESENTATION_CONTEXT(2) 
PARAMETRIC_REPRESENTATION_CONTEXT() REPRESENTATION_CONTEXT('2D SPACE',''
  ) );
#10051 = PCURVE('',#9287,#10052);
#10052 = DEFINITIONAL_REPRESENTATION('',(#10053),#10056);
#10053 = B_SPLINE_CURVE_WITH_KNOTS('',1,(#10054,#10055),.UNSPECIFIED.,
  .F.,.F.,(2,2),(2.7,23.0000006),.PIECEWISE_BEZIER_KNOTS.);
#10054 = CARTESIAN_POINT('',(-25.10166852264,-13.8));
#10055 = CARTESIAN_POINT('',(-25.10166852264,6.5000006));
#10056 = ( GEOMETRIC_REPRESENTATION_CONTEXT(2) 
PARAMETRIC_REPRESENTATION_CONTEXT() REPRESENTATION_CONTEXT('2D SPACE',''
  ) );
#10057 = ADVANCED_FACE('',(#10058),#8487,.T.);
#10058 = FACE_BOUND('',#10059,.T.);
#10059 = EDGE_LOOP('',(#10060,#10083,#10084,#10085));
#10060 = ORIENTED_EDGE('',*,*,#10061,.F.);
#10061 = EDGE_CURVE('',#8446,#10062,#10064,.T.);
#10062 = VERTEX_POINT('',#10063);
#10063 = CARTESIAN_POINT('',(-12.2,13.5,89.));
#10064 = SURFACE_CURVE('',#10065,(#10069,#10076),.PCURVE_S1.);
#10065 = LINE('',#10066,#10067);
#10066 = CARTESIAN_POINT('',(-17.5,13.5,89.));
#10067 = VECTOR('',#10068,1.);
#10068 = DIRECTION('',(1.,0.,0.));
#10069 = PCURVE('',#8487,#10070);
#10070 = DEFINITIONAL_REPRESENTATION('',(#10071),#10075);
#10071 = LINE('',#10072,#10073);
#10072 = CARTESIAN_POINT('',(0.,6.));
#10073 = VECTOR('',#10074,1.);
#10074 = DIRECTION('',(1.,0.));
#10075 = ( GEOMETRIC_REPRESENTATION_CONTEXT(2) 
PARAMETRIC_REPRESENTATION_CONTEXT() REPRESENTATION_CONTEXT('2D SPACE',''
  ) );
#10076 = PCURVE('',#8462,#10077);
#10077 = DEFINITIONAL_REPRESENTATION('',(#10078),#10082);
#10078 = LINE('',#10079,#10080);
#10079 = CARTESIAN_POINT('',(3.14159265359,0.));
#10080 = VECTOR('',#10081,1.);
#10081 = DIRECTION('',(0.,1.));
#10082 = ( GEOMETRIC_REPRESENTATION_CONTEXT(2) 
PARAMETRIC_REPRESENTATION_CONTEXT() REPRESENTATION_CONTEXT('2D SPACE',''
  ) );
#10083 = ORIENTED_EDGE('',*,*,#8474,.T.);
#10084 = ORIENTED_EDGE('',*,*,#9075,.T.);
#10085 = ORIENTED_EDGE('',*,*,#10086,.F.);
#10086 = EDGE_CURVE('',#10062,#9076,#10087,.T.);
#10087 = SURFACE_CURVE('',#10088,(#10092,#10098),.PCURVE_S1.);
#10088 = LINE('',#10089,#10090);
#10089 = CARTESIAN_POINT('',(-12.2,5.,89.));
#10090 = VECTOR('',#10091,1.);
#10091 = DIRECTION('',(0.,-1.,0.));
#10092 = PCURVE('',#8487,#10093);
#10093 = DEFINITIONAL_REPRESENTATION('',(#10094),#10097);
#10094 = B_SPLINE_CURVE_WITH_KNOTS('',1,(#10095,#10096),.UNSPECIFIED.,
  .F.,.F.,(2,2),(-8.5,-2.5),.PIECEWISE_BEZIER_KNOTS.);
#10095 = CARTESIAN_POINT('',(5.3,6.));
#10096 = CARTESIAN_POINT('',(5.3,0.));
#10097 = ( GEOMETRIC_REPRESENTATION_CONTEXT(2) 
PARAMETRIC_REPRESENTATION_CONTEXT() REPRESENTATION_CONTEXT('2D SPACE',''
  ) );
#10098 = PCURVE('',#9115,#10099);
#10099 = DEFINITIONAL_REPRESENTATION('',(#10100),#10103);
#10100 = B_SPLINE_CURVE_WITH_KNOTS('',1,(#10101,#10102),.UNSPECIFIED.,
  .F.,.F.,(2,2),(-8.5,-2.5),.PIECEWISE_BEZIER_KNOTS.);
#10101 = CARTESIAN_POINT('',(5.,-11.));
#10102 = CARTESIAN_POINT('',(5.,-5.));
#10103 = ( GEOMETRIC_REPRESENTATION_CONTEXT(2) 
PARAMETRIC_REPRESENTATION_CONTEXT() REPRESENTATION_CONTEXT('2D SPACE',''
  ) );
#10104 = ADVANCED_FACE('',(#10105),#8462,.F.);
#10105 = FACE_BOUND('',#10106,.F.);
#10106 = EDGE_LOOP('',(#10107,#10108,#10109,#10130));
#10107 = ORIENTED_EDGE('',*,*,#10061,.F.);
#10108 = ORIENTED_EDGE('',*,*,#8445,.T.);
#10109 = ORIENTED_EDGE('',*,*,#10110,.T.);
#10110 = EDGE_CURVE('',#8420,#10111,#10113,.T.);
#10111 = VERTEX_POINT('',#10112);
#10112 = CARTESIAN_POINT('',(-12.2,18.,91.82055052823));
#10113 = SURFACE_CURVE('',#10114,(#10118,#10124),.PCURVE_S1.);
#10114 = LINE('',#10115,#10116);
#10115 = CARTESIAN_POINT('',(-17.5,18.,91.82055052823));
#10116 = VECTOR('',#10117,1.);
#10117 = DIRECTION('',(1.,0.,0.));
#10118 = PCURVE('',#8462,#10119);
#10119 = DEFINITIONAL_REPRESENTATION('',(#10120),#10123);
#10120 = B_SPLINE_CURVE_WITH_KNOTS('',1,(#10121,#10122),.UNSPECIFIED.,
  .F.,.F.,(2,2),(1.67,5.63),.PIECEWISE_BEZIER_KNOTS.);
#10121 = CARTESIAN_POINT('',(4.261362168588,1.67));
#10122 = CARTESIAN_POINT('',(4.261362168588,5.63));
#10123 = ( GEOMETRIC_REPRESENTATION_CONTEXT(2) 
PARAMETRIC_REPRESENTATION_CONTEXT() REPRESENTATION_CONTEXT('2D SPACE',''
  ) );
#10124 = PCURVE('',#8434,#10125);
#10125 = DEFINITIONAL_REPRESENTATION('',(#10126),#10129);
#10126 = B_SPLINE_CURVE_WITH_KNOTS('',1,(#10127,#10128),.UNSPECIFIED.,
  .F.,.F.,(2,2),(1.67,5.63),.PIECEWISE_BEZIER_KNOTS.);
#10127 = CARTESIAN_POINT('',(4.82055052823,1.17));
#10128 = CARTESIAN_POINT('',(4.82055052823,5.13));
#10129 = ( GEOMETRIC_REPRESENTATION_CONTEXT(2) 
PARAMETRIC_REPRESENTATION_CONTEXT() REPRESENTATION_CONTEXT('2D SPACE',''
  ) );
#10130 = ORIENTED_EDGE('',*,*,#10131,.F.);
#10131 = EDGE_CURVE('',#10062,#10111,#10132,.T.);
#10132 = SURFACE_CURVE('',#10133,(#10138,#10145),.PCURVE_S1.);
#10133 = CIRCLE('',#10134,5.);
#10134 = AXIS2_PLACEMENT_3D('',#10135,#10136,#10137);
#10135 = CARTESIAN_POINT('',(-12.2,13.5,94.));
#10136 = DIRECTION('',(1.,0.,0.));
#10137 = DIRECTION('',(-0.,0.,1.));
#10138 = PCURVE('',#8462,#10139);
#10139 = DEFINITIONAL_REPRESENTATION('',(#10140),#10144);
#10140 = LINE('',#10141,#10142);
#10141 = CARTESIAN_POINT('',(0.,5.3));
#10142 = VECTOR('',#10143,1.);
#10143 = DIRECTION('',(1.,0.));
#10144 = ( GEOMETRIC_REPRESENTATION_CONTEXT(2) 
PARAMETRIC_REPRESENTATION_CONTEXT() REPRESENTATION_CONTEXT('2D SPACE',''
  ) );
#10145 = PCURVE('',#9115,#10146);
#10146 = DEFINITIONAL_REPRESENTATION('',(#10147),#10151);
#10147 = CIRCLE('',#10148,5.);
#10148 = AXIS2_PLACEMENT_2D('',#10149,#10150);
#10149 = CARTESIAN_POINT('',(10.,-11.));
#10150 = DIRECTION('',(1.,0.));
#10151 = ( GEOMETRIC_REPRESENTATION_CONTEXT(2) 
PARAMETRIC_REPRESENTATION_CONTEXT() REPRESENTATION_CONTEXT('2D SPACE',''
  ) );
#10152 = ADVANCED_FACE('',(#10153),#8434,.T.);
#10153 = FACE_BOUND('',#10154,.T.);
#10154 = EDGE_LOOP('',(#10155,#10176,#10199,#10223,#10247,#10268,#10269)
  );
#10155 = ORIENTED_EDGE('',*,*,#10156,.F.);
#10156 = EDGE_CURVE('',#10157,#10111,#10159,.T.);
#10157 = VERTEX_POINT('',#10158);
#10158 = CARTESIAN_POINT('',(-12.2,18.,87.));
#10159 = SURFACE_CURVE('',#10160,(#10164,#10170),.PCURVE_S1.);
#10160 = LINE('',#10161,#10162);
#10161 = CARTESIAN_POINT('',(-12.2,18.,85.5));
#10162 = VECTOR('',#10163,1.);
#10163 = DIRECTION('',(0.,0.,1.));
#10164 = PCURVE('',#8434,#10165);
#10165 = DEFINITIONAL_REPRESENTATION('',(#10166),#10169);
#10166 = B_SPLINE_CURVE_WITH_KNOTS('',1,(#10167,#10168),.UNSPECIFIED.,
  .F.,.F.,(2,2),(1.5,15.5),.PIECEWISE_BEZIER_KNOTS.);
#10167 = CARTESIAN_POINT('',(0.,4.8));
#10168 = CARTESIAN_POINT('',(14.,4.8));
#10169 = ( GEOMETRIC_REPRESENTATION_CONTEXT(2) 
PARAMETRIC_REPRESENTATION_CONTEXT() REPRESENTATION_CONTEXT('2D SPACE',''
  ) );
#10170 = PCURVE('',#9115,#10171);
#10171 = DEFINITIONAL_REPRESENTATION('',(#10172),#10175);
#10172 = B_SPLINE_CURVE_WITH_KNOTS('',1,(#10173,#10174),.UNSPECIFIED.,
  .F.,.F.,(2,2),(1.5,15.5),.PIECEWISE_BEZIER_KNOTS.);
#10173 = CARTESIAN_POINT('',(3.,-15.5));
#10174 = CARTESIAN_POINT('',(17.,-15.5));
#10175 = ( GEOMETRIC_REPRESENTATION_CONTEXT(2) 
PARAMETRIC_REPRESENTATION_CONTEXT() REPRESENTATION_CONTEXT('2D SPACE',''
  ) );
#10176 = ORIENTED_EDGE('',*,*,#10177,.F.);
#10177 = EDGE_CURVE('',#10178,#10157,#10180,.T.);
#10178 = VERTEX_POINT('',#10179);
#10179 = CARTESIAN_POINT('',(-13.10166852264,18.,87.));
#10180 = SURFACE_CURVE('',#10181,(#10185,#10192),.PCURVE_S1.);
#10181 = LINE('',#10182,#10183);
#10182 = CARTESIAN_POINT('',(-17.,18.,87.));
#10183 = VECTOR('',#10184,1.);
#10184 = DIRECTION('',(1.,0.,0.));
#10185 = PCURVE('',#8434,#10186);
#10186 = DEFINITIONAL_REPRESENTATION('',(#10187),#10191);
#10187 = LINE('',#10188,#10189);
#10188 = CARTESIAN_POINT('',(0.,0.));
#10189 = VECTOR('',#10190,1.);
#10190 = DIRECTION('',(0.,1.));
#10191 = ( GEOMETRIC_REPRESENTATION_CONTEXT(2) 
PARAMETRIC_REPRESENTATION_CONTEXT() REPRESENTATION_CONTEXT('2D SPACE',''
  ) );
#10192 = PCURVE('',#8571,#10193);
#10193 = DEFINITIONAL_REPRESENTATION('',(#10194),#10198);
#10194 = LINE('',#10195,#10196);
#10195 = CARTESIAN_POINT('',(-29.,0.));
#10196 = VECTOR('',#10197,1.);
#10197 = DIRECTION('',(1.,0.));
#10198 = ( GEOMETRIC_REPRESENTATION_CONTEXT(2) 
PARAMETRIC_REPRESENTATION_CONTEXT() REPRESENTATION_CONTEXT('2D SPACE',''
  ) );
#10199 = ORIENTED_EDGE('',*,*,#10200,.F.);
#10200 = EDGE_CURVE('',#10201,#10178,#10203,.T.);
#10201 = VERTEX_POINT('',#10202);
#10202 = CARTESIAN_POINT('',(-13.85,18.,87.4));
#10203 = SURFACE_CURVE('',#10204,(#10209,#10216),.PCURVE_S1.);
#10204 = CIRCLE('',#10205,0.9);
#10205 = AXIS2_PLACEMENT_3D('',#10206,#10207,#10208);
#10206 = CARTESIAN_POINT('',(-13.85,18.,86.5));
#10207 = DIRECTION('',(0.,1.,0.));
#10208 = DIRECTION('',(0.,-0.,1.));
#10209 = PCURVE('',#8434,#10210);
#10210 = DEFINITIONAL_REPRESENTATION('',(#10211),#10215);
#10211 = CIRCLE('',#10212,0.9);
#10212 = AXIS2_PLACEMENT_2D('',#10213,#10214);
#10213 = CARTESIAN_POINT('',(-0.5,3.15));
#10214 = DIRECTION('',(1.,0.));
#10215 = ( GEOMETRIC_REPRESENTATION_CONTEXT(2) 
PARAMETRIC_REPRESENTATION_CONTEXT() REPRESENTATION_CONTEXT('2D SPACE',''
  ) );
#10216 = PCURVE('',#8543,#10217);
#10217 = DEFINITIONAL_REPRESENTATION('',(#10218),#10222);
#10218 = LINE('',#10219,#10220);
#10219 = CARTESIAN_POINT('',(0.,16.5));
#10220 = VECTOR('',#10221,1.);
#10221 = DIRECTION('',(1.,0.));
#10222 = ( GEOMETRIC_REPRESENTATION_CONTEXT(2) 
PARAMETRIC_REPRESENTATION_CONTEXT() REPRESENTATION_CONTEXT('2D SPACE',''
  ) );
#10223 = ORIENTED_EDGE('',*,*,#10224,.F.);
#10224 = EDGE_CURVE('',#10225,#10201,#10227,.T.);
#10225 = VERTEX_POINT('',#10226);
#10226 = CARTESIAN_POINT('',(-14.59833147735,18.,87.));
#10227 = SURFACE_CURVE('',#10228,(#10233,#10240),.PCURVE_S1.);
#10228 = CIRCLE('',#10229,0.9);
#10229 = AXIS2_PLACEMENT_3D('',#10230,#10231,#10232);
#10230 = CARTESIAN_POINT('',(-13.85,18.,86.5));
#10231 = DIRECTION('',(0.,1.,0.));
#10232 = DIRECTION('',(0.,-0.,1.));
#10233 = PCURVE('',#8434,#10234);
#10234 = DEFINITIONAL_REPRESENTATION('',(#10235),#10239);
#10235 = CIRCLE('',#10236,0.9);
#10236 = AXIS2_PLACEMENT_2D('',#10237,#10238);
#10237 = CARTESIAN_POINT('',(-0.5,3.15));
#10238 = DIRECTION('',(1.,0.));
#10239 = ( GEOMETRIC_REPRESENTATION_CONTEXT(2) 
PARAMETRIC_REPRESENTATION_CONTEXT() REPRESENTATION_CONTEXT('2D SPACE',''
  ) );
#10240 = PCURVE('',#8543,#10241);
#10241 = DEFINITIONAL_REPRESENTATION('',(#10242),#10246);
#10242 = LINE('',#10243,#10244);
#10243 = CARTESIAN_POINT('',(0.,16.5));
#10244 = VECTOR('',#10245,1.);
#10245 = DIRECTION('',(1.,0.));
#10246 = ( GEOMETRIC_REPRESENTATION_CONTEXT(2) 
PARAMETRIC_REPRESENTATION_CONTEXT() REPRESENTATION_CONTEXT('2D SPACE',''
  ) );
#10247 = ORIENTED_EDGE('',*,*,#10248,.F.);
#10248 = EDGE_CURVE('',#8393,#10225,#10249,.T.);
#10249 = SURFACE_CURVE('',#10250,(#10254,#10261),.PCURVE_S1.);
#10250 = LINE('',#10251,#10252);
#10251 = CARTESIAN_POINT('',(-17.,18.,87.));
#10252 = VECTOR('',#10253,1.);
#10253 = DIRECTION('',(1.,0.,0.));
#10254 = PCURVE('',#8434,#10255);
#10255 = DEFINITIONAL_REPRESENTATION('',(#10256),#10260);
#10256 = LINE('',#10257,#10258);
#10257 = CARTESIAN_POINT('',(0.,0.));
#10258 = VECTOR('',#10259,1.);
#10259 = DIRECTION('',(0.,1.));
#10260 = ( GEOMETRIC_REPRESENTATION_CONTEXT(2) 
PARAMETRIC_REPRESENTATION_CONTEXT() REPRESENTATION_CONTEXT('2D SPACE',''
  ) );
#10261 = PCURVE('',#8407,#10262);
#10262 = DEFINITIONAL_REPRESENTATION('',(#10263),#10267);
#10263 = LINE('',#10264,#10265);
#10264 = CARTESIAN_POINT('',(-29.,0.));
#10265 = VECTOR('',#10266,1.);
#10266 = DIRECTION('',(1.,0.));
#10267 = ( GEOMETRIC_REPRESENTATION_CONTEXT(2) 
PARAMETRIC_REPRESENTATION_CONTEXT() REPRESENTATION_CONTEXT('2D SPACE',''
  ) );
#10268 = ORIENTED_EDGE('',*,*,#8419,.T.);
#10269 = ORIENTED_EDGE('',*,*,#10110,.T.);
#10270 = ADVANCED_FACE('',(#10271),#8407,.T.);
#10271 = FACE_BOUND('',#10272,.T.);
#10272 = EDGE_LOOP('',(#10273,#10274,#10275,#10276));
#10273 = ORIENTED_EDGE('',*,*,#8503,.F.);
#10274 = ORIENTED_EDGE('',*,*,#8392,.T.);
#10275 = ORIENTED_EDGE('',*,*,#10248,.T.);
#10276 = ORIENTED_EDGE('',*,*,#10277,.T.);
#10277 = EDGE_CURVE('',#10225,#8504,#10278,.T.);
#10278 = SURFACE_CURVE('',#10279,(#10283,#10289),.PCURVE_S1.);
#10279 = LINE('',#10280,#10281);
#10280 = CARTESIAN_POINT('',(-14.59833147735,1.5,87.));
#10281 = VECTOR('',#10282,1.);
#10282 = DIRECTION('',(0.,1.,0.));
#10283 = PCURVE('',#8407,#10284);
#10284 = DEFINITIONAL_REPRESENTATION('',(#10285),#10288);
#10285 = B_SPLINE_CURVE_WITH_KNOTS('',1,(#10286,#10287),.UNSPECIFIED.,
  .F.,.F.,(2,2),(2.7,23.0000006),.PIECEWISE_BEZIER_KNOTS.);
#10286 = CARTESIAN_POINT('',(-26.59833147735,-13.8));
#10287 = CARTESIAN_POINT('',(-26.59833147735,6.5000006));
#10288 = ( GEOMETRIC_REPRESENTATION_CONTEXT(2) 
PARAMETRIC_REPRESENTATION_CONTEXT() REPRESENTATION_CONTEXT('2D SPACE',''
  ) );
#10289 = PCURVE('',#8543,#10290);
#10290 = DEFINITIONAL_REPRESENTATION('',(#10291),#10294);
#10291 = B_SPLINE_CURVE_WITH_KNOTS('',1,(#10292,#10293),.UNSPECIFIED.,
  .F.,.F.,(2,2),(2.7,23.0000006),.PIECEWISE_BEZIER_KNOTS.);
#10292 = CARTESIAN_POINT('',(5.301419950601,2.7));
#10293 = CARTESIAN_POINT('',(5.301419950601,23.0000006));
#10294 = ( GEOMETRIC_REPRESENTATION_CONTEXT(2) 
PARAMETRIC_REPRESENTATION_CONTEXT() REPRESENTATION_CONTEXT('2D SPACE',''
  ) );
#10295 = ADVANCED_FACE('',(#10296),#8623,.T.);
#10296 = FACE_BOUND('',#10297,.T.);
#10297 = EDGE_LOOP('',(#10298,#10299,#10300,#10321));
#10298 = ORIENTED_EDGE('',*,*,#8607,.F.);
#10299 = ORIENTED_EDGE('',*,*,#9447,.F.);
#10300 = ORIENTED_EDGE('',*,*,#10301,.T.);
#10301 = EDGE_CURVE('',#9357,#8685,#10302,.T.);
#10302 = SURFACE_CURVE('',#10303,(#10307,#10314),.PCURVE_S1.);
#10303 = LINE('',#10304,#10305);
#10304 = CARTESIAN_POINT('',(12.,18.,87.));
#10305 = VECTOR('',#10306,1.);
#10306 = DIRECTION('',(1.,0.,0.));
#10307 = PCURVE('',#8623,#10308);
#10308 = DEFINITIONAL_REPRESENTATION('',(#10309),#10313);
#10309 = LINE('',#10310,#10311);
#10310 = CARTESIAN_POINT('',(0.,0.));
#10311 = VECTOR('',#10312,1.);
#10312 = DIRECTION('',(1.,0.));
#10313 = ( GEOMETRIC_REPRESENTATION_CONTEXT(2) 
PARAMETRIC_REPRESENTATION_CONTEXT() REPRESENTATION_CONTEXT('2D SPACE',''
  ) );
#10314 = PCURVE('',#8721,#10315);
#10315 = DEFINITIONAL_REPRESENTATION('',(#10316),#10320);
#10316 = LINE('',#10317,#10318);
#10317 = CARTESIAN_POINT('',(0.,0.));
#10318 = VECTOR('',#10319,1.);
#10319 = DIRECTION('',(0.,1.));
#10320 = ( GEOMETRIC_REPRESENTATION_CONTEXT(2) 
PARAMETRIC_REPRESENTATION_CONTEXT() REPRESENTATION_CONTEXT('2D SPACE',''
  ) );
#10321 = ORIENTED_EDGE('',*,*,#8684,.F.);
#10322 = ADVANCED_FACE('',(#10323),#8571,.T.);
#10323 = FACE_BOUND('',#10324,.T.);
#10324 = EDGE_LOOP('',(#10325,#10326,#10345,#10346,#10368,#10390,#10417,
    #10438));
#10325 = ORIENTED_EDGE('',*,*,#8555,.F.);
#10326 = ORIENTED_EDGE('',*,*,#10327,.F.);
#10327 = EDGE_CURVE('',#10178,#8527,#10328,.T.);
#10328 = SURFACE_CURVE('',#10329,(#10333,#10339),.PCURVE_S1.);
#10329 = LINE('',#10330,#10331);
#10330 = CARTESIAN_POINT('',(-13.10166852264,1.5,87.));
#10331 = VECTOR('',#10332,1.);
#10332 = DIRECTION('',(0.,1.,0.));
#10333 = PCURVE('',#8571,#10334);
#10334 = DEFINITIONAL_REPRESENTATION('',(#10335),#10338);
#10335 = B_SPLINE_CURVE_WITH_KNOTS('',1,(#10336,#10337),.UNSPECIFIED.,
  .F.,.F.,(2,2),(2.7,23.0000006),.PIECEWISE_BEZIER_KNOTS.);
#10336 = CARTESIAN_POINT('',(-25.10166852264,-13.8));
#10337 = CARTESIAN_POINT('',(-25.10166852264,6.5000006));
#10338 = ( GEOMETRIC_REPRESENTATION_CONTEXT(2) 
PARAMETRIC_REPRESENTATION_CONTEXT() REPRESENTATION_CONTEXT('2D SPACE',''
  ) );
#10339 = PCURVE('',#8543,#10340);
#10340 = DEFINITIONAL_REPRESENTATION('',(#10341),#10344);
#10341 = B_SPLINE_CURVE_WITH_KNOTS('',1,(#10342,#10343),.UNSPECIFIED.,
  .F.,.F.,(2,2),(2.7,23.0000006),.PIECEWISE_BEZIER_KNOTS.);
#10342 = CARTESIAN_POINT('',(0.981765356579,2.7));
#10343 = CARTESIAN_POINT('',(0.981765356579,23.0000006));
#10344 = ( GEOMETRIC_REPRESENTATION_CONTEXT(2) 
PARAMETRIC_REPRESENTATION_CONTEXT() REPRESENTATION_CONTEXT('2D SPACE',''
  ) );
#10345 = ORIENTED_EDGE('',*,*,#10177,.T.);
#10346 = ORIENTED_EDGE('',*,*,#10347,.F.);
#10347 = EDGE_CURVE('',#10348,#10157,#10350,.T.);
#10348 = VERTEX_POINT('',#10349);
#10349 = CARTESIAN_POINT('',(-12.2,6.,87.));
#10350 = SURFACE_CURVE('',#10351,(#10355,#10362),.PCURVE_S1.);
#10351 = LINE('',#10352,#10353);
#10352 = CARTESIAN_POINT('',(-12.2,2.5,87.));
#10353 = VECTOR('',#10354,1.);
#10354 = DIRECTION('',(0.,1.,0.));
#10355 = PCURVE('',#8571,#10356);
#10356 = DEFINITIONAL_REPRESENTATION('',(#10357),#10361);
#10357 = LINE('',#10358,#10359);
#10358 = CARTESIAN_POINT('',(-24.2,-15.5));
#10359 = VECTOR('',#10360,1.);
#10360 = DIRECTION('',(0.,1.));
#10361 = ( GEOMETRIC_REPRESENTATION_CONTEXT(2) 
PARAMETRIC_REPRESENTATION_CONTEXT() REPRESENTATION_CONTEXT('2D SPACE',''
  ) );
#10362 = PCURVE('',#9115,#10363);
#10363 = DEFINITIONAL_REPRESENTATION('',(#10364),#10367);
#10364 = B_SPLINE_CURVE_WITH_KNOTS('',1,(#10365,#10366),.UNSPECIFIED.,
  .F.,.F.,(2,2),(3.5,21.5),.PIECEWISE_BEZIER_KNOTS.);
#10365 = CARTESIAN_POINT('',(3.,-3.5));
#10366 = CARTESIAN_POINT('',(3.,-21.5));
#10367 = ( GEOMETRIC_REPRESENTATION_CONTEXT(2) 
PARAMETRIC_REPRESENTATION_CONTEXT() REPRESENTATION_CONTEXT('2D SPACE',''
  ) );
#10368 = ORIENTED_EDGE('',*,*,#10369,.T.);
#10369 = EDGE_CURVE('',#10348,#10370,#10372,.T.);
#10370 = VERTEX_POINT('',#10371);
#10371 = CARTESIAN_POINT('',(12.2,6.,87.));
#10372 = SURFACE_CURVE('',#10373,(#10377,#10384),.PCURVE_S1.);
#10373 = LINE('',#10374,#10375);
#10374 = CARTESIAN_POINT('',(-16.25,6.,87.));
#10375 = VECTOR('',#10376,1.);
#10376 = DIRECTION('',(1.,0.,0.));
#10377 = PCURVE('',#8571,#10378);
#10378 = DEFINITIONAL_REPRESENTATION('',(#10379),#10383);
#10379 = LINE('',#10380,#10381);
#10380 = CARTESIAN_POINT('',(-28.25,-12.));
#10381 = VECTOR('',#10382,1.);
#10382 = DIRECTION('',(1.,0.));
#10383 = ( GEOMETRIC_REPRESENTATION_CONTEXT(2) 
PARAMETRIC_REPRESENTATION_CONTEXT() REPRESENTATION_CONTEXT('2D SPACE',''
  ) );
#10384 = PCURVE('',#8938,#10385);
#10385 = DEFINITIONAL_REPRESENTATION('',(#10386),#10389);
#10386 = B_SPLINE_CURVE_WITH_KNOTS('',1,(#10387,#10388),.UNSPECIFIED.,
  .F.,.F.,(2,2),(0.75,31.75),.PIECEWISE_BEZIER_KNOTS.);
#10387 = CARTESIAN_POINT('',(3.,1.5));
#10388 = CARTESIAN_POINT('',(3.,32.5));
#10389 = ( GEOMETRIC_REPRESENTATION_CONTEXT(2) 
PARAMETRIC_REPRESENTATION_CONTEXT() REPRESENTATION_CONTEXT('2D SPACE',''
  ) );
#10390 = ORIENTED_EDGE('',*,*,#10391,.T.);
#10391 = EDGE_CURVE('',#10370,#10392,#10394,.T.);
#10392 = VERTEX_POINT('',#10393);
#10393 = CARTESIAN_POINT('',(12.2,18.,87.));
#10394 = SURFACE_CURVE('',#10395,(#10399,#10406),.PCURVE_S1.);
#10395 = LINE('',#10396,#10397);
#10396 = CARTESIAN_POINT('',(12.2,2.5,87.));
#10397 = VECTOR('',#10398,1.);
#10398 = DIRECTION('',(0.,1.,0.));
#10399 = PCURVE('',#8571,#10400);
#10400 = DEFINITIONAL_REPRESENTATION('',(#10401),#10405);
#10401 = LINE('',#10402,#10403);
#10402 = CARTESIAN_POINT('',(0.2,-15.5));
#10403 = VECTOR('',#10404,1.);
#10404 = DIRECTION('',(0.,1.));
#10405 = ( GEOMETRIC_REPRESENTATION_CONTEXT(2) 
PARAMETRIC_REPRESENTATION_CONTEXT() REPRESENTATION_CONTEXT('2D SPACE',''
  ) );
#10406 = PCURVE('',#10407,#10412);
#10407 = PLANE('',#10408);
#10408 = AXIS2_PLACEMENT_3D('',#10409,#10410,#10411);
#10409 = CARTESIAN_POINT('',(12.2,2.5,84.));
#10410 = DIRECTION('',(1.,0.,0.));
#10411 = DIRECTION('',(0.,0.,1.));
#10412 = DEFINITIONAL_REPRESENTATION('',(#10413),#10416);
#10413 = B_SPLINE_CURVE_WITH_KNOTS('',1,(#10414,#10415),.UNSPECIFIED.,
  .F.,.F.,(2,2),(3.5,21.5),.PIECEWISE_BEZIER_KNOTS.);
#10414 = CARTESIAN_POINT('',(3.,-3.5));
#10415 = CARTESIAN_POINT('',(3.,-21.5));
#10416 = ( GEOMETRIC_REPRESENTATION_CONTEXT(2) 
PARAMETRIC_REPRESENTATION_CONTEXT() REPRESENTATION_CONTEXT('2D SPACE',''
  ) );
#10417 = ORIENTED_EDGE('',*,*,#10418,.T.);
#10418 = EDGE_CURVE('',#10392,#9404,#10419,.T.);
#10419 = SURFACE_CURVE('',#10420,(#10424,#10431),.PCURVE_S1.);
#10420 = LINE('',#10421,#10422);
#10421 = CARTESIAN_POINT('',(12.,18.,87.));
#10422 = VECTOR('',#10423,1.);
#10423 = DIRECTION('',(1.,0.,0.));
#10424 = PCURVE('',#8571,#10425);
#10425 = DEFINITIONAL_REPRESENTATION('',(#10426),#10430);
#10426 = LINE('',#10427,#10428);
#10427 = CARTESIAN_POINT('',(0.,0.));
#10428 = VECTOR('',#10429,1.);
#10429 = DIRECTION('',(1.,0.));
#10430 = ( GEOMETRIC_REPRESENTATION_CONTEXT(2) 
PARAMETRIC_REPRESENTATION_CONTEXT() REPRESENTATION_CONTEXT('2D SPACE',''
  ) );
#10431 = PCURVE('',#8721,#10432);
#10432 = DEFINITIONAL_REPRESENTATION('',(#10433),#10437);
#10433 = LINE('',#10434,#10435);
#10434 = CARTESIAN_POINT('',(0.,0.));
#10435 = VECTOR('',#10436,1.);
#10436 = DIRECTION('',(0.,1.));
#10437 = ( GEOMETRIC_REPRESENTATION_CONTEXT(2) 
PARAMETRIC_REPRESENTATION_CONTEXT() REPRESENTATION_CONTEXT('2D SPACE',''
  ) );
#10438 = ORIENTED_EDGE('',*,*,#9427,.T.);
#10439 = ADVANCED_FACE('',(#10440),#8543,.F.);
#10440 = FACE_BOUND('',#10441,.F.);
#10441 = EDGE_LOOP('',(#10442,#10443,#10466,#10493,#10494,#10495,#10496,
    #10497));
#10442 = ORIENTED_EDGE('',*,*,#10200,.F.);
#10443 = ORIENTED_EDGE('',*,*,#10444,.F.);
#10444 = EDGE_CURVE('',#10445,#10201,#10447,.T.);
#10445 = VERTEX_POINT('',#10446);
#10446 = CARTESIAN_POINT('',(-13.85,1.5,87.4));
#10447 = SEAM_CURVE('',#10448,(#10452,#10459),.PCURVE_S1.);
#10448 = LINE('',#10449,#10450);
#10449 = CARTESIAN_POINT('',(-13.85,1.5,87.4));
#10450 = VECTOR('',#10451,1.);
#10451 = DIRECTION('',(0.,1.,0.));
#10452 = PCURVE('',#8543,#10453);
#10453 = DEFINITIONAL_REPRESENTATION('',(#10454),#10458);
#10454 = LINE('',#10455,#10456);
#10455 = CARTESIAN_POINT('',(0.,-0.));
#10456 = VECTOR('',#10457,1.);
#10457 = DIRECTION('',(0.,1.));
#10458 = ( GEOMETRIC_REPRESENTATION_CONTEXT(2) 
PARAMETRIC_REPRESENTATION_CONTEXT() REPRESENTATION_CONTEXT('2D SPACE',''
  ) );
#10459 = PCURVE('',#8543,#10460);
#10460 = DEFINITIONAL_REPRESENTATION('',(#10461),#10465);
#10461 = LINE('',#10462,#10463);
#10462 = CARTESIAN_POINT('',(6.28318530718,-0.));
#10463 = VECTOR('',#10464,1.);
#10464 = DIRECTION('',(0.,1.));
#10465 = ( GEOMETRIC_REPRESENTATION_CONTEXT(2) 
PARAMETRIC_REPRESENTATION_CONTEXT() REPRESENTATION_CONTEXT('2D SPACE',''
  ) );
#10466 = ORIENTED_EDGE('',*,*,#10467,.T.);
#10467 = EDGE_CURVE('',#10445,#10445,#10468,.T.);
#10468 = SURFACE_CURVE('',#10469,(#10474,#10481),.PCURVE_S1.);
#10469 = CIRCLE('',#10470,0.9);
#10470 = AXIS2_PLACEMENT_3D('',#10471,#10472,#10473);
#10471 = CARTESIAN_POINT('',(-13.85,1.5,86.5));
#10472 = DIRECTION('',(0.,1.,0.));
#10473 = DIRECTION('',(0.,-0.,1.));
#10474 = PCURVE('',#8543,#10475);
#10475 = DEFINITIONAL_REPRESENTATION('',(#10476),#10480);
#10476 = LINE('',#10477,#10478);
#10477 = CARTESIAN_POINT('',(0.,0.));
#10478 = VECTOR('',#10479,1.);
#10479 = DIRECTION('',(1.,0.));
#10480 = ( GEOMETRIC_REPRESENTATION_CONTEXT(2) 
PARAMETRIC_REPRESENTATION_CONTEXT() REPRESENTATION_CONTEXT('2D SPACE',''
  ) );
#10481 = PCURVE('',#10482,#10487);
#10482 = PLANE('',#10483);
#10483 = AXIS2_PLACEMENT_3D('',#10484,#10485,#10486);
#10484 = CARTESIAN_POINT('',(-13.85,1.5,86.5));
#10485 = DIRECTION('',(0.,1.,0.));
#10486 = DIRECTION('',(0.,-0.,1.));
#10487 = DEFINITIONAL_REPRESENTATION('',(#10488),#10492);
#10488 = CIRCLE('',#10489,0.9);
#10489 = AXIS2_PLACEMENT_2D('',#10490,#10491);
#10490 = CARTESIAN_POINT('',(0.,0.));
#10491 = DIRECTION('',(1.,0.));
#10492 = ( GEOMETRIC_REPRESENTATION_CONTEXT(2) 
PARAMETRIC_REPRESENTATION_CONTEXT() REPRESENTATION_CONTEXT('2D SPACE',''
  ) );
#10493 = ORIENTED_EDGE('',*,*,#10444,.T.);
#10494 = ORIENTED_EDGE('',*,*,#10224,.F.);
#10495 = ORIENTED_EDGE('',*,*,#10277,.T.);
#10496 = ORIENTED_EDGE('',*,*,#8526,.F.);
#10497 = ORIENTED_EDGE('',*,*,#10327,.F.);
#10498 = ADVANCED_FACE('',(#10499),#8802,.F.);
#10499 = FACE_BOUND('',#10500,.F.);
#10500 = EDGE_LOOP('',(#10501,#10502,#10524,#10553,#10574,#10603,#10624,
    #10648,#10669,#10670,#10671,#10672,#10673));
#10501 = ORIENTED_EDGE('',*,*,#9812,.F.);
#10502 = ORIENTED_EDGE('',*,*,#10503,.F.);
#10503 = EDGE_CURVE('',#10504,#9813,#10506,.T.);
#10504 = VERTEX_POINT('',#10505);
#10505 = CARTESIAN_POINT('',(12.2,7.5,99.));
#10506 = SURFACE_CURVE('',#10507,(#10511,#10517),.PCURVE_S1.);
#10507 = LINE('',#10508,#10509);
#10508 = CARTESIAN_POINT('',(11.5,7.5,99.));
#10509 = VECTOR('',#10510,1.);
#10510 = DIRECTION('',(1.,0.,0.));
#10511 = PCURVE('',#8802,#10512);
#10512 = DEFINITIONAL_REPRESENTATION('',(#10513),#10516);
#10513 = B_SPLINE_CURVE_WITH_KNOTS('',1,(#10514,#10515),.UNSPECIFIED.,
  .F.,.F.,(2,2),(0.,6.),.PIECEWISE_BEZIER_KNOTS.);
#10514 = CARTESIAN_POINT('',(0.,0.));
#10515 = CARTESIAN_POINT('',(0.,6.));
#10516 = ( GEOMETRIC_REPRESENTATION_CONTEXT(2) 
PARAMETRIC_REPRESENTATION_CONTEXT() REPRESENTATION_CONTEXT('2D SPACE',''
  ) );
#10517 = PCURVE('',#9851,#10518);
#10518 = DEFINITIONAL_REPRESENTATION('',(#10519),#10523);
#10519 = LINE('',#10520,#10521);
#10520 = CARTESIAN_POINT('',(0.,0.));
#10521 = VECTOR('',#10522,1.);
#10522 = DIRECTION('',(1.,0.));
#10523 = ( GEOMETRIC_REPRESENTATION_CONTEXT(2) 
PARAMETRIC_REPRESENTATION_CONTEXT() REPRESENTATION_CONTEXT('2D SPACE',''
  ) );
#10524 = ORIENTED_EDGE('',*,*,#10525,.T.);
#10525 = EDGE_CURVE('',#10504,#10526,#10528,.T.);
#10526 = VERTEX_POINT('',#10527);
#10527 = CARTESIAN_POINT('',(12.2,6.,98.769696007085));
#10528 = SURFACE_CURVE('',#10529,(#10534,#10541),.PCURVE_S1.);
#10529 = CIRCLE('',#10530,5.);
#10530 = AXIS2_PLACEMENT_3D('',#10531,#10532,#10533);
#10531 = CARTESIAN_POINT('',(12.2,7.5,94.));
#10532 = DIRECTION('',(1.,0.,0.));
#10533 = DIRECTION('',(-0.,0.,1.));
#10534 = PCURVE('',#8802,#10535);
#10535 = DEFINITIONAL_REPRESENTATION('',(#10536),#10540);
#10536 = LINE('',#10537,#10538);
#10537 = CARTESIAN_POINT('',(0.,0.7));
#10538 = VECTOR('',#10539,1.);
#10539 = DIRECTION('',(1.,0.));
#10540 = ( GEOMETRIC_REPRESENTATION_CONTEXT(2) 
PARAMETRIC_REPRESENTATION_CONTEXT() REPRESENTATION_CONTEXT('2D SPACE',''
  ) );
#10541 = PCURVE('',#10542,#10547);
#10542 = PLANE('',#10543);
#10543 = AXIS2_PLACEMENT_3D('',#10544,#10545,#10546);
#10544 = CARTESIAN_POINT('',(12.2,2.5,84.));
#10545 = DIRECTION('',(1.,0.,0.));
#10546 = DIRECTION('',(0.,0.,1.));
#10547 = DEFINITIONAL_REPRESENTATION('',(#10548),#10552);
#10548 = CIRCLE('',#10549,5.);
#10549 = AXIS2_PLACEMENT_2D('',#10550,#10551);
#10550 = CARTESIAN_POINT('',(10.,-5.));
#10551 = DIRECTION('',(1.,0.));
#10552 = ( GEOMETRIC_REPRESENTATION_CONTEXT(2) 
PARAMETRIC_REPRESENTATION_CONTEXT() REPRESENTATION_CONTEXT('2D SPACE',''
  ) );
#10553 = ORIENTED_EDGE('',*,*,#10554,.F.);
#10554 = EDGE_CURVE('',#10555,#10526,#10557,.T.);
#10555 = VERTEX_POINT('',#10556);
#10556 = CARTESIAN_POINT('',(11.5,6.,98.769696007085));
#10557 = SURFACE_CURVE('',#10558,(#10562,#10568),.PCURVE_S1.);
#10558 = LINE('',#10559,#10560);
#10559 = CARTESIAN_POINT('',(11.5,6.,98.769696007085));
#10560 = VECTOR('',#10561,1.);
#10561 = DIRECTION('',(1.,0.,0.));
#10562 = PCURVE('',#8802,#10563);
#10563 = DEFINITIONAL_REPRESENTATION('',(#10564),#10567);
#10564 = B_SPLINE_CURVE_WITH_KNOTS('',1,(#10565,#10566),.UNSPECIFIED.,
  .F.,.F.,(2,2),(-5.999999999062E-07,3.14),.PIECEWISE_BEZIER_KNOTS.);
#10565 = CARTESIAN_POINT('',(0.304692654015,-5.999999999062E-07));
#10566 = CARTESIAN_POINT('',(0.304692654015,3.14));
#10567 = ( GEOMETRIC_REPRESENTATION_CONTEXT(2) 
PARAMETRIC_REPRESENTATION_CONTEXT() REPRESENTATION_CONTEXT('2D SPACE',''
  ) );
#10568 = PCURVE('',#8938,#10569);
#10569 = DEFINITIONAL_REPRESENTATION('',(#10570),#10573);
#10570 = B_SPLINE_CURVE_WITH_KNOTS('',1,(#10571,#10572),.UNSPECIFIED.,
  .F.,.F.,(2,2),(-5.999999999062E-07,3.14),.PIECEWISE_BEZIER_KNOTS.);
#10571 = CARTESIAN_POINT('',(14.769696007085,28.4999994));
#10572 = CARTESIAN_POINT('',(14.769696007085,31.64));
#10573 = ( GEOMETRIC_REPRESENTATION_CONTEXT(2) 
PARAMETRIC_REPRESENTATION_CONTEXT() REPRESENTATION_CONTEXT('2D SPACE',''
  ) );
#10574 = ORIENTED_EDGE('',*,*,#10575,.T.);
#10575 = EDGE_CURVE('',#10555,#10576,#10578,.T.);
#10576 = VERTEX_POINT('',#10577);
#10577 = CARTESIAN_POINT('',(11.5,6.,89.230303992915));
#10578 = SURFACE_CURVE('',#10579,(#10584,#10591),.PCURVE_S1.);
#10579 = CIRCLE('',#10580,5.);
#10580 = AXIS2_PLACEMENT_3D('',#10581,#10582,#10583);
#10581 = CARTESIAN_POINT('',(11.5,7.5,94.));
#10582 = DIRECTION('',(1.,0.,0.));
#10583 = DIRECTION('',(-0.,0.,1.));
#10584 = PCURVE('',#8802,#10585);
#10585 = DEFINITIONAL_REPRESENTATION('',(#10586),#10590);
#10586 = LINE('',#10587,#10588);
#10587 = CARTESIAN_POINT('',(0.,0.));
#10588 = VECTOR('',#10589,1.);
#10589 = DIRECTION('',(1.,0.));
#10590 = ( GEOMETRIC_REPRESENTATION_CONTEXT(2) 
PARAMETRIC_REPRESENTATION_CONTEXT() REPRESENTATION_CONTEXT('2D SPACE',''
  ) );
#10591 = PCURVE('',#10592,#10597);
#10592 = PLANE('',#10593);
#10593 = AXIS2_PLACEMENT_3D('',#10594,#10595,#10596);
#10594 = CARTESIAN_POINT('',(11.5,7.5,89.));
#10595 = DIRECTION('',(1.,0.,0.));
#10596 = DIRECTION('',(0.,0.,1.));
#10597 = DEFINITIONAL_REPRESENTATION('',(#10598),#10602);
#10598 = CIRCLE('',#10599,5.);
#10599 = AXIS2_PLACEMENT_2D('',#10600,#10601);
#10600 = CARTESIAN_POINT('',(5.,0.));
#10601 = DIRECTION('',(1.,0.));
#10602 = ( GEOMETRIC_REPRESENTATION_CONTEXT(2) 
PARAMETRIC_REPRESENTATION_CONTEXT() REPRESENTATION_CONTEXT('2D SPACE',''
  ) );
#10603 = ORIENTED_EDGE('',*,*,#10604,.T.);
#10604 = EDGE_CURVE('',#10576,#10605,#10607,.T.);
#10605 = VERTEX_POINT('',#10606);
#10606 = CARTESIAN_POINT('',(12.2,6.,89.230303992915));
#10607 = SURFACE_CURVE('',#10608,(#10612,#10618),.PCURVE_S1.);
#10608 = LINE('',#10609,#10610);
#10609 = CARTESIAN_POINT('',(11.5,6.,89.230303992915));
#10610 = VECTOR('',#10611,1.);
#10611 = DIRECTION('',(1.,0.,0.));
#10612 = PCURVE('',#8802,#10613);
#10613 = DEFINITIONAL_REPRESENTATION('',(#10614),#10617);
#10614 = B_SPLINE_CURVE_WITH_KNOTS('',1,(#10615,#10616),.UNSPECIFIED.,
  .F.,.F.,(2,2),(-5.999999999062E-07,3.14),.PIECEWISE_BEZIER_KNOTS.);
#10615 = CARTESIAN_POINT('',(2.836899999574,-5.999999999062E-07));
#10616 = CARTESIAN_POINT('',(2.836899999574,3.14));
#10617 = ( GEOMETRIC_REPRESENTATION_CONTEXT(2) 
PARAMETRIC_REPRESENTATION_CONTEXT() REPRESENTATION_CONTEXT('2D SPACE',''
  ) );
#10618 = PCURVE('',#8938,#10619);
#10619 = DEFINITIONAL_REPRESENTATION('',(#10620),#10623);
#10620 = B_SPLINE_CURVE_WITH_KNOTS('',1,(#10621,#10622),.UNSPECIFIED.,
  .F.,.F.,(2,2),(-5.999999999062E-07,3.14),.PIECEWISE_BEZIER_KNOTS.);
#10621 = CARTESIAN_POINT('',(5.230303992915,28.4999994));
#10622 = CARTESIAN_POINT('',(5.230303992915,31.64));
#10623 = ( GEOMETRIC_REPRESENTATION_CONTEXT(2) 
PARAMETRIC_REPRESENTATION_CONTEXT() REPRESENTATION_CONTEXT('2D SPACE',''
  ) );
#10624 = ORIENTED_EDGE('',*,*,#10625,.T.);
#10625 = EDGE_CURVE('',#10605,#10626,#10628,.T.);
#10626 = VERTEX_POINT('',#10627);
#10627 = CARTESIAN_POINT('',(12.2,7.5,89.));
#10628 = SURFACE_CURVE('',#10629,(#10634,#10641),.PCURVE_S1.);
#10629 = CIRCLE('',#10630,5.);
#10630 = AXIS2_PLACEMENT_3D('',#10631,#10632,#10633);
#10631 = CARTESIAN_POINT('',(12.2,7.5,94.));
#10632 = DIRECTION('',(1.,0.,0.));
#10633 = DIRECTION('',(-0.,0.,1.));
#10634 = PCURVE('',#8802,#10635);
#10635 = DEFINITIONAL_REPRESENTATION('',(#10636),#10640);
#10636 = LINE('',#10637,#10638);
#10637 = CARTESIAN_POINT('',(0.,0.7));
#10638 = VECTOR('',#10639,1.);
#10639 = DIRECTION('',(1.,0.));
#10640 = ( GEOMETRIC_REPRESENTATION_CONTEXT(2) 
PARAMETRIC_REPRESENTATION_CONTEXT() REPRESENTATION_CONTEXT('2D SPACE',''
  ) );
#10641 = PCURVE('',#10407,#10642);
#10642 = DEFINITIONAL_REPRESENTATION('',(#10643),#10647);
#10643 = CIRCLE('',#10644,5.);
#10644 = AXIS2_PLACEMENT_2D('',#10645,#10646);
#10645 = CARTESIAN_POINT('',(10.,-5.));
#10646 = DIRECTION('',(1.,0.));
#10647 = ( GEOMETRIC_REPRESENTATION_CONTEXT(2) 
PARAMETRIC_REPRESENTATION_CONTEXT() REPRESENTATION_CONTEXT('2D SPACE',''
  ) );
#10648 = ORIENTED_EDGE('',*,*,#10649,.T.);
#10649 = EDGE_CURVE('',#10626,#8762,#10650,.T.);
#10650 = SURFACE_CURVE('',#10651,(#10655,#10662),.PCURVE_S1.);
#10651 = LINE('',#10652,#10653);
#10652 = CARTESIAN_POINT('',(11.5,7.5,89.));
#10653 = VECTOR('',#10654,1.);
#10654 = DIRECTION('',(1.,0.,0.));
#10655 = PCURVE('',#8802,#10656);
#10656 = DEFINITIONAL_REPRESENTATION('',(#10657),#10661);
#10657 = LINE('',#10658,#10659);
#10658 = CARTESIAN_POINT('',(3.14159265359,0.));
#10659 = VECTOR('',#10660,1.);
#10660 = DIRECTION('',(0.,1.));
#10661 = ( GEOMETRIC_REPRESENTATION_CONTEXT(2) 
PARAMETRIC_REPRESENTATION_CONTEXT() REPRESENTATION_CONTEXT('2D SPACE',''
  ) );
#10662 = PCURVE('',#8776,#10663);
#10663 = DEFINITIONAL_REPRESENTATION('',(#10664),#10668);
#10664 = LINE('',#10665,#10666);
#10665 = CARTESIAN_POINT('',(0.,0.));
#10666 = VECTOR('',#10667,1.);
#10667 = DIRECTION('',(1.,0.));
#10668 = ( GEOMETRIC_REPRESENTATION_CONTEXT(2) 
PARAMETRIC_REPRESENTATION_CONTEXT() REPRESENTATION_CONTEXT('2D SPACE',''
  ) );
#10669 = ORIENTED_EDGE('',*,*,#8787,.F.);
#10670 = ORIENTED_EDGE('',*,*,#8819,.T.);
#10671 = ORIENTED_EDGE('',*,*,#8867,.F.);
#10672 = ORIENTED_EDGE('',*,*,#9150,.F.);
#10673 = ORIENTED_EDGE('',*,*,#9937,.F.);
#10674 = ADVANCED_FACE('',(#10675),#8776,.T.);
#10675 = FACE_BOUND('',#10676,.T.);
#10676 = EDGE_LOOP('',(#10677,#10700,#10719,#10720));
#10677 = ORIENTED_EDGE('',*,*,#10678,.F.);
#10678 = EDGE_CURVE('',#10679,#8733,#10681,.T.);
#10679 = VERTEX_POINT('',#10680);
#10680 = CARTESIAN_POINT('',(12.2,13.5,89.));
#10681 = SURFACE_CURVE('',#10682,(#10686,#10693),.PCURVE_S1.);
#10682 = LINE('',#10683,#10684);
#10683 = CARTESIAN_POINT('',(11.5,13.5,89.));
#10684 = VECTOR('',#10685,1.);
#10685 = DIRECTION('',(1.,0.,0.));
#10686 = PCURVE('',#8776,#10687);
#10687 = DEFINITIONAL_REPRESENTATION('',(#10688),#10692);
#10688 = LINE('',#10689,#10690);
#10689 = CARTESIAN_POINT('',(0.,6.));
#10690 = VECTOR('',#10691,1.);
#10691 = DIRECTION('',(1.,0.));
#10692 = ( GEOMETRIC_REPRESENTATION_CONTEXT(2) 
PARAMETRIC_REPRESENTATION_CONTEXT() REPRESENTATION_CONTEXT('2D SPACE',''
  ) );
#10693 = PCURVE('',#8749,#10694);
#10694 = DEFINITIONAL_REPRESENTATION('',(#10695),#10699);
#10695 = LINE('',#10696,#10697);
#10696 = CARTESIAN_POINT('',(3.14159265359,0.));
#10697 = VECTOR('',#10698,1.);
#10698 = DIRECTION('',(0.,1.));
#10699 = ( GEOMETRIC_REPRESENTATION_CONTEXT(2) 
PARAMETRIC_REPRESENTATION_CONTEXT() REPRESENTATION_CONTEXT('2D SPACE',''
  ) );
#10700 = ORIENTED_EDGE('',*,*,#10701,.T.);
#10701 = EDGE_CURVE('',#10679,#10626,#10702,.T.);
#10702 = SURFACE_CURVE('',#10703,(#10707,#10713),.PCURVE_S1.);
#10703 = LINE('',#10704,#10705);
#10704 = CARTESIAN_POINT('',(12.2,5.,89.));
#10705 = VECTOR('',#10706,1.);
#10706 = DIRECTION('',(0.,-1.,0.));
#10707 = PCURVE('',#8776,#10708);
#10708 = DEFINITIONAL_REPRESENTATION('',(#10709),#10712);
#10709 = B_SPLINE_CURVE_WITH_KNOTS('',1,(#10710,#10711),.UNSPECIFIED.,
  .F.,.F.,(2,2),(-8.5,-2.5),.PIECEWISE_BEZIER_KNOTS.);
#10710 = CARTESIAN_POINT('',(0.7,6.));
#10711 = CARTESIAN_POINT('',(0.7,0.));
#10712 = ( GEOMETRIC_REPRESENTATION_CONTEXT(2) 
PARAMETRIC_REPRESENTATION_CONTEXT() REPRESENTATION_CONTEXT('2D SPACE',''
  ) );
#10713 = PCURVE('',#10407,#10714);
#10714 = DEFINITIONAL_REPRESENTATION('',(#10715),#10718);
#10715 = B_SPLINE_CURVE_WITH_KNOTS('',1,(#10716,#10717),.UNSPECIFIED.,
  .F.,.F.,(2,2),(-8.5,-2.5),.PIECEWISE_BEZIER_KNOTS.);
#10716 = CARTESIAN_POINT('',(5.,-11.));
#10717 = CARTESIAN_POINT('',(5.,-5.));
#10718 = ( GEOMETRIC_REPRESENTATION_CONTEXT(2) 
PARAMETRIC_REPRESENTATION_CONTEXT() REPRESENTATION_CONTEXT('2D SPACE',''
  ) );
#10719 = ORIENTED_EDGE('',*,*,#10649,.T.);
#10720 = ORIENTED_EDGE('',*,*,#8761,.F.);
#10721 = ADVANCED_FACE('',(#10722),#8749,.F.);
#10722 = FACE_BOUND('',#10723,.F.);
#10723 = EDGE_LOOP('',(#10724,#10725,#10749,#10768));
#10724 = ORIENTED_EDGE('',*,*,#10678,.F.);
#10725 = ORIENTED_EDGE('',*,*,#10726,.T.);
#10726 = EDGE_CURVE('',#10679,#10727,#10729,.T.);
#10727 = VERTEX_POINT('',#10728);
#10728 = CARTESIAN_POINT('',(12.2,18.,91.82055052823));
#10729 = SURFACE_CURVE('',#10730,(#10735,#10742),.PCURVE_S1.);
#10730 = CIRCLE('',#10731,5.);
#10731 = AXIS2_PLACEMENT_3D('',#10732,#10733,#10734);
#10732 = CARTESIAN_POINT('',(12.2,13.5,94.));
#10733 = DIRECTION('',(1.,0.,0.));
#10734 = DIRECTION('',(-0.,0.,1.));
#10735 = PCURVE('',#8749,#10736);
#10736 = DEFINITIONAL_REPRESENTATION('',(#10737),#10741);
#10737 = LINE('',#10738,#10739);
#10738 = CARTESIAN_POINT('',(0.,0.7));
#10739 = VECTOR('',#10740,1.);
#10740 = DIRECTION('',(1.,0.));
#10741 = ( GEOMETRIC_REPRESENTATION_CONTEXT(2) 
PARAMETRIC_REPRESENTATION_CONTEXT() REPRESENTATION_CONTEXT('2D SPACE',''
  ) );
#10742 = PCURVE('',#10407,#10743);
#10743 = DEFINITIONAL_REPRESENTATION('',(#10744),#10748);
#10744 = CIRCLE('',#10745,5.);
#10745 = AXIS2_PLACEMENT_2D('',#10746,#10747);
#10746 = CARTESIAN_POINT('',(10.,-11.));
#10747 = DIRECTION('',(1.,0.));
#10748 = ( GEOMETRIC_REPRESENTATION_CONTEXT(2) 
PARAMETRIC_REPRESENTATION_CONTEXT() REPRESENTATION_CONTEXT('2D SPACE',''
  ) );
#10749 = ORIENTED_EDGE('',*,*,#10750,.T.);
#10750 = EDGE_CURVE('',#10727,#8707,#10751,.T.);
#10751 = SURFACE_CURVE('',#10752,(#10756,#10762),.PCURVE_S1.);
#10752 = LINE('',#10753,#10754);
#10753 = CARTESIAN_POINT('',(11.5,18.,91.82055052823));
#10754 = VECTOR('',#10755,1.);
#10755 = DIRECTION('',(1.,0.,0.));
#10756 = PCURVE('',#8749,#10757);
#10757 = DEFINITIONAL_REPRESENTATION('',(#10758),#10761);
#10758 = B_SPLINE_CURVE_WITH_KNOTS('',1,(#10759,#10760),.UNSPECIFIED.,
  .F.,.F.,(2,2),(0.37,4.33),.PIECEWISE_BEZIER_KNOTS.);
#10759 = CARTESIAN_POINT('',(4.261362168588,0.37));
#10760 = CARTESIAN_POINT('',(4.261362168588,4.33));
#10761 = ( GEOMETRIC_REPRESENTATION_CONTEXT(2) 
PARAMETRIC_REPRESENTATION_CONTEXT() REPRESENTATION_CONTEXT('2D SPACE',''
  ) );
#10762 = PCURVE('',#8721,#10763);
#10763 = DEFINITIONAL_REPRESENTATION('',(#10764),#10767);
#10764 = B_SPLINE_CURVE_WITH_KNOTS('',1,(#10765,#10766),.UNSPECIFIED.,
  .F.,.F.,(2,2),(0.37,4.33),.PIECEWISE_BEZIER_KNOTS.);
#10765 = CARTESIAN_POINT('',(4.82055052823,-0.13));
#10766 = CARTESIAN_POINT('',(4.82055052823,3.83));
#10767 = ( GEOMETRIC_REPRESENTATION_CONTEXT(2) 
PARAMETRIC_REPRESENTATION_CONTEXT() REPRESENTATION_CONTEXT('2D SPACE',''
  ) );
#10768 = ORIENTED_EDGE('',*,*,#8732,.F.);
#10769 = ADVANCED_FACE('',(#10770),#8721,.T.);
#10770 = FACE_BOUND('',#10771,.T.);
#10771 = EDGE_LOOP('',(#10772,#10773,#10792,#10793,#10794,#10795,#10796)
  );
#10772 = ORIENTED_EDGE('',*,*,#10418,.F.);
#10773 = ORIENTED_EDGE('',*,*,#10774,.T.);
#10774 = EDGE_CURVE('',#10392,#10727,#10775,.T.);
#10775 = SURFACE_CURVE('',#10776,(#10780,#10786),.PCURVE_S1.);
#10776 = LINE('',#10777,#10778);
#10777 = CARTESIAN_POINT('',(12.2,18.,85.5));
#10778 = VECTOR('',#10779,1.);
#10779 = DIRECTION('',(0.,0.,1.));
#10780 = PCURVE('',#8721,#10781);
#10781 = DEFINITIONAL_REPRESENTATION('',(#10782),#10785);
#10782 = B_SPLINE_CURVE_WITH_KNOTS('',1,(#10783,#10784),.UNSPECIFIED.,
  .F.,.F.,(2,2),(1.5,15.5),.PIECEWISE_BEZIER_KNOTS.);
#10783 = CARTESIAN_POINT('',(0.,0.2));
#10784 = CARTESIAN_POINT('',(14.,0.2));
#10785 = ( GEOMETRIC_REPRESENTATION_CONTEXT(2) 
PARAMETRIC_REPRESENTATION_CONTEXT() REPRESENTATION_CONTEXT('2D SPACE',''
  ) );
#10786 = PCURVE('',#10407,#10787);
#10787 = DEFINITIONAL_REPRESENTATION('',(#10788),#10791);
#10788 = B_SPLINE_CURVE_WITH_KNOTS('',1,(#10789,#10790),.UNSPECIFIED.,
  .F.,.F.,(2,2),(1.5,15.5),.PIECEWISE_BEZIER_KNOTS.);
#10789 = CARTESIAN_POINT('',(3.,-15.5));
#10790 = CARTESIAN_POINT('',(17.,-15.5));
#10791 = ( GEOMETRIC_REPRESENTATION_CONTEXT(2) 
PARAMETRIC_REPRESENTATION_CONTEXT() REPRESENTATION_CONTEXT('2D SPACE',''
  ) );
#10792 = ORIENTED_EDGE('',*,*,#10750,.T.);
#10793 = ORIENTED_EDGE('',*,*,#8706,.F.);
#10794 = ORIENTED_EDGE('',*,*,#10301,.F.);
#10795 = ORIENTED_EDGE('',*,*,#9354,.F.);
#10796 = ORIENTED_EDGE('',*,*,#9403,.F.);
#10797 = ADVANCED_FACE('',(#10798),#8911,.F.);
#10798 = FACE_BOUND('',#10799,.F.);
#10799 = EDGE_LOOP('',(#10800,#10819));
#10800 = ORIENTED_EDGE('',*,*,#10801,.F.);
#10801 = EDGE_CURVE('',#8893,#8895,#10802,.T.);
#10802 = SURFACE_CURVE('',#10803,(#10807,#10813),.PCURVE_S1.);
#10803 = LINE('',#10804,#10805);
#10804 = CARTESIAN_POINT('',(-11.5,6.,86.5));
#10805 = VECTOR('',#10806,1.);
#10806 = DIRECTION('',(0.,0.,-1.));
#10807 = PCURVE('',#8911,#10808);
#10808 = DEFINITIONAL_REPRESENTATION('',(#10809),#10812);
#10809 = B_SPLINE_CURVE_WITH_KNOTS('',1,(#10810,#10811),.UNSPECIFIED.,
  .F.,.F.,(2,2),(-12.5,-2.5),.PIECEWISE_BEZIER_KNOTS.);
#10810 = CARTESIAN_POINT('',(10.,1.5));
#10811 = CARTESIAN_POINT('',(0.,1.5));
#10812 = ( GEOMETRIC_REPRESENTATION_CONTEXT(2) 
PARAMETRIC_REPRESENTATION_CONTEXT() REPRESENTATION_CONTEXT('2D SPACE',''
  ) );
#10813 = PCURVE('',#8938,#10814);
#10814 = DEFINITIONAL_REPRESENTATION('',(#10815),#10818);
#10815 = B_SPLINE_CURVE_WITH_KNOTS('',1,(#10816,#10817),.UNSPECIFIED.,
  .F.,.F.,(2,2),(-12.5,-2.5),.PIECEWISE_BEZIER_KNOTS.);
#10816 = CARTESIAN_POINT('',(15.,5.5));
#10817 = CARTESIAN_POINT('',(5.,5.5));
#10818 = ( GEOMETRIC_REPRESENTATION_CONTEXT(2) 
PARAMETRIC_REPRESENTATION_CONTEXT() REPRESENTATION_CONTEXT('2D SPACE',''
  ) );
#10819 = ORIENTED_EDGE('',*,*,#8892,.T.);
#10820 = ADVANCED_FACE('',(#10821),#8938,.T.);
#10821 = FACE_BOUND('',#10822,.T.);
#10822 = EDGE_LOOP('',(#10823,#10824,#10843,#10844,#10845,#10846,#10867,
    #10889,#10908,#10909,#10928,#10929));
#10823 = ORIENTED_EDGE('',*,*,#10369,.F.);
#10824 = ORIENTED_EDGE('',*,*,#10825,.F.);
#10825 = EDGE_CURVE('',#9099,#10348,#10826,.T.);
#10826 = SURFACE_CURVE('',#10827,(#10831,#10837),.PCURVE_S1.);
#10827 = LINE('',#10828,#10829);
#10828 = CARTESIAN_POINT('',(-12.2,6.,84.));
#10829 = VECTOR('',#10830,1.);
#10830 = DIRECTION('',(0.,0.,-1.));
#10831 = PCURVE('',#8938,#10832);
#10832 = DEFINITIONAL_REPRESENTATION('',(#10833),#10836);
#10833 = B_SPLINE_CURVE_WITH_KNOTS('',1,(#10834,#10835),.UNSPECIFIED.,
  .F.,.F.,(2,2),(-20.,0.),.PIECEWISE_BEZIER_KNOTS.);
#10834 = CARTESIAN_POINT('',(20.,4.8));
#10835 = CARTESIAN_POINT('',(0.,4.8));
#10836 = ( GEOMETRIC_REPRESENTATION_CONTEXT(2) 
PARAMETRIC_REPRESENTATION_CONTEXT() REPRESENTATION_CONTEXT('2D SPACE',''
  ) );
#10837 = PCURVE('',#9115,#10838);
#10838 = DEFINITIONAL_REPRESENTATION('',(#10839),#10842);
#10839 = B_SPLINE_CURVE_WITH_KNOTS('',1,(#10840,#10841),.UNSPECIFIED.,
  .F.,.F.,(2,2),(-20.,0.),.PIECEWISE_BEZIER_KNOTS.);
#10840 = CARTESIAN_POINT('',(20.,-3.5));
#10841 = CARTESIAN_POINT('',(0.,-3.5));
#10842 = ( GEOMETRIC_REPRESENTATION_CONTEXT(2) 
PARAMETRIC_REPRESENTATION_CONTEXT() REPRESENTATION_CONTEXT('2D SPACE',''
  ) );
#10843 = ORIENTED_EDGE('',*,*,#9127,.T.);
#10844 = ORIENTED_EDGE('',*,*,#10801,.F.);
#10845 = ORIENTED_EDGE('',*,*,#8923,.F.);
#10846 = ORIENTED_EDGE('',*,*,#10847,.F.);
#10847 = EDGE_CURVE('',#10848,#8924,#10850,.T.);
#10848 = VERTEX_POINT('',#10849);
#10849 = CARTESIAN_POINT('',(-12.2,6.,101.));
#10850 = SURFACE_CURVE('',#10851,(#10855,#10861),.PCURVE_S1.);
#10851 = LINE('',#10852,#10853);
#10852 = CARTESIAN_POINT('',(-12.2,6.,84.));
#10853 = VECTOR('',#10854,1.);
#10854 = DIRECTION('',(0.,0.,-1.));
#10855 = PCURVE('',#8938,#10856);
#10856 = DEFINITIONAL_REPRESENTATION('',(#10857),#10860);
#10857 = B_SPLINE_CURVE_WITH_KNOTS('',1,(#10858,#10859),.UNSPECIFIED.,
  .F.,.F.,(2,2),(-20.,0.),.PIECEWISE_BEZIER_KNOTS.);
#10858 = CARTESIAN_POINT('',(20.,4.8));
#10859 = CARTESIAN_POINT('',(0.,4.8));
#10860 = ( GEOMETRIC_REPRESENTATION_CONTEXT(2) 
PARAMETRIC_REPRESENTATION_CONTEXT() REPRESENTATION_CONTEXT('2D SPACE',''
  ) );
#10861 = PCURVE('',#8966,#10862);
#10862 = DEFINITIONAL_REPRESENTATION('',(#10863),#10866);
#10863 = B_SPLINE_CURVE_WITH_KNOTS('',1,(#10864,#10865),.UNSPECIFIED.,
  .F.,.F.,(2,2),(-20.,0.),.PIECEWISE_BEZIER_KNOTS.);
#10864 = CARTESIAN_POINT('',(20.,-3.5));
#10865 = CARTESIAN_POINT('',(0.,-3.5));
#10866 = ( GEOMETRIC_REPRESENTATION_CONTEXT(2) 
PARAMETRIC_REPRESENTATION_CONTEXT() REPRESENTATION_CONTEXT('2D SPACE',''
  ) );
#10867 = ORIENTED_EDGE('',*,*,#10868,.T.);
#10868 = EDGE_CURVE('',#10848,#10869,#10871,.T.);
#10869 = VERTEX_POINT('',#10870);
#10870 = CARTESIAN_POINT('',(12.2,6.,101.));
#10871 = SURFACE_CURVE('',#10872,(#10876,#10882),.PCURVE_S1.);
#10872 = LINE('',#10873,#10874);
#10873 = CARTESIAN_POINT('',(-16.25,6.,101.));
#10874 = VECTOR('',#10875,1.);
#10875 = DIRECTION('',(1.,0.,0.));
#10876 = PCURVE('',#8938,#10877);
#10877 = DEFINITIONAL_REPRESENTATION('',(#10878),#10881);
#10878 = B_SPLINE_CURVE_WITH_KNOTS('',1,(#10879,#10880),.UNSPECIFIED.,
  .F.,.F.,(2,2),(4.05,28.45),.PIECEWISE_BEZIER_KNOTS.);
#10879 = CARTESIAN_POINT('',(17.,4.8));
#10880 = CARTESIAN_POINT('',(17.,29.2));
#10881 = ( GEOMETRIC_REPRESENTATION_CONTEXT(2) 
PARAMETRIC_REPRESENTATION_CONTEXT() REPRESENTATION_CONTEXT('2D SPACE',''
  ) );
#10882 = PCURVE('',#9287,#10883);
#10883 = DEFINITIONAL_REPRESENTATION('',(#10884),#10888);
#10884 = LINE('',#10885,#10886);
#10885 = CARTESIAN_POINT('',(-28.25,-12.));
#10886 = VECTOR('',#10887,1.);
#10887 = DIRECTION('',(1.,0.));
#10888 = ( GEOMETRIC_REPRESENTATION_CONTEXT(2) 
PARAMETRIC_REPRESENTATION_CONTEXT() REPRESENTATION_CONTEXT('2D SPACE',''
  ) );
#10889 = ORIENTED_EDGE('',*,*,#10890,.T.);
#10890 = EDGE_CURVE('',#10869,#10526,#10891,.T.);
#10891 = SURFACE_CURVE('',#10892,(#10896,#10902),.PCURVE_S1.);
#10892 = LINE('',#10893,#10894);
#10893 = CARTESIAN_POINT('',(12.2,6.,84.));
#10894 = VECTOR('',#10895,1.);
#10895 = DIRECTION('',(0.,0.,-1.));
#10896 = PCURVE('',#8938,#10897);
#10897 = DEFINITIONAL_REPRESENTATION('',(#10898),#10901);
#10898 = B_SPLINE_CURVE_WITH_KNOTS('',1,(#10899,#10900),.UNSPECIFIED.,
  .F.,.F.,(2,2),(-20.,0.),.PIECEWISE_BEZIER_KNOTS.);
#10899 = CARTESIAN_POINT('',(20.,29.2));
#10900 = CARTESIAN_POINT('',(0.,29.2));
#10901 = ( GEOMETRIC_REPRESENTATION_CONTEXT(2) 
PARAMETRIC_REPRESENTATION_CONTEXT() REPRESENTATION_CONTEXT('2D SPACE',''
  ) );
#10902 = PCURVE('',#10542,#10903);
#10903 = DEFINITIONAL_REPRESENTATION('',(#10904),#10907);
#10904 = B_SPLINE_CURVE_WITH_KNOTS('',1,(#10905,#10906),.UNSPECIFIED.,
  .F.,.F.,(2,2),(-20.,0.),.PIECEWISE_BEZIER_KNOTS.);
#10905 = CARTESIAN_POINT('',(20.,-3.5));
#10906 = CARTESIAN_POINT('',(0.,-3.5));
#10907 = ( GEOMETRIC_REPRESENTATION_CONTEXT(2) 
PARAMETRIC_REPRESENTATION_CONTEXT() REPRESENTATION_CONTEXT('2D SPACE',''
  ) );
#10908 = ORIENTED_EDGE('',*,*,#10554,.F.);
#10909 = ORIENTED_EDGE('',*,*,#10910,.T.);
#10910 = EDGE_CURVE('',#10555,#10576,#10911,.T.);
#10911 = SURFACE_CURVE('',#10912,(#10916,#10922),.PCURVE_S1.);
#10912 = LINE('',#10913,#10914);
#10913 = CARTESIAN_POINT('',(11.5,6.,86.5));
#10914 = VECTOR('',#10915,1.);
#10915 = DIRECTION('',(0.,0.,-1.));
#10916 = PCURVE('',#8938,#10917);
#10917 = DEFINITIONAL_REPRESENTATION('',(#10918),#10921);
#10918 = B_SPLINE_CURVE_WITH_KNOTS('',1,(#10919,#10920),.UNSPECIFIED.,
  .F.,.F.,(2,2),(-12.5,-2.5),.PIECEWISE_BEZIER_KNOTS.);
#10919 = CARTESIAN_POINT('',(15.,28.5));
#10920 = CARTESIAN_POINT('',(5.,28.5));
#10921 = ( GEOMETRIC_REPRESENTATION_CONTEXT(2) 
PARAMETRIC_REPRESENTATION_CONTEXT() REPRESENTATION_CONTEXT('2D SPACE',''
  ) );
#10922 = PCURVE('',#10592,#10923);
#10923 = DEFINITIONAL_REPRESENTATION('',(#10924),#10927);
#10924 = B_SPLINE_CURVE_WITH_KNOTS('',1,(#10925,#10926),.UNSPECIFIED.,
  .F.,.F.,(2,2),(-12.5,-2.5),.PIECEWISE_BEZIER_KNOTS.);
#10925 = CARTESIAN_POINT('',(10.,1.5));
#10926 = CARTESIAN_POINT('',(0.,1.5));
#10927 = ( GEOMETRIC_REPRESENTATION_CONTEXT(2) 
PARAMETRIC_REPRESENTATION_CONTEXT() REPRESENTATION_CONTEXT('2D SPACE',''
  ) );
#10928 = ORIENTED_EDGE('',*,*,#10604,.T.);
#10929 = ORIENTED_EDGE('',*,*,#10930,.T.);
#10930 = EDGE_CURVE('',#10605,#10370,#10931,.T.);
#10931 = SURFACE_CURVE('',#10932,(#10936,#10942),.PCURVE_S1.);
#10932 = LINE('',#10933,#10934);
#10933 = CARTESIAN_POINT('',(12.2,6.,84.));
#10934 = VECTOR('',#10935,1.);
#10935 = DIRECTION('',(0.,0.,-1.));
#10936 = PCURVE('',#8938,#10937);
#10937 = DEFINITIONAL_REPRESENTATION('',(#10938),#10941);
#10938 = B_SPLINE_CURVE_WITH_KNOTS('',1,(#10939,#10940),.UNSPECIFIED.,
  .F.,.F.,(2,2),(-20.,0.),.PIECEWISE_BEZIER_KNOTS.);
#10939 = CARTESIAN_POINT('',(20.,29.2));
#10940 = CARTESIAN_POINT('',(0.,29.2));
#10941 = ( GEOMETRIC_REPRESENTATION_CONTEXT(2) 
PARAMETRIC_REPRESENTATION_CONTEXT() REPRESENTATION_CONTEXT('2D SPACE',''
  ) );
#10942 = PCURVE('',#10407,#10943);
#10943 = DEFINITIONAL_REPRESENTATION('',(#10944),#10947);
#10944 = B_SPLINE_CURVE_WITH_KNOTS('',1,(#10945,#10946),.UNSPECIFIED.,
  .F.,.F.,(2,2),(-20.,0.),.PIECEWISE_BEZIER_KNOTS.);
#10945 = CARTESIAN_POINT('',(20.,-3.5));
#10946 = CARTESIAN_POINT('',(0.,-3.5));
#10947 = ( GEOMETRIC_REPRESENTATION_CONTEXT(2) 
PARAMETRIC_REPRESENTATION_CONTEXT() REPRESENTATION_CONTEXT('2D SPACE',''
  ) );
#10948 = ADVANCED_FACE('',(#10949),#9115,.T.);
#10949 = FACE_BOUND('',#10950,.T.);
#10950 = EDGE_LOOP('',(#10951,#10952,#10953,#10954,#10955,#10956));
#10951 = ORIENTED_EDGE('',*,*,#10347,.T.);
#10952 = ORIENTED_EDGE('',*,*,#10156,.T.);
#10953 = ORIENTED_EDGE('',*,*,#10131,.F.);
#10954 = ORIENTED_EDGE('',*,*,#10086,.T.);
#10955 = ORIENTED_EDGE('',*,*,#9098,.F.);
#10956 = ORIENTED_EDGE('',*,*,#10825,.T.);
#10957 = ADVANCED_FACE('',(#10958),#8993,.F.);
#10958 = FACE_BOUND('',#10959,.F.);
#10959 = EDGE_LOOP('',(#10960,#10961,#10962,#10983));
#10960 = ORIENTED_EDGE('',*,*,#9542,.T.);
#10961 = ORIENTED_EDGE('',*,*,#8978,.T.);
#10962 = ORIENTED_EDGE('',*,*,#10963,.F.);
#10963 = EDGE_CURVE('',#10964,#8950,#10966,.T.);
#10964 = VERTEX_POINT('',#10965);
#10965 = CARTESIAN_POINT('',(-12.2,13.5,99.));
#10966 = SURFACE_CURVE('',#10967,(#10971,#10977),.PCURVE_S1.);
#10967 = LINE('',#10968,#10969);
#10968 = CARTESIAN_POINT('',(-12.2,5.,99.));
#10969 = VECTOR('',#10970,1.);
#10970 = DIRECTION('',(0.,-1.,0.));
#10971 = PCURVE('',#8993,#10972);
#10972 = DEFINITIONAL_REPRESENTATION('',(#10973),#10976);
#10973 = B_SPLINE_CURVE_WITH_KNOTS('',1,(#10974,#10975),.UNSPECIFIED.,
  .F.,.F.,(2,2),(-8.5,-2.5),.PIECEWISE_BEZIER_KNOTS.);
#10974 = CARTESIAN_POINT('',(5.3,6.));
#10975 = CARTESIAN_POINT('',(5.3,0.));
#10976 = ( GEOMETRIC_REPRESENTATION_CONTEXT(2) 
PARAMETRIC_REPRESENTATION_CONTEXT() REPRESENTATION_CONTEXT('2D SPACE',''
  ) );
#10977 = PCURVE('',#8966,#10978);
#10978 = DEFINITIONAL_REPRESENTATION('',(#10979),#10982);
#10979 = B_SPLINE_CURVE_WITH_KNOTS('',1,(#10980,#10981),.UNSPECIFIED.,
  .F.,.F.,(2,2),(-8.5,-2.5),.PIECEWISE_BEZIER_KNOTS.);
#10980 = CARTESIAN_POINT('',(15.,-11.));
#10981 = CARTESIAN_POINT('',(15.,-5.));
#10982 = ( GEOMETRIC_REPRESENTATION_CONTEXT(2) 
PARAMETRIC_REPRESENTATION_CONTEXT() REPRESENTATION_CONTEXT('2D SPACE',''
  ) );
#10983 = ORIENTED_EDGE('',*,*,#10984,.F.);
#10984 = EDGE_CURVE('',#9543,#10964,#10985,.T.);
#10985 = SURFACE_CURVE('',#10986,(#10990,#10997),.PCURVE_S1.);
#10986 = LINE('',#10987,#10988);
#10987 = CARTESIAN_POINT('',(-17.5,13.5,99.));
#10988 = VECTOR('',#10989,1.);
#10989 = DIRECTION('',(1.,0.,0.));
#10990 = PCURVE('',#8993,#10991);
#10991 = DEFINITIONAL_REPRESENTATION('',(#10992),#10996);
#10992 = LINE('',#10993,#10994);
#10993 = CARTESIAN_POINT('',(0.,6.));
#10994 = VECTOR('',#10995,1.);
#10995 = DIRECTION('',(1.,0.));
#10996 = ( GEOMETRIC_REPRESENTATION_CONTEXT(2) 
PARAMETRIC_REPRESENTATION_CONTEXT() REPRESENTATION_CONTEXT('2D SPACE',''
  ) );
#10997 = PCURVE('',#9580,#10998);
#10998 = DEFINITIONAL_REPRESENTATION('',(#10999),#11002);
#10999 = B_SPLINE_CURVE_WITH_KNOTS('',1,(#11000,#11001),.UNSPECIFIED.,
  .F.,.F.,(2,2),(0.,6.),.PIECEWISE_BEZIER_KNOTS.);
#11000 = CARTESIAN_POINT('',(6.28318530718,0.));
#11001 = CARTESIAN_POINT('',(6.28318530718,6.));
#11002 = ( GEOMETRIC_REPRESENTATION_CONTEXT(2) 
PARAMETRIC_REPRESENTATION_CONTEXT() REPRESENTATION_CONTEXT('2D SPACE',''
  ) );
#11003 = ADVANCED_FACE('',(#11004),#8966,.T.);
#11004 = FACE_BOUND('',#11005,.T.);
#11005 = EDGE_LOOP('',(#11006,#11030,#11051,#11071,#11072,#11073));
#11006 = ORIENTED_EDGE('',*,*,#11007,.F.);
#11007 = EDGE_CURVE('',#11008,#10964,#11010,.T.);
#11008 = VERTEX_POINT('',#11009);
#11009 = CARTESIAN_POINT('',(-12.2,18.,96.17944947177));
#11010 = SURFACE_CURVE('',#11011,(#11016,#11023),.PCURVE_S1.);
#11011 = CIRCLE('',#11012,5.);
#11012 = AXIS2_PLACEMENT_3D('',#11013,#11014,#11015);
#11013 = CARTESIAN_POINT('',(-12.2,13.5,94.));
#11014 = DIRECTION('',(1.,0.,0.));
#11015 = DIRECTION('',(-0.,0.,1.));
#11016 = PCURVE('',#8966,#11017);
#11017 = DEFINITIONAL_REPRESENTATION('',(#11018),#11022);
#11018 = CIRCLE('',#11019,5.);
#11019 = AXIS2_PLACEMENT_2D('',#11020,#11021);
#11020 = CARTESIAN_POINT('',(10.,-11.));
#11021 = DIRECTION('',(1.,0.));
#11022 = ( GEOMETRIC_REPRESENTATION_CONTEXT(2) 
PARAMETRIC_REPRESENTATION_CONTEXT() REPRESENTATION_CONTEXT('2D SPACE',''
  ) );
#11023 = PCURVE('',#9580,#11024);
#11024 = DEFINITIONAL_REPRESENTATION('',(#11025),#11029);
#11025 = LINE('',#11026,#11027);
#11026 = CARTESIAN_POINT('',(0.,5.3));
#11027 = VECTOR('',#11028,1.);
#11028 = DIRECTION('',(1.,0.));
#11029 = ( GEOMETRIC_REPRESENTATION_CONTEXT(2) 
PARAMETRIC_REPRESENTATION_CONTEXT() REPRESENTATION_CONTEXT('2D SPACE',''
  ) );
#11030 = ORIENTED_EDGE('',*,*,#11031,.T.);
#11031 = EDGE_CURVE('',#11008,#11032,#11034,.T.);
#11032 = VERTEX_POINT('',#11033);
#11033 = CARTESIAN_POINT('',(-12.2,18.,101.));
#11034 = SURFACE_CURVE('',#11035,(#11039,#11045),.PCURVE_S1.);
#11035 = LINE('',#11036,#11037);
#11036 = CARTESIAN_POINT('',(-12.2,18.,85.5));
#11037 = VECTOR('',#11038,1.);
#11038 = DIRECTION('',(0.,0.,1.));
#11039 = PCURVE('',#8966,#11040);
#11040 = DEFINITIONAL_REPRESENTATION('',(#11041),#11044);
#11041 = B_SPLINE_CURVE_WITH_KNOTS('',1,(#11042,#11043),.UNSPECIFIED.,
  .F.,.F.,(2,2),(1.5,15.5),.PIECEWISE_BEZIER_KNOTS.);
#11042 = CARTESIAN_POINT('',(3.,-15.5));
#11043 = CARTESIAN_POINT('',(17.,-15.5));
#11044 = ( GEOMETRIC_REPRESENTATION_CONTEXT(2) 
PARAMETRIC_REPRESENTATION_CONTEXT() REPRESENTATION_CONTEXT('2D SPACE',''
  ) );
#11045 = PCURVE('',#9607,#11046);
#11046 = DEFINITIONAL_REPRESENTATION('',(#11047),#11050);
#11047 = B_SPLINE_CURVE_WITH_KNOTS('',1,(#11048,#11049),.UNSPECIFIED.,
  .F.,.F.,(2,2),(1.5,15.5),.PIECEWISE_BEZIER_KNOTS.);
#11048 = CARTESIAN_POINT('',(0.,4.8));
#11049 = CARTESIAN_POINT('',(14.,4.8));
#11050 = ( GEOMETRIC_REPRESENTATION_CONTEXT(2) 
PARAMETRIC_REPRESENTATION_CONTEXT() REPRESENTATION_CONTEXT('2D SPACE',''
  ) );
#11051 = ORIENTED_EDGE('',*,*,#11052,.T.);
#11052 = EDGE_CURVE('',#11032,#10848,#11053,.T.);
#11053 = SURFACE_CURVE('',#11054,(#11058,#11064),.PCURVE_S1.);
#11054 = LINE('',#11055,#11056);
#11055 = CARTESIAN_POINT('',(-12.2,2.5,101.));
#11056 = VECTOR('',#11057,1.);
#11057 = DIRECTION('',(0.,-1.,0.));
#11058 = PCURVE('',#8966,#11059);
#11059 = DEFINITIONAL_REPRESENTATION('',(#11060),#11063);
#11060 = B_SPLINE_CURVE_WITH_KNOTS('',1,(#11061,#11062),.UNSPECIFIED.,
  .F.,.F.,(2,2),(-21.5,-3.5),.PIECEWISE_BEZIER_KNOTS.);
#11061 = CARTESIAN_POINT('',(17.,-21.5));
#11062 = CARTESIAN_POINT('',(17.,-3.5));
#11063 = ( GEOMETRIC_REPRESENTATION_CONTEXT(2) 
PARAMETRIC_REPRESENTATION_CONTEXT() REPRESENTATION_CONTEXT('2D SPACE',''
  ) );
#11064 = PCURVE('',#9287,#11065);
#11065 = DEFINITIONAL_REPRESENTATION('',(#11066),#11070);
#11066 = LINE('',#11067,#11068);
#11067 = CARTESIAN_POINT('',(-24.2,-15.5));
#11068 = VECTOR('',#11069,1.);
#11069 = DIRECTION('',(0.,-1.));
#11070 = ( GEOMETRIC_REPRESENTATION_CONTEXT(2) 
PARAMETRIC_REPRESENTATION_CONTEXT() REPRESENTATION_CONTEXT('2D SPACE',''
  ) );
#11071 = ORIENTED_EDGE('',*,*,#10847,.T.);
#11072 = ORIENTED_EDGE('',*,*,#8949,.F.);
#11073 = ORIENTED_EDGE('',*,*,#10963,.F.);
#11074 = ADVANCED_FACE('',(#11075),#9340,.F.);
#11075 = FACE_BOUND('',#11076,.F.);
#11076 = EDGE_LOOP('',(#11077,#11078,#11079,#11080));
#11077 = ORIENTED_EDGE('',*,*,#9912,.F.);
#11078 = ORIENTED_EDGE('',*,*,#9669,.T.);
#11079 = ORIENTED_EDGE('',*,*,#9327,.F.);
#11080 = ORIENTED_EDGE('',*,*,#11081,.T.);
#11081 = EDGE_CURVE('',#9299,#9892,#11082,.T.);
#11082 = SURFACE_CURVE('',#11083,(#11087,#11094),.PCURVE_S1.);
#11083 = LINE('',#11084,#11085);
#11084 = CARTESIAN_POINT('',(12.,18.,101.));
#11085 = VECTOR('',#11086,1.);
#11086 = DIRECTION('',(1.,0.,0.));
#11087 = PCURVE('',#9340,#11088);
#11088 = DEFINITIONAL_REPRESENTATION('',(#11089),#11093);
#11089 = LINE('',#11090,#11091);
#11090 = CARTESIAN_POINT('',(0.,0.));
#11091 = VECTOR('',#11092,1.);
#11092 = DIRECTION('',(1.,0.));
#11093 = ( GEOMETRIC_REPRESENTATION_CONTEXT(2) 
PARAMETRIC_REPRESENTATION_CONTEXT() REPRESENTATION_CONTEXT('2D SPACE',''
  ) );
#11094 = PCURVE('',#9315,#11095);
#11095 = DEFINITIONAL_REPRESENTATION('',(#11096),#11100);
#11096 = LINE('',#11097,#11098);
#11097 = CARTESIAN_POINT('',(14.,0.));
#11098 = VECTOR('',#11099,1.);
#11099 = DIRECTION('',(0.,1.));
#11100 = ( GEOMETRIC_REPRESENTATION_CONTEXT(2) 
PARAMETRIC_REPRESENTATION_CONTEXT() REPRESENTATION_CONTEXT('2D SPACE',''
  ) );
#11101 = ADVANCED_FACE('',(#11102),#9315,.T.);
#11102 = FACE_BOUND('',#11103,.T.);
#11103 = EDGE_LOOP('',(#11104,#11125,#11146,#11167,#11168,#11169));
#11104 = ORIENTED_EDGE('',*,*,#11105,.F.);
#11105 = EDGE_CURVE('',#11106,#9863,#11108,.T.);
#11106 = VERTEX_POINT('',#11107);
#11107 = CARTESIAN_POINT('',(12.2,18.,96.17944947177));
#11108 = SURFACE_CURVE('',#11109,(#11113,#11119),.PCURVE_S1.);
#11109 = LINE('',#11110,#11111);
#11110 = CARTESIAN_POINT('',(11.5,18.,96.17944947177));
#11111 = VECTOR('',#11112,1.);
#11112 = DIRECTION('',(1.,0.,0.));
#11113 = PCURVE('',#9315,#11114);
#11114 = DEFINITIONAL_REPRESENTATION('',(#11115),#11118);
#11115 = B_SPLINE_CURVE_WITH_KNOTS('',1,(#11116,#11117),.UNSPECIFIED.,
  .F.,.F.,(2,2),(0.37,4.33),.PIECEWISE_BEZIER_KNOTS.);
#11116 = CARTESIAN_POINT('',(9.17944947177,-0.13));
#11117 = CARTESIAN_POINT('',(9.17944947177,3.83));
#11118 = ( GEOMETRIC_REPRESENTATION_CONTEXT(2) 
PARAMETRIC_REPRESENTATION_CONTEXT() REPRESENTATION_CONTEXT('2D SPACE',''
  ) );
#11119 = PCURVE('',#9879,#11120);
#11120 = DEFINITIONAL_REPRESENTATION('',(#11121),#11124);
#11121 = B_SPLINE_CURVE_WITH_KNOTS('',1,(#11122,#11123),.UNSPECIFIED.,
  .F.,.F.,(2,2),(0.37,4.33),.PIECEWISE_BEZIER_KNOTS.);
#11122 = CARTESIAN_POINT('',(5.163415792181,0.37));
#11123 = CARTESIAN_POINT('',(5.163415792181,4.33));
#11124 = ( GEOMETRIC_REPRESENTATION_CONTEXT(2) 
PARAMETRIC_REPRESENTATION_CONTEXT() REPRESENTATION_CONTEXT('2D SPACE',''
  ) );
#11125 = ORIENTED_EDGE('',*,*,#11126,.T.);
#11126 = EDGE_CURVE('',#11106,#11127,#11129,.T.);
#11127 = VERTEX_POINT('',#11128);
#11128 = CARTESIAN_POINT('',(12.2,18.,101.));
#11129 = SURFACE_CURVE('',#11130,(#11134,#11140),.PCURVE_S1.);
#11130 = LINE('',#11131,#11132);
#11131 = CARTESIAN_POINT('',(12.2,18.,85.5));
#11132 = VECTOR('',#11133,1.);
#11133 = DIRECTION('',(0.,0.,1.));
#11134 = PCURVE('',#9315,#11135);
#11135 = DEFINITIONAL_REPRESENTATION('',(#11136),#11139);
#11136 = B_SPLINE_CURVE_WITH_KNOTS('',1,(#11137,#11138),.UNSPECIFIED.,
  .F.,.F.,(2,2),(1.5,15.5),.PIECEWISE_BEZIER_KNOTS.);
#11137 = CARTESIAN_POINT('',(0.,0.2));
#11138 = CARTESIAN_POINT('',(14.,0.2));
#11139 = ( GEOMETRIC_REPRESENTATION_CONTEXT(2) 
PARAMETRIC_REPRESENTATION_CONTEXT() REPRESENTATION_CONTEXT('2D SPACE',''
  ) );
#11140 = PCURVE('',#10542,#11141);
#11141 = DEFINITIONAL_REPRESENTATION('',(#11142),#11145);
#11142 = B_SPLINE_CURVE_WITH_KNOTS('',1,(#11143,#11144),.UNSPECIFIED.,
  .F.,.F.,(2,2),(1.5,15.5),.PIECEWISE_BEZIER_KNOTS.);
#11143 = CARTESIAN_POINT('',(3.,-15.5));
#11144 = CARTESIAN_POINT('',(17.,-15.5));
#11145 = ( GEOMETRIC_REPRESENTATION_CONTEXT(2) 
PARAMETRIC_REPRESENTATION_CONTEXT() REPRESENTATION_CONTEXT('2D SPACE',''
  ) );
#11146 = ORIENTED_EDGE('',*,*,#11147,.T.);
#11147 = EDGE_CURVE('',#11127,#9273,#11148,.T.);
#11148 = SURFACE_CURVE('',#11149,(#11153,#11160),.PCURVE_S1.);
#11149 = LINE('',#11150,#11151);
#11150 = CARTESIAN_POINT('',(12.,18.,101.));
#11151 = VECTOR('',#11152,1.);
#11152 = DIRECTION('',(1.,0.,0.));
#11153 = PCURVE('',#9315,#11154);
#11154 = DEFINITIONAL_REPRESENTATION('',(#11155),#11159);
#11155 = LINE('',#11156,#11157);
#11156 = CARTESIAN_POINT('',(14.,0.));
#11157 = VECTOR('',#11158,1.);
#11158 = DIRECTION('',(0.,1.));
#11159 = ( GEOMETRIC_REPRESENTATION_CONTEXT(2) 
PARAMETRIC_REPRESENTATION_CONTEXT() REPRESENTATION_CONTEXT('2D SPACE',''
  ) );
#11160 = PCURVE('',#9287,#11161);
#11161 = DEFINITIONAL_REPRESENTATION('',(#11162),#11166);
#11162 = LINE('',#11163,#11164);
#11163 = CARTESIAN_POINT('',(0.,0.));
#11164 = VECTOR('',#11165,1.);
#11165 = DIRECTION('',(1.,0.));
#11166 = ( GEOMETRIC_REPRESENTATION_CONTEXT(2) 
PARAMETRIC_REPRESENTATION_CONTEXT() REPRESENTATION_CONTEXT('2D SPACE',''
  ) );
#11167 = ORIENTED_EDGE('',*,*,#9298,.F.);
#11168 = ORIENTED_EDGE('',*,*,#11081,.T.);
#11169 = ORIENTED_EDGE('',*,*,#9891,.F.);
#11170 = ADVANCED_FACE('',(#11171),#9287,.F.);
#11171 = FACE_BOUND('',#11172,.F.);
#11172 = EDGE_LOOP('',(#11173,#11174,#11175,#11176,#11197,#11198,#11199,
    #11219));
#11173 = ORIENTED_EDGE('',*,*,#9272,.T.);
#11174 = ORIENTED_EDGE('',*,*,#9692,.T.);
#11175 = ORIENTED_EDGE('',*,*,#10039,.F.);
#11176 = ORIENTED_EDGE('',*,*,#11177,.T.);
#11177 = EDGE_CURVE('',#10016,#11032,#11178,.T.);
#11178 = SURFACE_CURVE('',#11179,(#11183,#11190),.PCURVE_S1.);
#11179 = LINE('',#11180,#11181);
#11180 = CARTESIAN_POINT('',(-17.,18.,101.));
#11181 = VECTOR('',#11182,1.);
#11182 = DIRECTION('',(1.,0.,0.));
#11183 = PCURVE('',#9287,#11184);
#11184 = DEFINITIONAL_REPRESENTATION('',(#11185),#11189);
#11185 = LINE('',#11186,#11187);
#11186 = CARTESIAN_POINT('',(-29.,0.));
#11187 = VECTOR('',#11188,1.);
#11188 = DIRECTION('',(1.,0.));
#11189 = ( GEOMETRIC_REPRESENTATION_CONTEXT(2) 
PARAMETRIC_REPRESENTATION_CONTEXT() REPRESENTATION_CONTEXT('2D SPACE',''
  ) );
#11190 = PCURVE('',#9607,#11191);
#11191 = DEFINITIONAL_REPRESENTATION('',(#11192),#11196);
#11192 = LINE('',#11193,#11194);
#11193 = CARTESIAN_POINT('',(14.,0.));
#11194 = VECTOR('',#11195,1.);
#11195 = DIRECTION('',(0.,1.));
#11196 = ( GEOMETRIC_REPRESENTATION_CONTEXT(2) 
PARAMETRIC_REPRESENTATION_CONTEXT() REPRESENTATION_CONTEXT('2D SPACE',''
  ) );
#11197 = ORIENTED_EDGE('',*,*,#11052,.T.);
#11198 = ORIENTED_EDGE('',*,*,#10868,.T.);
#11199 = ORIENTED_EDGE('',*,*,#11200,.F.);
#11200 = EDGE_CURVE('',#11127,#10869,#11201,.T.);
#11201 = SURFACE_CURVE('',#11202,(#11206,#11213),.PCURVE_S1.);
#11202 = LINE('',#11203,#11204);
#11203 = CARTESIAN_POINT('',(12.2,2.5,101.));
#11204 = VECTOR('',#11205,1.);
#11205 = DIRECTION('',(0.,-1.,0.));
#11206 = PCURVE('',#9287,#11207);
#11207 = DEFINITIONAL_REPRESENTATION('',(#11208),#11212);
#11208 = LINE('',#11209,#11210);
#11209 = CARTESIAN_POINT('',(0.2,-15.5));
#11210 = VECTOR('',#11211,1.);
#11211 = DIRECTION('',(0.,-1.));
#11212 = ( GEOMETRIC_REPRESENTATION_CONTEXT(2) 
PARAMETRIC_REPRESENTATION_CONTEXT() REPRESENTATION_CONTEXT('2D SPACE',''
  ) );
#11213 = PCURVE('',#10542,#11214);
#11214 = DEFINITIONAL_REPRESENTATION('',(#11215),#11218);
#11215 = B_SPLINE_CURVE_WITH_KNOTS('',1,(#11216,#11217),.UNSPECIFIED.,
  .F.,.F.,(2,2),(-21.5,-3.5),.PIECEWISE_BEZIER_KNOTS.);
#11216 = CARTESIAN_POINT('',(17.,-21.5));
#11217 = CARTESIAN_POINT('',(17.,-3.5));
#11218 = ( GEOMETRIC_REPRESENTATION_CONTEXT(2) 
PARAMETRIC_REPRESENTATION_CONTEXT() REPRESENTATION_CONTEXT('2D SPACE',''
  ) );
#11219 = ORIENTED_EDGE('',*,*,#11147,.T.);
#11220 = ADVANCED_FACE('',(#11221),#9631,.F.);
#11221 = FACE_BOUND('',#11222,.F.);
#11222 = EDGE_LOOP('',(#11223,#11224,#11225,#11226));
#11223 = ORIENTED_EDGE('',*,*,#9994,.T.);
#11224 = ORIENTED_EDGE('',*,*,#9763,.T.);
#11225 = ORIENTED_EDGE('',*,*,#9618,.T.);
#11226 = ORIENTED_EDGE('',*,*,#11227,.T.);
#11227 = EDGE_CURVE('',#9593,#9995,#11228,.T.);
#11228 = SURFACE_CURVE('',#11229,(#11233,#11240),.PCURVE_S1.);
#11229 = LINE('',#11230,#11231);
#11230 = CARTESIAN_POINT('',(-17.,18.,101.));
#11231 = VECTOR('',#11232,1.);
#11232 = DIRECTION('',(1.,0.,0.));
#11233 = PCURVE('',#9631,#11234);
#11234 = DEFINITIONAL_REPRESENTATION('',(#11235),#11239);
#11235 = LINE('',#11236,#11237);
#11236 = CARTESIAN_POINT('',(-29.,0.));
#11237 = VECTOR('',#11238,1.);
#11238 = DIRECTION('',(1.,0.));
#11239 = ( GEOMETRIC_REPRESENTATION_CONTEXT(2) 
PARAMETRIC_REPRESENTATION_CONTEXT() REPRESENTATION_CONTEXT('2D SPACE',''
  ) );
#11240 = PCURVE('',#9607,#11241);
#11241 = DEFINITIONAL_REPRESENTATION('',(#11242),#11246);
#11242 = LINE('',#11243,#11244);
#11243 = CARTESIAN_POINT('',(14.,0.));
#11244 = VECTOR('',#11245,1.);
#11245 = DIRECTION('',(0.,1.));
#11246 = ( GEOMETRIC_REPRESENTATION_CONTEXT(2) 
PARAMETRIC_REPRESENTATION_CONTEXT() REPRESENTATION_CONTEXT('2D SPACE',''
  ) );
#11247 = ADVANCED_FACE('',(#11248),#9607,.T.);
#11248 = FACE_BOUND('',#11249,.T.);
#11249 = EDGE_LOOP('',(#11250,#11251,#11270,#11271,#11272,#11273));
#11250 = ORIENTED_EDGE('',*,*,#11031,.F.);
#11251 = ORIENTED_EDGE('',*,*,#11252,.F.);
#11252 = EDGE_CURVE('',#9564,#11008,#11253,.T.);
#11253 = SURFACE_CURVE('',#11254,(#11258,#11264),.PCURVE_S1.);
#11254 = LINE('',#11255,#11256);
#11255 = CARTESIAN_POINT('',(-17.5,18.,96.17944947177));
#11256 = VECTOR('',#11257,1.);
#11257 = DIRECTION('',(1.,0.,0.));
#11258 = PCURVE('',#9607,#11259);
#11259 = DEFINITIONAL_REPRESENTATION('',(#11260),#11263);
#11260 = B_SPLINE_CURVE_WITH_KNOTS('',1,(#11261,#11262),.UNSPECIFIED.,
  .F.,.F.,(2,2),(1.67,5.63),.PIECEWISE_BEZIER_KNOTS.);
#11261 = CARTESIAN_POINT('',(9.17944947177,1.17));
#11262 = CARTESIAN_POINT('',(9.17944947177,5.13));
#11263 = ( GEOMETRIC_REPRESENTATION_CONTEXT(2) 
PARAMETRIC_REPRESENTATION_CONTEXT() REPRESENTATION_CONTEXT('2D SPACE',''
  ) );
#11264 = PCURVE('',#9580,#11265);
#11265 = DEFINITIONAL_REPRESENTATION('',(#11266),#11269);
#11266 = B_SPLINE_CURVE_WITH_KNOTS('',1,(#11267,#11268),.UNSPECIFIED.,
  .F.,.F.,(2,2),(1.67,5.63),.PIECEWISE_BEZIER_KNOTS.);
#11267 = CARTESIAN_POINT('',(5.163415792181,1.67));
#11268 = CARTESIAN_POINT('',(5.163415792181,5.63));
#11269 = ( GEOMETRIC_REPRESENTATION_CONTEXT(2) 
PARAMETRIC_REPRESENTATION_CONTEXT() REPRESENTATION_CONTEXT('2D SPACE',''
  ) );
#11270 = ORIENTED_EDGE('',*,*,#9592,.T.);
#11271 = ORIENTED_EDGE('',*,*,#11227,.T.);
#11272 = ORIENTED_EDGE('',*,*,#10015,.F.);
#11273 = ORIENTED_EDGE('',*,*,#11177,.T.);
#11274 = ADVANCED_FACE('',(#11275),#9580,.F.);
#11275 = FACE_BOUND('',#11276,.F.);
#11276 = EDGE_LOOP('',(#11277,#11278,#11279,#11280));
#11277 = ORIENTED_EDGE('',*,*,#9563,.T.);
#11278 = ORIENTED_EDGE('',*,*,#10984,.T.);
#11279 = ORIENTED_EDGE('',*,*,#11007,.F.);
#11280 = ORIENTED_EDGE('',*,*,#11252,.F.);
#11281 = ADVANCED_FACE('',(#11282),#9879,.F.);
#11282 = FACE_BOUND('',#11283,.F.);
#11283 = EDGE_LOOP('',(#11284,#11308,#11328,#11329));
#11284 = ORIENTED_EDGE('',*,*,#11285,.T.);
#11285 = EDGE_CURVE('',#11106,#11286,#11288,.T.);
#11286 = VERTEX_POINT('',#11287);
#11287 = CARTESIAN_POINT('',(12.2,13.5,99.));
#11288 = SURFACE_CURVE('',#11289,(#11294,#11301),.PCURVE_S1.);
#11289 = CIRCLE('',#11290,5.);
#11290 = AXIS2_PLACEMENT_3D('',#11291,#11292,#11293);
#11291 = CARTESIAN_POINT('',(12.2,13.5,94.));
#11292 = DIRECTION('',(1.,0.,0.));
#11293 = DIRECTION('',(-0.,0.,1.));
#11294 = PCURVE('',#9879,#11295);
#11295 = DEFINITIONAL_REPRESENTATION('',(#11296),#11300);
#11296 = LINE('',#11297,#11298);
#11297 = CARTESIAN_POINT('',(0.,0.7));
#11298 = VECTOR('',#11299,1.);
#11299 = DIRECTION('',(1.,0.));
#11300 = ( GEOMETRIC_REPRESENTATION_CONTEXT(2) 
PARAMETRIC_REPRESENTATION_CONTEXT() REPRESENTATION_CONTEXT('2D SPACE',''
  ) );
#11301 = PCURVE('',#10542,#11302);
#11302 = DEFINITIONAL_REPRESENTATION('',(#11303),#11307);
#11303 = CIRCLE('',#11304,5.);
#11304 = AXIS2_PLACEMENT_2D('',#11305,#11306);
#11305 = CARTESIAN_POINT('',(10.,-11.));
#11306 = DIRECTION('',(1.,0.));
#11307 = ( GEOMETRIC_REPRESENTATION_CONTEXT(2) 
PARAMETRIC_REPRESENTATION_CONTEXT() REPRESENTATION_CONTEXT('2D SPACE',''
  ) );
#11308 = ORIENTED_EDGE('',*,*,#11309,.T.);
#11309 = EDGE_CURVE('',#11286,#9837,#11310,.T.);
#11310 = SURFACE_CURVE('',#11311,(#11315,#11321),.PCURVE_S1.);
#11311 = LINE('',#11312,#11313);
#11312 = CARTESIAN_POINT('',(11.5,13.5,99.));
#11313 = VECTOR('',#11314,1.);
#11314 = DIRECTION('',(1.,0.,0.));
#11315 = PCURVE('',#9879,#11316);
#11316 = DEFINITIONAL_REPRESENTATION('',(#11317),#11320);
#11317 = B_SPLINE_CURVE_WITH_KNOTS('',1,(#11318,#11319),.UNSPECIFIED.,
  .F.,.F.,(2,2),(0.,6.),.PIECEWISE_BEZIER_KNOTS.);
#11318 = CARTESIAN_POINT('',(6.28318530718,0.));
#11319 = CARTESIAN_POINT('',(6.28318530718,6.));
#11320 = ( GEOMETRIC_REPRESENTATION_CONTEXT(2) 
PARAMETRIC_REPRESENTATION_CONTEXT() REPRESENTATION_CONTEXT('2D SPACE',''
  ) );
#11321 = PCURVE('',#9851,#11322);
#11322 = DEFINITIONAL_REPRESENTATION('',(#11323),#11327);
#11323 = LINE('',#11324,#11325);
#11324 = CARTESIAN_POINT('',(0.,6.));
#11325 = VECTOR('',#11326,1.);
#11326 = DIRECTION('',(1.,0.));
#11327 = ( GEOMETRIC_REPRESENTATION_CONTEXT(2) 
PARAMETRIC_REPRESENTATION_CONTEXT() REPRESENTATION_CONTEXT('2D SPACE',''
  ) );
#11328 = ORIENTED_EDGE('',*,*,#9862,.F.);
#11329 = ORIENTED_EDGE('',*,*,#11105,.F.);
#11330 = ADVANCED_FACE('',(#11331),#9851,.F.);
#11331 = FACE_BOUND('',#11332,.F.);
#11332 = EDGE_LOOP('',(#11333,#11352,#11353,#11354));
#11333 = ORIENTED_EDGE('',*,*,#11334,.T.);
#11334 = EDGE_CURVE('',#11286,#10504,#11335,.T.);
#11335 = SURFACE_CURVE('',#11336,(#11340,#11346),.PCURVE_S1.);
#11336 = LINE('',#11337,#11338);
#11337 = CARTESIAN_POINT('',(12.2,5.,99.));
#11338 = VECTOR('',#11339,1.);
#11339 = DIRECTION('',(0.,-1.,0.));
#11340 = PCURVE('',#9851,#11341);
#11341 = DEFINITIONAL_REPRESENTATION('',(#11342),#11345);
#11342 = B_SPLINE_CURVE_WITH_KNOTS('',1,(#11343,#11344),.UNSPECIFIED.,
  .F.,.F.,(2,2),(-8.5,-2.5),.PIECEWISE_BEZIER_KNOTS.);
#11343 = CARTESIAN_POINT('',(0.7,6.));
#11344 = CARTESIAN_POINT('',(0.7,0.));
#11345 = ( GEOMETRIC_REPRESENTATION_CONTEXT(2) 
PARAMETRIC_REPRESENTATION_CONTEXT() REPRESENTATION_CONTEXT('2D SPACE',''
  ) );
#11346 = PCURVE('',#10542,#11347);
#11347 = DEFINITIONAL_REPRESENTATION('',(#11348),#11351);
#11348 = B_SPLINE_CURVE_WITH_KNOTS('',1,(#11349,#11350),.UNSPECIFIED.,
  .F.,.F.,(2,2),(-8.5,-2.5),.PIECEWISE_BEZIER_KNOTS.);
#11349 = CARTESIAN_POINT('',(15.,-11.));
#11350 = CARTESIAN_POINT('',(15.,-5.));
#11351 = ( GEOMETRIC_REPRESENTATION_CONTEXT(2) 
PARAMETRIC_REPRESENTATION_CONTEXT() REPRESENTATION_CONTEXT('2D SPACE',''
  ) );
#11352 = ORIENTED_EDGE('',*,*,#10503,.T.);
#11353 = ORIENTED_EDGE('',*,*,#9836,.F.);
#11354 = ORIENTED_EDGE('',*,*,#11309,.F.);
#11355 = ADVANCED_FACE('',(#11356),#10407,.F.);
#11356 = FACE_BOUND('',#11357,.F.);
#11357 = EDGE_LOOP('',(#11358,#11359,#11360,#11361,#11362,#11363));
#11358 = ORIENTED_EDGE('',*,*,#10391,.T.);
#11359 = ORIENTED_EDGE('',*,*,#10774,.T.);
#11360 = ORIENTED_EDGE('',*,*,#10726,.F.);
#11361 = ORIENTED_EDGE('',*,*,#10701,.T.);
#11362 = ORIENTED_EDGE('',*,*,#10625,.F.);
#11363 = ORIENTED_EDGE('',*,*,#10930,.T.);
#11364 = ADVANCED_FACE('',(#11365),#10592,.T.);
#11365 = FACE_BOUND('',#11366,.T.);
#11366 = EDGE_LOOP('',(#11367,#11368));
#11367 = ORIENTED_EDGE('',*,*,#10910,.F.);
#11368 = ORIENTED_EDGE('',*,*,#10575,.T.);
#11369 = ADVANCED_FACE('',(#11370),#10542,.F.);
#11370 = FACE_BOUND('',#11371,.F.);
#11371 = EDGE_LOOP('',(#11372,#11373,#11374,#11375,#11376,#11377));
#11372 = ORIENTED_EDGE('',*,*,#11285,.F.);
#11373 = ORIENTED_EDGE('',*,*,#11126,.T.);
#11374 = ORIENTED_EDGE('',*,*,#11200,.T.);
#11375 = ORIENTED_EDGE('',*,*,#10890,.T.);
#11376 = ORIENTED_EDGE('',*,*,#10525,.F.);
#11377 = ORIENTED_EDGE('',*,*,#11334,.F.);
#11378 = ADVANCED_FACE('',(#11379),#10482,.T.);
#11379 = FACE_BOUND('',#11380,.F.);
#11380 = EDGE_LOOP('',(#11381));
#11381 = ORIENTED_EDGE('',*,*,#10467,.F.);
#11382 = ( GEOMETRIC_REPRESENTATION_CONTEXT(3) 
GLOBAL_UNCERTAINTY_ASSIGNED_CONTEXT((#11386)) 
GLOBAL_UNIT_ASSIGNED_CONTEXT((#11383,#11384,#11385)) 
REPRESENTATION_CONTEXT('Context #1',
  '3D Context with UNIT and UNCERTAINTY') );
#11383 = ( LENGTH_UNIT() NAMED_UNIT(*) SI_UNIT(.MILLI.,.METRE.) );
#11384 = ( NAMED_UNIT(*) PLANE_ANGLE_UNIT() SI_UNIT($,.RADIAN.) );
#11385 = ( NAMED_UNIT(*) SI_UNIT($,.STERADIAN.) SOLID_ANGLE_UNIT() );
#11386 = UNCERTAINTY_MEASURE_WITH_UNIT(LENGTH_MEASURE(2.E-07),#11383,
  'distance_accuracy_value','confusion accuracy');
#11387 = CONTEXT_DEPENDENT_SHAPE_REPRESENTATION(#11388,#11390);
#11388 = ( REPRESENTATION_RELATIONSHIP('','',#5411,#10) 
REPRESENTATION_RELATIONSHIP_WITH_TRANSFORMATION(#11389) 
SHAPE_REPRESENTATION_RELATIONSHIP() );
#11389 = ITEM_DEFINED_TRANSFORMATION('','',#11,#19);
#11390 = PRODUCT_DEFINITION_SHAPE('Placement','Placement of an item',
  #11391);
#11391 = NEXT_ASSEMBLY_USAGE_OCCURRENCE('6','CurvedArm_SG90_TiltHolder',
  '',#5,#5406,$);
#11392 = PRODUCT_RELATED_PRODUCT_CATEGORY('part',$,(#5408));
#11393 = SHAPE_DEFINITION_REPRESENTATION(#11394,#11400);
#11394 = PRODUCT_DEFINITION_SHAPE('','',#11395);
#11395 = PRODUCT_DEFINITION('design','',#11396,#11399);
#11396 = PRODUCT_DEFINITION_FORMATION('','',#11397);
#11397 = PRODUCT('SG90_RetainingCap','SG90_RetainingCap','',(#11398));
#11398 = PRODUCT_CONTEXT('',#2,'mechanical');
#11399 = PRODUCT_DEFINITION_CONTEXT('part definition',#2,'design');
#11400 = ADVANCED_BREP_SHAPE_REPRESENTATION('',(#11,#11401),#12377);
#11401 = MANIFOLD_SOLID_BREP('',#11402);
#11402 = CLOSED_SHELL('',(#11403,#11523,#11835,#11884,#12129,#12156,
    #12163,#12190,#12217,#12262,#12289,#12316,#12323,#12350));
#11403 = ADVANCED_FACE('',(#11404),#11418,.F.);
#11404 = FACE_BOUND('',#11405,.F.);
#11405 = EDGE_LOOP('',(#11406,#11441,#11469,#11497));
#11406 = ORIENTED_EDGE('',*,*,#11407,.F.);
#11407 = EDGE_CURVE('',#11408,#11410,#11412,.T.);
#11408 = VERTEX_POINT('',#11409);
#11409 = CARTESIAN_POINT('',(-18.,24.,81.));
#11410 = VERTEX_POINT('',#11411);
#11411 = CARTESIAN_POINT('',(-18.,24.,107.));
#11412 = SURFACE_CURVE('',#11413,(#11417,#11429),.PCURVE_S1.);
#11413 = LINE('',#11414,#11415);
#11414 = CARTESIAN_POINT('',(-18.,24.,81.));
#11415 = VECTOR('',#11416,1.);
#11416 = DIRECTION('',(0.,0.,1.));
#11417 = PCURVE('',#11418,#11423);
#11418 = PLANE('',#11419);
#11419 = AXIS2_PLACEMENT_3D('',#11420,#11421,#11422);
#11420 = CARTESIAN_POINT('',(-18.,24.,81.));
#11421 = DIRECTION('',(1.,0.,0.));
#11422 = DIRECTION('',(0.,0.,1.));
#11423 = DEFINITIONAL_REPRESENTATION('',(#11424),#11428);
#11424 = LINE('',#11425,#11426);
#11425 = CARTESIAN_POINT('',(0.,0.));
#11426 = VECTOR('',#11427,1.);
#11427 = DIRECTION('',(1.,0.));
#11428 = ( GEOMETRIC_REPRESENTATION_CONTEXT(2) 
PARAMETRIC_REPRESENTATION_CONTEXT() REPRESENTATION_CONTEXT('2D SPACE',''
  ) );
#11429 = PCURVE('',#11430,#11435);
#11430 = PLANE('',#11431);
#11431 = AXIS2_PLACEMENT_3D('',#11432,#11433,#11434);
#11432 = CARTESIAN_POINT('',(-18.,24.,81.));
#11433 = DIRECTION('',(0.,1.,0.));
#11434 = DIRECTION('',(0.,0.,1.));
#11435 = DEFINITIONAL_REPRESENTATION('',(#11436),#11440);
#11436 = LINE('',#11437,#11438);
#11437 = CARTESIAN_POINT('',(0.,0.));
#11438 = VECTOR('',#11439,1.);
#11439 = DIRECTION('',(1.,0.));
#11440 = ( GEOMETRIC_REPRESENTATION_CONTEXT(2) 
PARAMETRIC_REPRESENTATION_CONTEXT() REPRESENTATION_CONTEXT('2D SPACE',''
  ) );
#11441 = ORIENTED_EDGE('',*,*,#11442,.T.);
#11442 = EDGE_CURVE('',#11408,#11443,#11445,.T.);
#11443 = VERTEX_POINT('',#11444);
#11444 = CARTESIAN_POINT('',(-18.,27.,81.));
#11445 = SURFACE_CURVE('',#11446,(#11450,#11457),.PCURVE_S1.);
#11446 = LINE('',#11447,#11448);
#11447 = CARTESIAN_POINT('',(-18.,24.,81.));
#11448 = VECTOR('',#11449,1.);
#11449 = DIRECTION('',(0.,1.,0.));
#11450 = PCURVE('',#11418,#11451);
#11451 = DEFINITIONAL_REPRESENTATION('',(#11452),#11456);
#11452 = LINE('',#11453,#11454);
#11453 = CARTESIAN_POINT('',(0.,0.));
#11454 = VECTOR('',#11455,1.);
#11455 = DIRECTION('',(0.,-1.));
#11456 = ( GEOMETRIC_REPRESENTATION_CONTEXT(2) 
PARAMETRIC_REPRESENTATION_CONTEXT() REPRESENTATION_CONTEXT('2D SPACE',''
  ) );
#11457 = PCURVE('',#11458,#11463);
#11458 = PLANE('',#11459);
#11459 = AXIS2_PLACEMENT_3D('',#11460,#11461,#11462);
#11460 = CARTESIAN_POINT('',(-18.,24.,81.));
#11461 = DIRECTION('',(0.,0.,1.));
#11462 = DIRECTION('',(1.,0.,0.));
#11463 = DEFINITIONAL_REPRESENTATION('',(#11464),#11468);
#11464 = LINE('',#11465,#11466);
#11465 = CARTESIAN_POINT('',(0.,0.));
#11466 = VECTOR('',#11467,1.);
#11467 = DIRECTION('',(0.,1.));
#11468 = ( GEOMETRIC_REPRESENTATION_CONTEXT(2) 
PARAMETRIC_REPRESENTATION_CONTEXT() REPRESENTATION_CONTEXT('2D SPACE',''
  ) );
#11469 = ORIENTED_EDGE('',*,*,#11470,.T.);
#11470 = EDGE_CURVE('',#11443,#11471,#11473,.T.);
#11471 = VERTEX_POINT('',#11472);
#11472 = CARTESIAN_POINT('',(-18.,27.,107.));
#11473 = SURFACE_CURVE('',#11474,(#11478,#11485),.PCURVE_S1.);
#11474 = LINE('',#11475,#11476);
#11475 = CARTESIAN_POINT('',(-18.,27.,81.));
#11476 = VECTOR('',#11477,1.);
#11477 = DIRECTION('',(0.,0.,1.));
#11478 = PCURVE('',#11418,#11479);
#11479 = DEFINITIONAL_REPRESENTATION('',(#11480),#11484);
#11480 = LINE('',#11481,#11482);
#11481 = CARTESIAN_POINT('',(0.,-3.));
#11482 = VECTOR('',#11483,1.);
#11483 = DIRECTION('',(1.,0.));
#11484 = ( GEOMETRIC_REPRESENTATION_CONTEXT(2) 
PARAMETRIC_REPRESENTATION_CONTEXT() REPRESENTATION_CONTEXT('2D SPACE',''
  ) );
#11485 = PCURVE('',#11486,#11491);
#11486 = PLANE('',#11487);
#11487 = AXIS2_PLACEMENT_3D('',#11488,#11489,#11490);
#11488 = CARTESIAN_POINT('',(-18.,27.,81.));
#11489 = DIRECTION('',(0.,1.,0.));
#11490 = DIRECTION('',(0.,0.,1.));
#11491 = DEFINITIONAL_REPRESENTATION('',(#11492),#11496);
#11492 = LINE('',#11493,#11494);
#11493 = CARTESIAN_POINT('',(0.,0.));
#11494 = VECTOR('',#11495,1.);
#11495 = DIRECTION('',(1.,0.));
#11496 = ( GEOMETRIC_REPRESENTATION_CONTEXT(2) 
PARAMETRIC_REPRESENTATION_CONTEXT() REPRESENTATION_CONTEXT('2D SPACE',''
  ) );
#11497 = ORIENTED_EDGE('',*,*,#11498,.F.);
#11498 = EDGE_CURVE('',#11410,#11471,#11499,.T.);
#11499 = SURFACE_CURVE('',#11500,(#11504,#11511),.PCURVE_S1.);
#11500 = LINE('',#11501,#11502);
#11501 = CARTESIAN_POINT('',(-18.,24.,107.));
#11502 = VECTOR('',#11503,1.);
#11503 = DIRECTION('',(0.,1.,0.));
#11504 = PCURVE('',#11418,#11505);
#11505 = DEFINITIONAL_REPRESENTATION('',(#11506),#11510);
#11506 = LINE('',#11507,#11508);
#11507 = CARTESIAN_POINT('',(26.,0.));
#11508 = VECTOR('',#11509,1.);
#11509 = DIRECTION('',(0.,-1.));
#11510 = ( GEOMETRIC_REPRESENTATION_CONTEXT(2) 
PARAMETRIC_REPRESENTATION_CONTEXT() REPRESENTATION_CONTEXT('2D SPACE',''
  ) );
#11511 = PCURVE('',#11512,#11517);
#11512 = PLANE('',#11513);
#11513 = AXIS2_PLACEMENT_3D('',#11514,#11515,#11516);
#11514 = CARTESIAN_POINT('',(-18.,24.,107.));
#11515 = DIRECTION('',(0.,0.,1.));
#11516 = DIRECTION('',(1.,0.,0.));
#11517 = DEFINITIONAL_REPRESENTATION('',(#11518),#11522);
#11518 = LINE('',#11519,#11520);
#11519 = CARTESIAN_POINT('',(0.,0.));
#11520 = VECTOR('',#11521,1.);
#11521 = DIRECTION('',(0.,1.));
#11522 = ( GEOMETRIC_REPRESENTATION_CONTEXT(2) 
PARAMETRIC_REPRESENTATION_CONTEXT() REPRESENTATION_CONTEXT('2D SPACE',''
  ) );
#11523 = ADVANCED_FACE('',(#11524,#11599,#11630,#11661,#11773,#11804),
  #11430,.F.);
#11524 = FACE_BOUND('',#11525,.F.);
#11525 = EDGE_LOOP('',(#11526,#11549,#11550,#11573));
#11526 = ORIENTED_EDGE('',*,*,#11527,.F.);
#11527 = EDGE_CURVE('',#11408,#11528,#11530,.T.);
#11528 = VERTEX_POINT('',#11529);
#11529 = CARTESIAN_POINT('',(18.,24.,81.));
#11530 = SURFACE_CURVE('',#11531,(#11535,#11542),.PCURVE_S1.);
#11531 = LINE('',#11532,#11533);
#11532 = CARTESIAN_POINT('',(-18.,24.,81.));
#11533 = VECTOR('',#11534,1.);
#11534 = DIRECTION('',(1.,0.,0.));
#11535 = PCURVE('',#11430,#11536);
#11536 = DEFINITIONAL_REPRESENTATION('',(#11537),#11541);
#11537 = LINE('',#11538,#11539);
#11538 = CARTESIAN_POINT('',(0.,0.));
#11539 = VECTOR('',#11540,1.);
#11540 = DIRECTION('',(0.,1.));
#11541 = ( GEOMETRIC_REPRESENTATION_CONTEXT(2) 
PARAMETRIC_REPRESENTATION_CONTEXT() REPRESENTATION_CONTEXT('2D SPACE',''
  ) );
#11542 = PCURVE('',#11458,#11543);
#11543 = DEFINITIONAL_REPRESENTATION('',(#11544),#11548);
#11544 = LINE('',#11545,#11546);
#11545 = CARTESIAN_POINT('',(0.,0.));
#11546 = VECTOR('',#11547,1.);
#11547 = DIRECTION('',(1.,0.));
#11548 = ( GEOMETRIC_REPRESENTATION_CONTEXT(2) 
PARAMETRIC_REPRESENTATION_CONTEXT() REPRESENTATION_CONTEXT('2D SPACE',''
  ) );
#11549 = ORIENTED_EDGE('',*,*,#11407,.T.);
#11550 = ORIENTED_EDGE('',*,*,#11551,.T.);
#11551 = EDGE_CURVE('',#11410,#11552,#11554,.T.);
#11552 = VERTEX_POINT('',#11553);
#11553 = CARTESIAN_POINT('',(18.,24.,107.));
#11554 = SURFACE_CURVE('',#11555,(#11559,#11566),.PCURVE_S1.);
#11555 = LINE('',#11556,#11557);
#11556 = CARTESIAN_POINT('',(-18.,24.,107.));
#11557 = VECTOR('',#11558,1.);
#11558 = DIRECTION('',(1.,0.,0.));
#11559 = PCURVE('',#11430,#11560);
#11560 = DEFINITIONAL_REPRESENTATION('',(#11561),#11565);
#11561 = LINE('',#11562,#11563);
#11562 = CARTESIAN_POINT('',(26.,0.));
#11563 = VECTOR('',#11564,1.);
#11564 = DIRECTION('',(0.,1.));
#11565 = ( GEOMETRIC_REPRESENTATION_CONTEXT(2) 
PARAMETRIC_REPRESENTATION_CONTEXT() REPRESENTATION_CONTEXT('2D SPACE',''
  ) );
#11566 = PCURVE('',#11512,#11567);
#11567 = DEFINITIONAL_REPRESENTATION('',(#11568),#11572);
#11568 = LINE('',#11569,#11570);
#11569 = CARTESIAN_POINT('',(0.,0.));
#11570 = VECTOR('',#11571,1.);
#11571 = DIRECTION('',(1.,0.));
#11572 = ( GEOMETRIC_REPRESENTATION_CONTEXT(2) 
PARAMETRIC_REPRESENTATION_CONTEXT() REPRESENTATION_CONTEXT('2D SPACE',''
  ) );
#11573 = ORIENTED_EDGE('',*,*,#11574,.F.);
#11574 = EDGE_CURVE('',#11528,#11552,#11575,.T.);
#11575 = SURFACE_CURVE('',#11576,(#11580,#11587),.PCURVE_S1.);
#11576 = LINE('',#11577,#11578);
#11577 = CARTESIAN_POINT('',(18.,24.,81.));
#11578 = VECTOR('',#11579,1.);
#11579 = DIRECTION('',(0.,0.,1.));
#11580 = PCURVE('',#11430,#11581);
#11581 = DEFINITIONAL_REPRESENTATION('',(#11582),#11586);
#11582 = LINE('',#11583,#11584);
#11583 = CARTESIAN_POINT('',(0.,36.));
#11584 = VECTOR('',#11585,1.);
#11585 = DIRECTION('',(1.,0.));
#11586 = ( GEOMETRIC_REPRESENTATION_CONTEXT(2) 
PARAMETRIC_REPRESENTATION_CONTEXT() REPRESENTATION_CONTEXT('2D SPACE',''
  ) );
#11587 = PCURVE('',#11588,#11593);
#11588 = PLANE('',#11589);
#11589 = AXIS2_PLACEMENT_3D('',#11590,#11591,#11592);
#11590 = CARTESIAN_POINT('',(18.,24.,81.));
#11591 = DIRECTION('',(1.,0.,0.));
#11592 = DIRECTION('',(0.,0.,1.));
#11593 = DEFINITIONAL_REPRESENTATION('',(#11594),#11598);
#11594 = LINE('',#11595,#11596);
#11595 = CARTESIAN_POINT('',(0.,0.));
#11596 = VECTOR('',#11597,1.);
#11597 = DIRECTION('',(1.,0.));
#11598 = ( GEOMETRIC_REPRESENTATION_CONTEXT(2) 
PARAMETRIC_REPRESENTATION_CONTEXT() REPRESENTATION_CONTEXT('2D SPACE',''
  ) );
#11599 = FACE_BOUND('',#11600,.F.);
#11600 = EDGE_LOOP('',(#11601));
#11601 = ORIENTED_EDGE('',*,*,#11602,.F.);
#11602 = EDGE_CURVE('',#11603,#11603,#11605,.T.);
#11603 = VERTEX_POINT('',#11604);
#11604 = CARTESIAN_POINT('',(-13.85,24.,87.7));
#11605 = SURFACE_CURVE('',#11606,(#11611,#11618),.PCURVE_S1.);
#11606 = CIRCLE('',#11607,1.2);
#11607 = AXIS2_PLACEMENT_3D('',#11608,#11609,#11610);
#11608 = CARTESIAN_POINT('',(-13.85,24.,86.5));
#11609 = DIRECTION('',(0.,1.,0.));
#11610 = DIRECTION('',(0.,-0.,1.));
#11611 = PCURVE('',#11430,#11612);
#11612 = DEFINITIONAL_REPRESENTATION('',(#11613),#11617);
#11613 = CIRCLE('',#11614,1.2);
#11614 = AXIS2_PLACEMENT_2D('',#11615,#11616);
#11615 = CARTESIAN_POINT('',(5.5,4.15));
#11616 = DIRECTION('',(1.,0.));
#11617 = ( GEOMETRIC_REPRESENTATION_CONTEXT(2) 
PARAMETRIC_REPRESENTATION_CONTEXT() REPRESENTATION_CONTEXT('2D SPACE',''
  ) );
#11618 = PCURVE('',#11619,#11624);
#11619 = CYLINDRICAL_SURFACE('',#11620,1.2);
#11620 = AXIS2_PLACEMENT_3D('',#11621,#11622,#11623);
#11621 = CARTESIAN_POINT('',(-13.85,23.5,86.5));
#11622 = DIRECTION('',(0.,1.,0.));
#11623 = DIRECTION('',(0.,-0.,1.));
#11624 = DEFINITIONAL_REPRESENTATION('',(#11625),#11629);
#11625 = LINE('',#11626,#11627);
#11626 = CARTESIAN_POINT('',(0.,0.5));
#11627 = VECTOR('',#11628,1.);
#11628 = DIRECTION('',(1.,0.));
#11629 = ( GEOMETRIC_REPRESENTATION_CONTEXT(2) 
PARAMETRIC_REPRESENTATION_CONTEXT() REPRESENTATION_CONTEXT('2D SPACE',''
  ) );
#11630 = FACE_BOUND('',#11631,.F.);
#11631 = EDGE_LOOP('',(#11632));
#11632 = ORIENTED_EDGE('',*,*,#11633,.F.);
#11633 = EDGE_CURVE('',#11634,#11634,#11636,.T.);
#11634 = VERTEX_POINT('',#11635);
#11635 = CARTESIAN_POINT('',(-13.85,24.,102.7));
#11636 = SURFACE_CURVE('',#11637,(#11642,#11649),.PCURVE_S1.);
#11637 = CIRCLE('',#11638,1.2);
#11638 = AXIS2_PLACEMENT_3D('',#11639,#11640,#11641);
#11639 = CARTESIAN_POINT('',(-13.85,24.,101.5));
#11640 = DIRECTION('',(0.,1.,0.));
#11641 = DIRECTION('',(0.,-0.,1.));
#11642 = PCURVE('',#11430,#11643);
#11643 = DEFINITIONAL_REPRESENTATION('',(#11644),#11648);
#11644 = CIRCLE('',#11645,1.2);
#11645 = AXIS2_PLACEMENT_2D('',#11646,#11647);
#11646 = CARTESIAN_POINT('',(20.5,4.15));
#11647 = DIRECTION('',(1.,0.));
#11648 = ( GEOMETRIC_REPRESENTATION_CONTEXT(2) 
PARAMETRIC_REPRESENTATION_CONTEXT() REPRESENTATION_CONTEXT('2D SPACE',''
  ) );
#11649 = PCURVE('',#11650,#11655);
#11650 = CYLINDRICAL_SURFACE('',#11651,1.2);
#11651 = AXIS2_PLACEMENT_3D('',#11652,#11653,#11654);
#11652 = CARTESIAN_POINT('',(-13.85,23.5,101.5));
#11653 = DIRECTION('',(0.,1.,0.));
#11654 = DIRECTION('',(0.,-0.,1.));
#11655 = DEFINITIONAL_REPRESENTATION('',(#11656),#11660);
#11656 = LINE('',#11657,#11658);
#11657 = CARTESIAN_POINT('',(0.,0.5));
#11658 = VECTOR('',#11659,1.);
#11659 = DIRECTION('',(1.,0.));
#11660 = ( GEOMETRIC_REPRESENTATION_CONTEXT(2) 
PARAMETRIC_REPRESENTATION_CONTEXT() REPRESENTATION_CONTEXT('2D SPACE',''
  ) );
#11661 = FACE_BOUND('',#11662,.F.);
#11662 = EDGE_LOOP('',(#11663,#11691,#11720,#11746));
#11663 = ORIENTED_EDGE('',*,*,#11664,.F.);
#11664 = EDGE_CURVE('',#11665,#11667,#11669,.T.);
#11665 = VERTEX_POINT('',#11666);
#11666 = CARTESIAN_POINT('',(-5.,24.,101.5));
#11667 = VERTEX_POINT('',#11668);
#11668 = CARTESIAN_POINT('',(5.,24.,101.5));
#11669 = SURFACE_CURVE('',#11670,(#11674,#11680),.PCURVE_S1.);
#11670 = LINE('',#11671,#11672);
#11671 = CARTESIAN_POINT('',(-11.5,24.,101.5));
#11672 = VECTOR('',#11673,1.);
#11673 = DIRECTION('',(1.,0.,0.));
#11674 = PCURVE('',#11430,#11675);
#11675 = DEFINITIONAL_REPRESENTATION('',(#11676),#11679);
#11676 = B_SPLINE_CURVE_WITH_KNOTS('',1,(#11677,#11678),.UNSPECIFIED.,
  .F.,.F.,(2,2),(6.5,16.5),.PIECEWISE_BEZIER_KNOTS.);
#11677 = CARTESIAN_POINT('',(20.5,13.));
#11678 = CARTESIAN_POINT('',(20.5,23.));
#11679 = ( GEOMETRIC_REPRESENTATION_CONTEXT(2) 
PARAMETRIC_REPRESENTATION_CONTEXT() REPRESENTATION_CONTEXT('2D SPACE',''
  ) );
#11680 = PCURVE('',#11681,#11686);
#11681 = PLANE('',#11682);
#11682 = AXIS2_PLACEMENT_3D('',#11683,#11684,#11685);
#11683 = CARTESIAN_POINT('',(-5.,23.5,101.5));
#11684 = DIRECTION('',(0.,0.,1.));
#11685 = DIRECTION('',(1.,0.,0.));
#11686 = DEFINITIONAL_REPRESENTATION('',(#11687),#11690);
#11687 = B_SPLINE_CURVE_WITH_KNOTS('',1,(#11688,#11689),.UNSPECIFIED.,
  .F.,.F.,(2,2),(6.5,16.5),.PIECEWISE_BEZIER_KNOTS.);
#11688 = CARTESIAN_POINT('',(0.,0.5));
#11689 = CARTESIAN_POINT('',(10.,0.5));
#11690 = ( GEOMETRIC_REPRESENTATION_CONTEXT(2) 
PARAMETRIC_REPRESENTATION_CONTEXT() REPRESENTATION_CONTEXT('2D SPACE',''
  ) );
#11691 = ORIENTED_EDGE('',*,*,#11692,.F.);
#11692 = EDGE_CURVE('',#11693,#11665,#11695,.T.);
#11693 = VERTEX_POINT('',#11694);
#11694 = CARTESIAN_POINT('',(-5.,24.,86.5));
#11695 = SURFACE_CURVE('',#11696,(#11701,#11708),.PCURVE_S1.);
#11696 = CIRCLE('',#11697,7.5);
#11697 = AXIS2_PLACEMENT_3D('',#11698,#11699,#11700);
#11698 = CARTESIAN_POINT('',(-5.,24.,94.));
#11699 = DIRECTION('',(0.,1.,0.));
#11700 = DIRECTION('',(0.,-0.,1.));
#11701 = PCURVE('',#11430,#11702);
#11702 = DEFINITIONAL_REPRESENTATION('',(#11703),#11707);
#11703 = CIRCLE('',#11704,7.5);
#11704 = AXIS2_PLACEMENT_2D('',#11705,#11706);
#11705 = CARTESIAN_POINT('',(13.,13.));
#11706 = DIRECTION('',(1.,0.));
#11707 = ( GEOMETRIC_REPRESENTATION_CONTEXT(2) 
PARAMETRIC_REPRESENTATION_CONTEXT() REPRESENTATION_CONTEXT('2D SPACE',''
  ) );
#11708 = PCURVE('',#11709,#11714);
#11709 = CYLINDRICAL_SURFACE('',#11710,7.5);
#11710 = AXIS2_PLACEMENT_3D('',#11711,#11712,#11713);
#11711 = CARTESIAN_POINT('',(-5.,23.5,94.));
#11712 = DIRECTION('',(0.,1.,0.));
#11713 = DIRECTION('',(0.,-0.,1.));
#11714 = DEFINITIONAL_REPRESENTATION('',(#11715),#11719);
#11715 = LINE('',#11716,#11717);
#11716 = CARTESIAN_POINT('',(0.,0.5));
#11717 = VECTOR('',#11718,1.);
#11718 = DIRECTION('',(1.,0.));
#11719 = ( GEOMETRIC_REPRESENTATION_CONTEXT(2) 
PARAMETRIC_REPRESENTATION_CONTEXT() REPRESENTATION_CONTEXT('2D SPACE',''
  ) );
#11720 = ORIENTED_EDGE('',*,*,#11721,.T.);
#11721 = EDGE_CURVE('',#11693,#11722,#11724,.T.);
#11722 = VERTEX_POINT('',#11723);
#11723 = CARTESIAN_POINT('',(5.,24.,86.5));
#11724 = SURFACE_CURVE('',#11725,(#11729,#11735),.PCURVE_S1.);
#11725 = LINE('',#11726,#11727);
#11726 = CARTESIAN_POINT('',(-11.5,24.,86.5));
#11727 = VECTOR('',#11728,1.);
#11728 = DIRECTION('',(1.,0.,0.));
#11729 = PCURVE('',#11430,#11730);
#11730 = DEFINITIONAL_REPRESENTATION('',(#11731),#11734);
#11731 = B_SPLINE_CURVE_WITH_KNOTS('',1,(#11732,#11733),.UNSPECIFIED.,
  .F.,.F.,(2,2),(6.5,16.5),.PIECEWISE_BEZIER_KNOTS.);
#11732 = CARTESIAN_POINT('',(5.5,13.));
#11733 = CARTESIAN_POINT('',(5.5,23.));
#11734 = ( GEOMETRIC_REPRESENTATION_CONTEXT(2) 
PARAMETRIC_REPRESENTATION_CONTEXT() REPRESENTATION_CONTEXT('2D SPACE',''
  ) );
#11735 = PCURVE('',#11736,#11741);
#11736 = PLANE('',#11737);
#11737 = AXIS2_PLACEMENT_3D('',#11738,#11739,#11740);
#11738 = CARTESIAN_POINT('',(-5.,23.5,86.5));
#11739 = DIRECTION('',(0.,0.,1.));
#11740 = DIRECTION('',(1.,0.,0.));
#11741 = DEFINITIONAL_REPRESENTATION('',(#11742),#11745);
#11742 = B_SPLINE_CURVE_WITH_KNOTS('',1,(#11743,#11744),.UNSPECIFIED.,
  .F.,.F.,(2,2),(6.5,16.5),.PIECEWISE_BEZIER_KNOTS.);
#11743 = CARTESIAN_POINT('',(0.,0.5));
#11744 = CARTESIAN_POINT('',(10.,0.5));
#11745 = ( GEOMETRIC_REPRESENTATION_CONTEXT(2) 
PARAMETRIC_REPRESENTATION_CONTEXT() REPRESENTATION_CONTEXT('2D SPACE',''
  ) );
#11746 = ORIENTED_EDGE('',*,*,#11747,.F.);
#11747 = EDGE_CURVE('',#11667,#11722,#11748,.T.);
#11748 = SURFACE_CURVE('',#11749,(#11754,#11761),.PCURVE_S1.);
#11749 = CIRCLE('',#11750,7.5);
#11750 = AXIS2_PLACEMENT_3D('',#11751,#11752,#11753);
#11751 = CARTESIAN_POINT('',(5.,24.,94.));
#11752 = DIRECTION('',(0.,1.,0.));
#11753 = DIRECTION('',(0.,-0.,1.));
#11754 = PCURVE('',#11430,#11755);
#11755 = DEFINITIONAL_REPRESENTATION('',(#11756),#11760);
#11756 = CIRCLE('',#11757,7.5);
#11757 = AXIS2_PLACEMENT_2D('',#11758,#11759);
#11758 = CARTESIAN_POINT('',(13.,23.));
#11759 = DIRECTION('',(1.,0.));
#11760 = ( GEOMETRIC_REPRESENTATION_CONTEXT(2) 
PARAMETRIC_REPRESENTATION_CONTEXT() REPRESENTATION_CONTEXT('2D SPACE',''
  ) );
#11761 = PCURVE('',#11762,#11767);
#11762 = CYLINDRICAL_SURFACE('',#11763,7.5);
#11763 = AXIS2_PLACEMENT_3D('',#11764,#11765,#11766);
#11764 = CARTESIAN_POINT('',(5.,23.5,94.));
#11765 = DIRECTION('',(0.,1.,0.));
#11766 = DIRECTION('',(0.,-0.,1.));
#11767 = DEFINITIONAL_REPRESENTATION('',(#11768),#11772);
#11768 = LINE('',#11769,#11770);
#11769 = CARTESIAN_POINT('',(0.,0.5));
#11770 = VECTOR('',#11771,1.);
#11771 = DIRECTION('',(1.,0.));
#11772 = ( GEOMETRIC_REPRESENTATION_CONTEXT(2) 
PARAMETRIC_REPRESENTATION_CONTEXT() REPRESENTATION_CONTEXT('2D SPACE',''
  ) );
#11773 = FACE_BOUND('',#11774,.F.);
#11774 = EDGE_LOOP('',(#11775));
#11775 = ORIENTED_EDGE('',*,*,#11776,.F.);
#11776 = EDGE_CURVE('',#11777,#11777,#11779,.T.);
#11777 = VERTEX_POINT('',#11778);
#11778 = CARTESIAN_POINT('',(13.85,24.,87.7));
#11779 = SURFACE_CURVE('',#11780,(#11785,#11792),.PCURVE_S1.);
#11780 = CIRCLE('',#11781,1.2);
#11781 = AXIS2_PLACEMENT_3D('',#11782,#11783,#11784);
#11782 = CARTESIAN_POINT('',(13.85,24.,86.5));
#11783 = DIRECTION('',(0.,1.,0.));
#11784 = DIRECTION('',(0.,-0.,1.));
#11785 = PCURVE('',#11430,#11786);
#11786 = DEFINITIONAL_REPRESENTATION('',(#11787),#11791);
#11787 = CIRCLE('',#11788,1.2);
#11788 = AXIS2_PLACEMENT_2D('',#11789,#11790);
#11789 = CARTESIAN_POINT('',(5.5,31.85));
#11790 = DIRECTION('',(1.,0.));
#11791 = ( GEOMETRIC_REPRESENTATION_CONTEXT(2) 
PARAMETRIC_REPRESENTATION_CONTEXT() REPRESENTATION_CONTEXT('2D SPACE',''
  ) );
#11792 = PCURVE('',#11793,#11798);
#11793 = CYLINDRICAL_SURFACE('',#11794,1.2);
#11794 = AXIS2_PLACEMENT_3D('',#11795,#11796,#11797);
#11795 = CARTESIAN_POINT('',(13.85,23.5,86.5));
#11796 = DIRECTION('',(0.,1.,0.));
#11797 = DIRECTION('',(0.,-0.,1.));
#11798 = DEFINITIONAL_REPRESENTATION('',(#11799),#11803);
#11799 = LINE('',#11800,#11801);
#11800 = CARTESIAN_POINT('',(0.,0.5));
#11801 = VECTOR('',#11802,1.);
#11802 = DIRECTION('',(1.,0.));
#11803 = ( GEOMETRIC_REPRESENTATION_CONTEXT(2) 
PARAMETRIC_REPRESENTATION_CONTEXT() REPRESENTATION_CONTEXT('2D SPACE',''
  ) );
#11804 = FACE_BOUND('',#11805,.F.);
#11805 = EDGE_LOOP('',(#11806));
#11806 = ORIENTED_EDGE('',*,*,#11807,.F.);
#11807 = EDGE_CURVE('',#11808,#11808,#11810,.T.);
#11808 = VERTEX_POINT('',#11809);
#11809 = CARTESIAN_POINT('',(13.85,24.,102.7));
#11810 = SURFACE_CURVE('',#11811,(#11816,#11823),.PCURVE_S1.);
#11811 = CIRCLE('',#11812,1.2);
#11812 = AXIS2_PLACEMENT_3D('',#11813,#11814,#11815);
#11813 = CARTESIAN_POINT('',(13.85,24.,101.5));
#11814 = DIRECTION('',(0.,1.,0.));
#11815 = DIRECTION('',(0.,-0.,1.));
#11816 = PCURVE('',#11430,#11817);
#11817 = DEFINITIONAL_REPRESENTATION('',(#11818),#11822);
#11818 = CIRCLE('',#11819,1.2);
#11819 = AXIS2_PLACEMENT_2D('',#11820,#11821);
#11820 = CARTESIAN_POINT('',(20.5,31.85));
#11821 = DIRECTION('',(1.,0.));
#11822 = ( GEOMETRIC_REPRESENTATION_CONTEXT(2) 
PARAMETRIC_REPRESENTATION_CONTEXT() REPRESENTATION_CONTEXT('2D SPACE',''
  ) );
#11823 = PCURVE('',#11824,#11829);
#11824 = CYLINDRICAL_SURFACE('',#11825,1.2);
#11825 = AXIS2_PLACEMENT_3D('',#11826,#11827,#11828);
#11826 = CARTESIAN_POINT('',(13.85,23.5,101.5));
#11827 = DIRECTION('',(0.,1.,0.));
#11828 = DIRECTION('',(0.,-0.,1.));
#11829 = DEFINITIONAL_REPRESENTATION('',(#11830),#11834);
#11830 = LINE('',#11831,#11832);
#11831 = CARTESIAN_POINT('',(0.,0.5));
#11832 = VECTOR('',#11833,1.);
#11833 = DIRECTION('',(1.,0.));
#11834 = ( GEOMETRIC_REPRESENTATION_CONTEXT(2) 
PARAMETRIC_REPRESENTATION_CONTEXT() REPRESENTATION_CONTEXT('2D SPACE',''
  ) );
#11835 = ADVANCED_FACE('',(#11836),#11512,.T.);
#11836 = FACE_BOUND('',#11837,.T.);
#11837 = EDGE_LOOP('',(#11838,#11839,#11840,#11863));
#11838 = ORIENTED_EDGE('',*,*,#11498,.F.);
#11839 = ORIENTED_EDGE('',*,*,#11551,.T.);
#11840 = ORIENTED_EDGE('',*,*,#11841,.T.);
#11841 = EDGE_CURVE('',#11552,#11842,#11844,.T.);
#11842 = VERTEX_POINT('',#11843);
#11843 = CARTESIAN_POINT('',(18.,27.,107.));
#11844 = SURFACE_CURVE('',#11845,(#11849,#11856),.PCURVE_S1.);
#11845 = LINE('',#11846,#11847);
#11846 = CARTESIAN_POINT('',(18.,24.,107.));
#11847 = VECTOR('',#11848,1.);
#11848 = DIRECTION('',(0.,1.,0.));
#11849 = PCURVE('',#11512,#11850);
#11850 = DEFINITIONAL_REPRESENTATION('',(#11851),#11855);
#11851 = LINE('',#11852,#11853);
#11852 = CARTESIAN_POINT('',(36.,0.));
#11853 = VECTOR('',#11854,1.);
#11854 = DIRECTION('',(0.,1.));
#11855 = ( GEOMETRIC_REPRESENTATION_CONTEXT(2) 
PARAMETRIC_REPRESENTATION_CONTEXT() REPRESENTATION_CONTEXT('2D SPACE',''
  ) );
#11856 = PCURVE('',#11588,#11857);
#11857 = DEFINITIONAL_REPRESENTATION('',(#11858),#11862);
#11858 = LINE('',#11859,#11860);
#11859 = CARTESIAN_POINT('',(26.,0.));
#11860 = VECTOR('',#11861,1.);
#11861 = DIRECTION('',(0.,-1.));
#11862 = ( GEOMETRIC_REPRESENTATION_CONTEXT(2) 
PARAMETRIC_REPRESENTATION_CONTEXT() REPRESENTATION_CONTEXT('2D SPACE',''
  ) );
#11863 = ORIENTED_EDGE('',*,*,#11864,.F.);
#11864 = EDGE_CURVE('',#11471,#11842,#11865,.T.);
#11865 = SURFACE_CURVE('',#11866,(#11870,#11877),.PCURVE_S1.);
#11866 = LINE('',#11867,#11868);
#11867 = CARTESIAN_POINT('',(-18.,27.,107.));
#11868 = VECTOR('',#11869,1.);
#11869 = DIRECTION('',(1.,0.,0.));
#11870 = PCURVE('',#11512,#11871);
#11871 = DEFINITIONAL_REPRESENTATION('',(#11872),#11876);
#11872 = LINE('',#11873,#11874);
#11873 = CARTESIAN_POINT('',(0.,3.));
#11874 = VECTOR('',#11875,1.);
#11875 = DIRECTION('',(1.,0.));
#11876 = ( GEOMETRIC_REPRESENTATION_CONTEXT(2) 
PARAMETRIC_REPRESENTATION_CONTEXT() REPRESENTATION_CONTEXT('2D SPACE',''
  ) );
#11877 = PCURVE('',#11486,#11878);
#11878 = DEFINITIONAL_REPRESENTATION('',(#11879),#11883);
#11879 = LINE('',#11880,#11881);
#11880 = CARTESIAN_POINT('',(26.,0.));
#11881 = VECTOR('',#11882,1.);
#11882 = DIRECTION('',(0.,1.));
#11883 = ( GEOMETRIC_REPRESENTATION_CONTEXT(2) 
PARAMETRIC_REPRESENTATION_CONTEXT() REPRESENTATION_CONTEXT('2D SPACE',''
  ) );
#11884 = ADVANCED_FACE('',(#11885,#11933,#11959,#11985,#12077,#12103),
  #11486,.T.);
#11885 = FACE_BOUND('',#11886,.T.);
#11886 = EDGE_LOOP('',(#11887,#11910,#11911,#11912));
#11887 = ORIENTED_EDGE('',*,*,#11888,.F.);
#11888 = EDGE_CURVE('',#11443,#11889,#11891,.T.);
#11889 = VERTEX_POINT('',#11890);
#11890 = CARTESIAN_POINT('',(18.,27.,81.));
#11891 = SURFACE_CURVE('',#11892,(#11896,#11903),.PCURVE_S1.);
#11892 = LINE('',#11893,#11894);
#11893 = CARTESIAN_POINT('',(-18.,27.,81.));
#11894 = VECTOR('',#11895,1.);
#11895 = DIRECTION('',(1.,0.,0.));
#11896 = PCURVE('',#11486,#11897);
#11897 = DEFINITIONAL_REPRESENTATION('',(#11898),#11902);
#11898 = LINE('',#11899,#11900);
#11899 = CARTESIAN_POINT('',(0.,0.));
#11900 = VECTOR('',#11901,1.);
#11901 = DIRECTION('',(0.,1.));
#11902 = ( GEOMETRIC_REPRESENTATION_CONTEXT(2) 
PARAMETRIC_REPRESENTATION_CONTEXT() REPRESENTATION_CONTEXT('2D SPACE',''
  ) );
#11903 = PCURVE('',#11458,#11904);
#11904 = DEFINITIONAL_REPRESENTATION('',(#11905),#11909);
#11905 = LINE('',#11906,#11907);
#11906 = CARTESIAN_POINT('',(0.,3.));
#11907 = VECTOR('',#11908,1.);
#11908 = DIRECTION('',(1.,0.));
#11909 = ( GEOMETRIC_REPRESENTATION_CONTEXT(2) 
PARAMETRIC_REPRESENTATION_CONTEXT() REPRESENTATION_CONTEXT('2D SPACE',''
  ) );
#11910 = ORIENTED_EDGE('',*,*,#11470,.T.);
#11911 = ORIENTED_EDGE('',*,*,#11864,.T.);
#11912 = ORIENTED_EDGE('',*,*,#11913,.F.);
#11913 = EDGE_CURVE('',#11889,#11842,#11914,.T.);
#11914 = SURFACE_CURVE('',#11915,(#11919,#11926),.PCURVE_S1.);
#11915 = LINE('',#11916,#11917);
#11916 = CARTESIAN_POINT('',(18.,27.,81.));
#11917 = VECTOR('',#11918,1.);
#11918 = DIRECTION('',(0.,0.,1.));
#11919 = PCURVE('',#11486,#11920);
#11920 = DEFINITIONAL_REPRESENTATION('',(#11921),#11925);
#11921 = LINE('',#11922,#11923);
#11922 = CARTESIAN_POINT('',(0.,36.));
#11923 = VECTOR('',#11924,1.);
#11924 = DIRECTION('',(1.,0.));
#11925 = ( GEOMETRIC_REPRESENTATION_CONTEXT(2) 
PARAMETRIC_REPRESENTATION_CONTEXT() REPRESENTATION_CONTEXT('2D SPACE',''
  ) );
#11926 = PCURVE('',#11588,#11927);
#11927 = DEFINITIONAL_REPRESENTATION('',(#11928),#11932);
#11928 = LINE('',#11929,#11930);
#11929 = CARTESIAN_POINT('',(0.,-3.));
#11930 = VECTOR('',#11931,1.);
#11931 = DIRECTION('',(1.,0.));
#11932 = ( GEOMETRIC_REPRESENTATION_CONTEXT(2) 
PARAMETRIC_REPRESENTATION_CONTEXT() REPRESENTATION_CONTEXT('2D SPACE',''
  ) );
#11933 = FACE_BOUND('',#11934,.T.);
#11934 = EDGE_LOOP('',(#11935));
#11935 = ORIENTED_EDGE('',*,*,#11936,.F.);
#11936 = EDGE_CURVE('',#11937,#11937,#11939,.T.);
#11937 = VERTEX_POINT('',#11938);
#11938 = CARTESIAN_POINT('',(-13.85,27.,87.7));
#11939 = SURFACE_CURVE('',#11940,(#11945,#11952),.PCURVE_S1.);
#11940 = CIRCLE('',#11941,1.2);
#11941 = AXIS2_PLACEMENT_3D('',#11942,#11943,#11944);
#11942 = CARTESIAN_POINT('',(-13.85,27.,86.5));
#11943 = DIRECTION('',(0.,1.,0.));
#11944 = DIRECTION('',(0.,-0.,1.));
#11945 = PCURVE('',#11486,#11946);
#11946 = DEFINITIONAL_REPRESENTATION('',(#11947),#11951);
#11947 = CIRCLE('',#11948,1.2);
#11948 = AXIS2_PLACEMENT_2D('',#11949,#11950);
#11949 = CARTESIAN_POINT('',(5.5,4.15));
#11950 = DIRECTION('',(1.,0.));
#11951 = ( GEOMETRIC_REPRESENTATION_CONTEXT(2) 
PARAMETRIC_REPRESENTATION_CONTEXT() REPRESENTATION_CONTEXT('2D SPACE',''
  ) );
#11952 = PCURVE('',#11619,#11953);
#11953 = DEFINITIONAL_REPRESENTATION('',(#11954),#11958);
#11954 = LINE('',#11955,#11956);
#11955 = CARTESIAN_POINT('',(0.,3.5));
#11956 = VECTOR('',#11957,1.);
#11957 = DIRECTION('',(1.,0.));
#11958 = ( GEOMETRIC_REPRESENTATION_CONTEXT(2) 
PARAMETRIC_REPRESENTATION_CONTEXT() REPRESENTATION_CONTEXT('2D SPACE',''
  ) );
#11959 = FACE_BOUND('',#11960,.T.);
#11960 = EDGE_LOOP('',(#11961));
#11961 = ORIENTED_EDGE('',*,*,#11962,.F.);
#11962 = EDGE_CURVE('',#11963,#11963,#11965,.T.);
#11963 = VERTEX_POINT('',#11964);
#11964 = CARTESIAN_POINT('',(-13.85,27.,102.7));
#11965 = SURFACE_CURVE('',#11966,(#11971,#11978),.PCURVE_S1.);
#11966 = CIRCLE('',#11967,1.2);
#11967 = AXIS2_PLACEMENT_3D('',#11968,#11969,#11970);
#11968 = CARTESIAN_POINT('',(-13.85,27.,101.5));
#11969 = DIRECTION('',(0.,1.,0.));
#11970 = DIRECTION('',(0.,-0.,1.));
#11971 = PCURVE('',#11486,#11972);
#11972 = DEFINITIONAL_REPRESENTATION('',(#11973),#11977);
#11973 = CIRCLE('',#11974,1.2);
#11974 = AXIS2_PLACEMENT_2D('',#11975,#11976);
#11975 = CARTESIAN_POINT('',(20.5,4.15));
#11976 = DIRECTION('',(1.,0.));
#11977 = ( GEOMETRIC_REPRESENTATION_CONTEXT(2) 
PARAMETRIC_REPRESENTATION_CONTEXT() REPRESENTATION_CONTEXT('2D SPACE',''
  ) );
#11978 = PCURVE('',#11650,#11979);
#11979 = DEFINITIONAL_REPRESENTATION('',(#11980),#11984);
#11980 = LINE('',#11981,#11982);
#11981 = CARTESIAN_POINT('',(0.,3.5));
#11982 = VECTOR('',#11983,1.);
#11983 = DIRECTION('',(1.,0.));
#11984 = ( GEOMETRIC_REPRESENTATION_CONTEXT(2) 
PARAMETRIC_REPRESENTATION_CONTEXT() REPRESENTATION_CONTEXT('2D SPACE',''
  ) );
#11985 = FACE_BOUND('',#11986,.T.);
#11986 = EDGE_LOOP('',(#11987,#12010,#12034,#12055));
#11987 = ORIENTED_EDGE('',*,*,#11988,.F.);
#11988 = EDGE_CURVE('',#11989,#11991,#11993,.T.);
#11989 = VERTEX_POINT('',#11990);
#11990 = CARTESIAN_POINT('',(-5.,27.,101.5));
#11991 = VERTEX_POINT('',#11992);
#11992 = CARTESIAN_POINT('',(5.,27.,101.5));
#11993 = SURFACE_CURVE('',#11994,(#11998,#12004),.PCURVE_S1.);
#11994 = LINE('',#11995,#11996);
#11995 = CARTESIAN_POINT('',(-11.5,27.,101.5));
#11996 = VECTOR('',#11997,1.);
#11997 = DIRECTION('',(1.,0.,0.));
#11998 = PCURVE('',#11486,#11999);
#11999 = DEFINITIONAL_REPRESENTATION('',(#12000),#12003);
#12000 = B_SPLINE_CURVE_WITH_KNOTS('',1,(#12001,#12002),.UNSPECIFIED.,
  .F.,.F.,(2,2),(6.5,16.5),.PIECEWISE_BEZIER_KNOTS.);
#12001 = CARTESIAN_POINT('',(20.5,13.));
#12002 = CARTESIAN_POINT('',(20.5,23.));
#12003 = ( GEOMETRIC_REPRESENTATION_CONTEXT(2) 
PARAMETRIC_REPRESENTATION_CONTEXT() REPRESENTATION_CONTEXT('2D SPACE',''
  ) );
#12004 = PCURVE('',#11681,#12005);
#12005 = DEFINITIONAL_REPRESENTATION('',(#12006),#12009);
#12006 = B_SPLINE_CURVE_WITH_KNOTS('',1,(#12007,#12008),.UNSPECIFIED.,
  .F.,.F.,(2,2),(6.5,16.5),.PIECEWISE_BEZIER_KNOTS.);
#12007 = CARTESIAN_POINT('',(0.,3.5));
#12008 = CARTESIAN_POINT('',(10.,3.5));
#12009 = ( GEOMETRIC_REPRESENTATION_CONTEXT(2) 
PARAMETRIC_REPRESENTATION_CONTEXT() REPRESENTATION_CONTEXT('2D SPACE',''
  ) );
#12010 = ORIENTED_EDGE('',*,*,#12011,.F.);
#12011 = EDGE_CURVE('',#12012,#11989,#12014,.T.);
#12012 = VERTEX_POINT('',#12013);
#12013 = CARTESIAN_POINT('',(-5.,27.,86.5));
#12014 = SURFACE_CURVE('',#12015,(#12020,#12027),.PCURVE_S1.);
#12015 = CIRCLE('',#12016,7.5);
#12016 = AXIS2_PLACEMENT_3D('',#12017,#12018,#12019);
#12017 = CARTESIAN_POINT('',(-5.,27.,94.));
#12018 = DIRECTION('',(0.,1.,0.));
#12019 = DIRECTION('',(0.,-0.,1.));
#12020 = PCURVE('',#11486,#12021);
#12021 = DEFINITIONAL_REPRESENTATION('',(#12022),#12026);
#12022 = CIRCLE('',#12023,7.5);
#12023 = AXIS2_PLACEMENT_2D('',#12024,#12025);
#12024 = CARTESIAN_POINT('',(13.,13.));
#12025 = DIRECTION('',(1.,0.));
#12026 = ( GEOMETRIC_REPRESENTATION_CONTEXT(2) 
PARAMETRIC_REPRESENTATION_CONTEXT() REPRESENTATION_CONTEXT('2D SPACE',''
  ) );
#12027 = PCURVE('',#11709,#12028);
#12028 = DEFINITIONAL_REPRESENTATION('',(#12029),#12033);
#12029 = LINE('',#12030,#12031);
#12030 = CARTESIAN_POINT('',(0.,3.5));
#12031 = VECTOR('',#12032,1.);
#12032 = DIRECTION('',(1.,0.));
#12033 = ( GEOMETRIC_REPRESENTATION_CONTEXT(2) 
PARAMETRIC_REPRESENTATION_CONTEXT() REPRESENTATION_CONTEXT('2D SPACE',''
  ) );
#12034 = ORIENTED_EDGE('',*,*,#12035,.T.);
#12035 = EDGE_CURVE('',#12012,#12036,#12038,.T.);
#12036 = VERTEX_POINT('',#12037);
#12037 = CARTESIAN_POINT('',(5.,27.,86.5));
#12038 = SURFACE_CURVE('',#12039,(#12043,#12049),.PCURVE_S1.);
#12039 = LINE('',#12040,#12041);
#12040 = CARTESIAN_POINT('',(-11.5,27.,86.5));
#12041 = VECTOR('',#12042,1.);
#12042 = DIRECTION('',(1.,0.,0.));
#12043 = PCURVE('',#11486,#12044);
#12044 = DEFINITIONAL_REPRESENTATION('',(#12045),#12048);
#12045 = B_SPLINE_CURVE_WITH_KNOTS('',1,(#12046,#12047),.UNSPECIFIED.,
  .F.,.F.,(2,2),(6.5,16.5),.PIECEWISE_BEZIER_KNOTS.);
#12046 = CARTESIAN_POINT('',(5.5,13.));
#12047 = CARTESIAN_POINT('',(5.5,23.));
#12048 = ( GEOMETRIC_REPRESENTATION_CONTEXT(2) 
PARAMETRIC_REPRESENTATION_CONTEXT() REPRESENTATION_CONTEXT('2D SPACE',''
  ) );
#12049 = PCURVE('',#11736,#12050);
#12050 = DEFINITIONAL_REPRESENTATION('',(#12051),#12054);
#12051 = B_SPLINE_CURVE_WITH_KNOTS('',1,(#12052,#12053),.UNSPECIFIED.,
  .F.,.F.,(2,2),(6.5,16.5),.PIECEWISE_BEZIER_KNOTS.);
#12052 = CARTESIAN_POINT('',(0.,3.5));
#12053 = CARTESIAN_POINT('',(10.,3.5));
#12054 = ( GEOMETRIC_REPRESENTATION_CONTEXT(2) 
PARAMETRIC_REPRESENTATION_CONTEXT() REPRESENTATION_CONTEXT('2D SPACE',''
  ) );
#12055 = ORIENTED_EDGE('',*,*,#12056,.F.);
#12056 = EDGE_CURVE('',#11991,#12036,#12057,.T.);
#12057 = SURFACE_CURVE('',#12058,(#12063,#12070),.PCURVE_S1.);
#12058 = CIRCLE('',#12059,7.5);
#12059 = AXIS2_PLACEMENT_3D('',#12060,#12061,#12062);
#12060 = CARTESIAN_POINT('',(5.,27.,94.));
#12061 = DIRECTION('',(0.,1.,0.));
#12062 = DIRECTION('',(0.,-0.,1.));
#12063 = PCURVE('',#11486,#12064);
#12064 = DEFINITIONAL_REPRESENTATION('',(#12065),#12069);
#12065 = CIRCLE('',#12066,7.5);
#12066 = AXIS2_PLACEMENT_2D('',#12067,#12068);
#12067 = CARTESIAN_POINT('',(13.,23.));
#12068 = DIRECTION('',(1.,0.));
#12069 = ( GEOMETRIC_REPRESENTATION_CONTEXT(2) 
PARAMETRIC_REPRESENTATION_CONTEXT() REPRESENTATION_CONTEXT('2D SPACE',''
  ) );
#12070 = PCURVE('',#11762,#12071);
#12071 = DEFINITIONAL_REPRESENTATION('',(#12072),#12076);
#12072 = LINE('',#12073,#12074);
#12073 = CARTESIAN_POINT('',(0.,3.5));
#12074 = VECTOR('',#12075,1.);
#12075 = DIRECTION('',(1.,0.));
#12076 = ( GEOMETRIC_REPRESENTATION_CONTEXT(2) 
PARAMETRIC_REPRESENTATION_CONTEXT() REPRESENTATION_CONTEXT('2D SPACE',''
  ) );
#12077 = FACE_BOUND('',#12078,.T.);
#12078 = EDGE_LOOP('',(#12079));
#12079 = ORIENTED_EDGE('',*,*,#12080,.F.);
#12080 = EDGE_CURVE('',#12081,#12081,#12083,.T.);
#12081 = VERTEX_POINT('',#12082);
#12082 = CARTESIAN_POINT('',(13.85,27.,87.7));
#12083 = SURFACE_CURVE('',#12084,(#12089,#12096),.PCURVE_S1.);
#12084 = CIRCLE('',#12085,1.2);
#12085 = AXIS2_PLACEMENT_3D('',#12086,#12087,#12088);
#12086 = CARTESIAN_POINT('',(13.85,27.,86.5));
#12087 = DIRECTION('',(0.,1.,0.));
#12088 = DIRECTION('',(0.,-0.,1.));
#12089 = PCURVE('',#11486,#12090);
#12090 = DEFINITIONAL_REPRESENTATION('',(#12091),#12095);
#12091 = CIRCLE('',#12092,1.2);
#12092 = AXIS2_PLACEMENT_2D('',#12093,#12094);
#12093 = CARTESIAN_POINT('',(5.5,31.85));
#12094 = DIRECTION('',(1.,0.));
#12095 = ( GEOMETRIC_REPRESENTATION_CONTEXT(2) 
PARAMETRIC_REPRESENTATION_CONTEXT() REPRESENTATION_CONTEXT('2D SPACE',''
  ) );
#12096 = PCURVE('',#11793,#12097);
#12097 = DEFINITIONAL_REPRESENTATION('',(#12098),#12102);
#12098 = LINE('',#12099,#12100);
#12099 = CARTESIAN_POINT('',(0.,3.5));
#12100 = VECTOR('',#12101,1.);
#12101 = DIRECTION('',(1.,0.));
#12102 = ( GEOMETRIC_REPRESENTATION_CONTEXT(2) 
PARAMETRIC_REPRESENTATION_CONTEXT() REPRESENTATION_CONTEXT('2D SPACE',''
  ) );
#12103 = FACE_BOUND('',#12104,.T.);
#12104 = EDGE_LOOP('',(#12105));
#12105 = ORIENTED_EDGE('',*,*,#12106,.F.);
#12106 = EDGE_CURVE('',#12107,#12107,#12109,.T.);
#12107 = VERTEX_POINT('',#12108);
#12108 = CARTESIAN_POINT('',(13.85,27.,102.7));
#12109 = SURFACE_CURVE('',#12110,(#12115,#12122),.PCURVE_S1.);
#12110 = CIRCLE('',#12111,1.2);
#12111 = AXIS2_PLACEMENT_3D('',#12112,#12113,#12114);
#12112 = CARTESIAN_POINT('',(13.85,27.,101.5));
#12113 = DIRECTION('',(0.,1.,0.));
#12114 = DIRECTION('',(0.,-0.,1.));
#12115 = PCURVE('',#11486,#12116);
#12116 = DEFINITIONAL_REPRESENTATION('',(#12117),#12121);
#12117 = CIRCLE('',#12118,1.2);
#12118 = AXIS2_PLACEMENT_2D('',#12119,#12120);
#12119 = CARTESIAN_POINT('',(20.5,31.85));
#12120 = DIRECTION('',(1.,0.));
#12121 = ( GEOMETRIC_REPRESENTATION_CONTEXT(2) 
PARAMETRIC_REPRESENTATION_CONTEXT() REPRESENTATION_CONTEXT('2D SPACE',''
  ) );
#12122 = PCURVE('',#11824,#12123);
#12123 = DEFINITIONAL_REPRESENTATION('',(#12124),#12128);
#12124 = LINE('',#12125,#12126);
#12125 = CARTESIAN_POINT('',(0.,3.5));
#12126 = VECTOR('',#12127,1.);
#12127 = DIRECTION('',(1.,0.));
#12128 = ( GEOMETRIC_REPRESENTATION_CONTEXT(2) 
PARAMETRIC_REPRESENTATION_CONTEXT() REPRESENTATION_CONTEXT('2D SPACE',''
  ) );
#12129 = ADVANCED_FACE('',(#12130),#11458,.F.);
#12130 = FACE_BOUND('',#12131,.F.);
#12131 = EDGE_LOOP('',(#12132,#12133,#12134,#12155));
#12132 = ORIENTED_EDGE('',*,*,#11442,.F.);
#12133 = ORIENTED_EDGE('',*,*,#11527,.T.);
#12134 = ORIENTED_EDGE('',*,*,#12135,.T.);
#12135 = EDGE_CURVE('',#11528,#11889,#12136,.T.);
#12136 = SURFACE_CURVE('',#12137,(#12141,#12148),.PCURVE_S1.);
#12137 = LINE('',#12138,#12139);
#12138 = CARTESIAN_POINT('',(18.,24.,81.));
#12139 = VECTOR('',#12140,1.);
#12140 = DIRECTION('',(0.,1.,0.));
#12141 = PCURVE('',#11458,#12142);
#12142 = DEFINITIONAL_REPRESENTATION('',(#12143),#12147);
#12143 = LINE('',#12144,#12145);
#12144 = CARTESIAN_POINT('',(36.,0.));
#12145 = VECTOR('',#12146,1.);
#12146 = DIRECTION('',(0.,1.));
#12147 = ( GEOMETRIC_REPRESENTATION_CONTEXT(2) 
PARAMETRIC_REPRESENTATION_CONTEXT() REPRESENTATION_CONTEXT('2D SPACE',''
  ) );
#12148 = PCURVE('',#11588,#12149);
#12149 = DEFINITIONAL_REPRESENTATION('',(#12150),#12154);
#12150 = LINE('',#12151,#12152);
#12151 = CARTESIAN_POINT('',(0.,0.));
#12152 = VECTOR('',#12153,1.);
#12153 = DIRECTION('',(0.,-1.));
#12154 = ( GEOMETRIC_REPRESENTATION_CONTEXT(2) 
PARAMETRIC_REPRESENTATION_CONTEXT() REPRESENTATION_CONTEXT('2D SPACE',''
  ) );
#12155 = ORIENTED_EDGE('',*,*,#11888,.F.);
#12156 = ADVANCED_FACE('',(#12157),#11588,.T.);
#12157 = FACE_BOUND('',#12158,.T.);
#12158 = EDGE_LOOP('',(#12159,#12160,#12161,#12162));
#12159 = ORIENTED_EDGE('',*,*,#11574,.F.);
#12160 = ORIENTED_EDGE('',*,*,#12135,.T.);
#12161 = ORIENTED_EDGE('',*,*,#11913,.T.);
#12162 = ORIENTED_EDGE('',*,*,#11841,.F.);
#12163 = ADVANCED_FACE('',(#12164),#11619,.F.);
#12164 = FACE_BOUND('',#12165,.F.);
#12165 = EDGE_LOOP('',(#12166,#12167,#12188,#12189));
#12166 = ORIENTED_EDGE('',*,*,#11936,.F.);
#12167 = ORIENTED_EDGE('',*,*,#12168,.F.);
#12168 = EDGE_CURVE('',#11603,#11937,#12169,.T.);
#12169 = SEAM_CURVE('',#12170,(#12174,#12181),.PCURVE_S1.);
#12170 = LINE('',#12171,#12172);
#12171 = CARTESIAN_POINT('',(-13.85,23.5,87.7));
#12172 = VECTOR('',#12173,1.);
#12173 = DIRECTION('',(0.,1.,0.));
#12174 = PCURVE('',#11619,#12175);
#12175 = DEFINITIONAL_REPRESENTATION('',(#12176),#12180);
#12176 = LINE('',#12177,#12178);
#12177 = CARTESIAN_POINT('',(6.28318530718,-0.));
#12178 = VECTOR('',#12179,1.);
#12179 = DIRECTION('',(0.,1.));
#12180 = ( GEOMETRIC_REPRESENTATION_CONTEXT(2) 
PARAMETRIC_REPRESENTATION_CONTEXT() REPRESENTATION_CONTEXT('2D SPACE',''
  ) );
#12181 = PCURVE('',#11619,#12182);
#12182 = DEFINITIONAL_REPRESENTATION('',(#12183),#12187);
#12183 = LINE('',#12184,#12185);
#12184 = CARTESIAN_POINT('',(0.,-0.));
#12185 = VECTOR('',#12186,1.);
#12186 = DIRECTION('',(0.,1.));
#12187 = ( GEOMETRIC_REPRESENTATION_CONTEXT(2) 
PARAMETRIC_REPRESENTATION_CONTEXT() REPRESENTATION_CONTEXT('2D SPACE',''
  ) );
#12188 = ORIENTED_EDGE('',*,*,#11602,.T.);
#12189 = ORIENTED_EDGE('',*,*,#12168,.T.);
#12190 = ADVANCED_FACE('',(#12191),#11650,.F.);
#12191 = FACE_BOUND('',#12192,.F.);
#12192 = EDGE_LOOP('',(#12193,#12194,#12215,#12216));
#12193 = ORIENTED_EDGE('',*,*,#11962,.F.);
#12194 = ORIENTED_EDGE('',*,*,#12195,.F.);
#12195 = EDGE_CURVE('',#11634,#11963,#12196,.T.);
#12196 = SEAM_CURVE('',#12197,(#12201,#12208),.PCURVE_S1.);
#12197 = LINE('',#12198,#12199);
#12198 = CARTESIAN_POINT('',(-13.85,23.5,102.7));
#12199 = VECTOR('',#12200,1.);
#12200 = DIRECTION('',(0.,1.,0.));
#12201 = PCURVE('',#11650,#12202);
#12202 = DEFINITIONAL_REPRESENTATION('',(#12203),#12207);
#12203 = LINE('',#12204,#12205);
#12204 = CARTESIAN_POINT('',(6.28318530718,-0.));
#12205 = VECTOR('',#12206,1.);
#12206 = DIRECTION('',(0.,1.));
#12207 = ( GEOMETRIC_REPRESENTATION_CONTEXT(2) 
PARAMETRIC_REPRESENTATION_CONTEXT() REPRESENTATION_CONTEXT('2D SPACE',''
  ) );
#12208 = PCURVE('',#11650,#12209);
#12209 = DEFINITIONAL_REPRESENTATION('',(#12210),#12214);
#12210 = LINE('',#12211,#12212);
#12211 = CARTESIAN_POINT('',(0.,-0.));
#12212 = VECTOR('',#12213,1.);
#12213 = DIRECTION('',(0.,1.));
#12214 = ( GEOMETRIC_REPRESENTATION_CONTEXT(2) 
PARAMETRIC_REPRESENTATION_CONTEXT() REPRESENTATION_CONTEXT('2D SPACE',''
  ) );
#12215 = ORIENTED_EDGE('',*,*,#11633,.T.);
#12216 = ORIENTED_EDGE('',*,*,#12195,.T.);
#12217 = ADVANCED_FACE('',(#12218),#11681,.F.);
#12218 = FACE_BOUND('',#12219,.F.);
#12219 = EDGE_LOOP('',(#12220,#12240,#12241,#12261));
#12220 = ORIENTED_EDGE('',*,*,#12221,.F.);
#12221 = EDGE_CURVE('',#11665,#11989,#12222,.T.);
#12222 = SURFACE_CURVE('',#12223,(#12227,#12234),.PCURVE_S1.);
#12223 = LINE('',#12224,#12225);
#12224 = CARTESIAN_POINT('',(-5.,23.5,101.5));
#12225 = VECTOR('',#12226,1.);
#12226 = DIRECTION('',(0.,1.,0.));
#12227 = PCURVE('',#11681,#12228);
#12228 = DEFINITIONAL_REPRESENTATION('',(#12229),#12233);
#12229 = LINE('',#12230,#12231);
#12230 = CARTESIAN_POINT('',(0.,0.));
#12231 = VECTOR('',#12232,1.);
#12232 = DIRECTION('',(0.,1.));
#12233 = ( GEOMETRIC_REPRESENTATION_CONTEXT(2) 
PARAMETRIC_REPRESENTATION_CONTEXT() REPRESENTATION_CONTEXT('2D SPACE',''
  ) );
#12234 = PCURVE('',#11709,#12235);
#12235 = DEFINITIONAL_REPRESENTATION('',(#12236),#12239);
#12236 = B_SPLINE_CURVE_WITH_KNOTS('',1,(#12237,#12238),.UNSPECIFIED.,
  .F.,.F.,(2,2),(0.,4.),.PIECEWISE_BEZIER_KNOTS.);
#12237 = CARTESIAN_POINT('',(6.28318530718,0.));
#12238 = CARTESIAN_POINT('',(6.28318530718,4.));
#12239 = ( GEOMETRIC_REPRESENTATION_CONTEXT(2) 
PARAMETRIC_REPRESENTATION_CONTEXT() REPRESENTATION_CONTEXT('2D SPACE',''
  ) );
#12240 = ORIENTED_EDGE('',*,*,#11664,.T.);
#12241 = ORIENTED_EDGE('',*,*,#12242,.T.);
#12242 = EDGE_CURVE('',#11667,#11991,#12243,.T.);
#12243 = SURFACE_CURVE('',#12244,(#12248,#12255),.PCURVE_S1.);
#12244 = LINE('',#12245,#12246);
#12245 = CARTESIAN_POINT('',(5.,23.5,101.5));
#12246 = VECTOR('',#12247,1.);
#12247 = DIRECTION('',(0.,1.,0.));
#12248 = PCURVE('',#11681,#12249);
#12249 = DEFINITIONAL_REPRESENTATION('',(#12250),#12254);
#12250 = LINE('',#12251,#12252);
#12251 = CARTESIAN_POINT('',(10.,0.));
#12252 = VECTOR('',#12253,1.);
#12253 = DIRECTION('',(0.,1.));
#12254 = ( GEOMETRIC_REPRESENTATION_CONTEXT(2) 
PARAMETRIC_REPRESENTATION_CONTEXT() REPRESENTATION_CONTEXT('2D SPACE',''
  ) );
#12255 = PCURVE('',#11762,#12256);
#12256 = DEFINITIONAL_REPRESENTATION('',(#12257),#12260);
#12257 = B_SPLINE_CURVE_WITH_KNOTS('',1,(#12258,#12259),.UNSPECIFIED.,
  .F.,.F.,(2,2),(0.,4.),.PIECEWISE_BEZIER_KNOTS.);
#12258 = CARTESIAN_POINT('',(0.,0.));
#12259 = CARTESIAN_POINT('',(0.,4.));
#12260 = ( GEOMETRIC_REPRESENTATION_CONTEXT(2) 
PARAMETRIC_REPRESENTATION_CONTEXT() REPRESENTATION_CONTEXT('2D SPACE',''
  ) );
#12261 = ORIENTED_EDGE('',*,*,#11988,.F.);
#12262 = ADVANCED_FACE('',(#12263),#11709,.F.);
#12263 = FACE_BOUND('',#12264,.F.);
#12264 = EDGE_LOOP('',(#12265,#12266,#12267,#12268));
#12265 = ORIENTED_EDGE('',*,*,#11692,.T.);
#12266 = ORIENTED_EDGE('',*,*,#12221,.T.);
#12267 = ORIENTED_EDGE('',*,*,#12011,.F.);
#12268 = ORIENTED_EDGE('',*,*,#12269,.F.);
#12269 = EDGE_CURVE('',#11693,#12012,#12270,.T.);
#12270 = SURFACE_CURVE('',#12271,(#12275,#12282),.PCURVE_S1.);
#12271 = LINE('',#12272,#12273);
#12272 = CARTESIAN_POINT('',(-5.,23.5,86.5));
#12273 = VECTOR('',#12274,1.);
#12274 = DIRECTION('',(0.,1.,0.));
#12275 = PCURVE('',#11709,#12276);
#12276 = DEFINITIONAL_REPRESENTATION('',(#12277),#12281);
#12277 = LINE('',#12278,#12279);
#12278 = CARTESIAN_POINT('',(3.14159265359,0.));
#12279 = VECTOR('',#12280,1.);
#12280 = DIRECTION('',(0.,1.));
#12281 = ( GEOMETRIC_REPRESENTATION_CONTEXT(2) 
PARAMETRIC_REPRESENTATION_CONTEXT() REPRESENTATION_CONTEXT('2D SPACE',''
  ) );
#12282 = PCURVE('',#11736,#12283);
#12283 = DEFINITIONAL_REPRESENTATION('',(#12284),#12288);
#12284 = LINE('',#12285,#12286);
#12285 = CARTESIAN_POINT('',(0.,0.));
#12286 = VECTOR('',#12287,1.);
#12287 = DIRECTION('',(0.,1.));
#12288 = ( GEOMETRIC_REPRESENTATION_CONTEXT(2) 
PARAMETRIC_REPRESENTATION_CONTEXT() REPRESENTATION_CONTEXT('2D SPACE',''
  ) );
#12289 = ADVANCED_FACE('',(#12290),#11762,.F.);
#12290 = FACE_BOUND('',#12291,.F.);
#12291 = EDGE_LOOP('',(#12292,#12293,#12294,#12295));
#12292 = ORIENTED_EDGE('',*,*,#12056,.F.);
#12293 = ORIENTED_EDGE('',*,*,#12242,.F.);
#12294 = ORIENTED_EDGE('',*,*,#11747,.T.);
#12295 = ORIENTED_EDGE('',*,*,#12296,.T.);
#12296 = EDGE_CURVE('',#11722,#12036,#12297,.T.);
#12297 = SURFACE_CURVE('',#12298,(#12302,#12309),.PCURVE_S1.);
#12298 = LINE('',#12299,#12300);
#12299 = CARTESIAN_POINT('',(5.,23.5,86.5));
#12300 = VECTOR('',#12301,1.);
#12301 = DIRECTION('',(0.,1.,0.));
#12302 = PCURVE('',#11762,#12303);
#12303 = DEFINITIONAL_REPRESENTATION('',(#12304),#12308);
#12304 = LINE('',#12305,#12306);
#12305 = CARTESIAN_POINT('',(3.14159265359,0.));
#12306 = VECTOR('',#12307,1.);
#12307 = DIRECTION('',(0.,1.));
#12308 = ( GEOMETRIC_REPRESENTATION_CONTEXT(2) 
PARAMETRIC_REPRESENTATION_CONTEXT() REPRESENTATION_CONTEXT('2D SPACE',''
  ) );
#12309 = PCURVE('',#11736,#12310);
#12310 = DEFINITIONAL_REPRESENTATION('',(#12311),#12315);
#12311 = LINE('',#12312,#12313);
#12312 = CARTESIAN_POINT('',(10.,0.));
#12313 = VECTOR('',#12314,1.);
#12314 = DIRECTION('',(0.,1.));
#12315 = ( GEOMETRIC_REPRESENTATION_CONTEXT(2) 
PARAMETRIC_REPRESENTATION_CONTEXT() REPRESENTATION_CONTEXT('2D SPACE',''
  ) );
#12316 = ADVANCED_FACE('',(#12317),#11736,.T.);
#12317 = FACE_BOUND('',#12318,.T.);
#12318 = EDGE_LOOP('',(#12319,#12320,#12321,#12322));
#12319 = ORIENTED_EDGE('',*,*,#12269,.F.);
#12320 = ORIENTED_EDGE('',*,*,#11721,.T.);
#12321 = ORIENTED_EDGE('',*,*,#12296,.T.);
#12322 = ORIENTED_EDGE('',*,*,#12035,.F.);
#12323 = ADVANCED_FACE('',(#12324),#11793,.F.);
#12324 = FACE_BOUND('',#12325,.F.);
#12325 = EDGE_LOOP('',(#12326,#12327,#12348,#12349));
#12326 = ORIENTED_EDGE('',*,*,#12080,.F.);
#12327 = ORIENTED_EDGE('',*,*,#12328,.F.);
#12328 = EDGE_CURVE('',#11777,#12081,#12329,.T.);
#12329 = SEAM_CURVE('',#12330,(#12334,#12341),.PCURVE_S1.);
#12330 = LINE('',#12331,#12332);
#12331 = CARTESIAN_POINT('',(13.85,23.5,87.7));
#12332 = VECTOR('',#12333,1.);
#12333 = DIRECTION('',(0.,1.,0.));
#12334 = PCURVE('',#11793,#12335);
#12335 = DEFINITIONAL_REPRESENTATION('',(#12336),#12340);
#12336 = LINE('',#12337,#12338);
#12337 = CARTESIAN_POINT('',(6.28318530718,-0.));
#12338 = VECTOR('',#12339,1.);
#12339 = DIRECTION('',(0.,1.));
#12340 = ( GEOMETRIC_REPRESENTATION_CONTEXT(2) 
PARAMETRIC_REPRESENTATION_CONTEXT() REPRESENTATION_CONTEXT('2D SPACE',''
  ) );
#12341 = PCURVE('',#11793,#12342);
#12342 = DEFINITIONAL_REPRESENTATION('',(#12343),#12347);
#12343 = LINE('',#12344,#12345);
#12344 = CARTESIAN_POINT('',(0.,-0.));
#12345 = VECTOR('',#12346,1.);
#12346 = DIRECTION('',(0.,1.));
#12347 = ( GEOMETRIC_REPRESENTATION_CONTEXT(2) 
PARAMETRIC_REPRESENTATION_CONTEXT() REPRESENTATION_CONTEXT('2D SPACE',''
  ) );
#12348 = ORIENTED_EDGE('',*,*,#11776,.T.);
#12349 = ORIENTED_EDGE('',*,*,#12328,.T.);
#12350 = ADVANCED_FACE('',(#12351),#11824,.F.);
#12351 = FACE_BOUND('',#12352,.F.);
#12352 = EDGE_LOOP('',(#12353,#12354,#12375,#12376));
#12353 = ORIENTED_EDGE('',*,*,#12106,.F.);
#12354 = ORIENTED_EDGE('',*,*,#12355,.F.);
#12355 = EDGE_CURVE('',#11808,#12107,#12356,.T.);
#12356 = SEAM_CURVE('',#12357,(#12361,#12368),.PCURVE_S1.);
#12357 = LINE('',#12358,#12359);
#12358 = CARTESIAN_POINT('',(13.85,23.5,102.7));
#12359 = VECTOR('',#12360,1.);
#12360 = DIRECTION('',(0.,1.,0.));
#12361 = PCURVE('',#11824,#12362);
#12362 = DEFINITIONAL_REPRESENTATION('',(#12363),#12367);
#12363 = LINE('',#12364,#12365);
#12364 = CARTESIAN_POINT('',(6.28318530718,-0.));
#12365 = VECTOR('',#12366,1.);
#12366 = DIRECTION('',(0.,1.));
#12367 = ( GEOMETRIC_REPRESENTATION_CONTEXT(2) 
PARAMETRIC_REPRESENTATION_CONTEXT() REPRESENTATION_CONTEXT('2D SPACE',''
  ) );
#12368 = PCURVE('',#11824,#12369);
#12369 = DEFINITIONAL_REPRESENTATION('',(#12370),#12374);
#12370 = LINE('',#12371,#12372);
#12371 = CARTESIAN_POINT('',(0.,-0.));
#12372 = VECTOR('',#12373,1.);
#12373 = DIRECTION('',(0.,1.));
#12374 = ( GEOMETRIC_REPRESENTATION_CONTEXT(2) 
PARAMETRIC_REPRESENTATION_CONTEXT() REPRESENTATION_CONTEXT('2D SPACE',''
  ) );
#12375 = ORIENTED_EDGE('',*,*,#11807,.T.);
#12376 = ORIENTED_EDGE('',*,*,#12355,.T.);
#12377 = ( GEOMETRIC_REPRESENTATION_CONTEXT(3) 
GLOBAL_UNCERTAINTY_ASSIGNED_CONTEXT((#12381)) 
GLOBAL_UNIT_ASSIGNED_CONTEXT((#12378,#12379,#12380)) 
REPRESENTATION_CONTEXT('Context #1',
  '3D Context with UNIT and UNCERTAINTY') );
#12378 = ( LENGTH_UNIT() NAMED_UNIT(*) SI_UNIT(.MILLI.,.METRE.) );
#12379 = ( NAMED_UNIT(*) PLANE_ANGLE_UNIT() SI_UNIT($,.RADIAN.) );
#12380 = ( NAMED_UNIT(*) SI_UNIT($,.STERADIAN.) SOLID_ANGLE_UNIT() );
#12381 = UNCERTAINTY_MEASURE_WITH_UNIT(LENGTH_MEASURE(1.E-07),#12378,
  'distance_accuracy_value','confusion accuracy');
#12382 = CONTEXT_DEPENDENT_SHAPE_REPRESENTATION(#12383,#12385);
#12383 = ( REPRESENTATION_RELATIONSHIP('','',#11400,#10) 
REPRESENTATION_RELATIONSHIP_WITH_TRANSFORMATION(#12384) 
SHAPE_REPRESENTATION_RELATIONSHIP() );
#12384 = ITEM_DEFINED_TRANSFORMATION('','',#11,#23);
#12385 = PRODUCT_DEFINITION_SHAPE('Placement','Placement of an item',
  #12386);
#12386 = NEXT_ASSEMBLY_USAGE_OCCURRENCE('7','SG90_RetainingCap','',#5,
  #11395,$);
#12387 = PRODUCT_RELATED_PRODUCT_CATEGORY('part',$,(#11397));
#12388 = SHAPE_DEFINITION_REPRESENTATION(#12389,#12395);
#12389 = PRODUCT_DEFINITION_SHAPE('','',#12390);
#12390 = PRODUCT_DEFINITION('design','',#12391,#12394);
#12391 = PRODUCT_DEFINITION_FORMATION('','',#12392);
#12392 = PRODUCT('Logitech_C270_ScrewlessCradle',
  'Logitech_C270_ScrewlessCradle','',(#12393));
#12393 = PRODUCT_CONTEXT('',#2,'mechanical');
#12394 = PRODUCT_DEFINITION_CONTEXT('part definition',#2,'design');
#12395 = ADVANCED_BREP_SHAPE_REPRESENTATION('',(#11,#12396),#15861);
#12396 = MANIFOLD_SOLID_BREP('',#12397);
#12397 = CLOSED_SHELL('',(#12398,#12686,#12938,#12992,#13319,#13368,
    #13529,#13578,#13650,#13699,#13726,#13754,#13781,#13808,#13998,
    #14075,#14428,#14531,#14580,#14631,#14709,#14759,#14809,#14859,
    #14909,#14960,#15007,#15105,#15132,#15256,#15305,#15353,#15380,
    #15386,#15393,#15400,#15437,#15488,#15537,#15633,#15660,#15702,
    #15709,#15764,#15771,#15798,#15853,#15857));
#12398 = ADVANCED_FACE('',(#12399),#12413,.F.);
#12399 = FACE_BOUND('',#12400,.F.);
#12400 = EDGE_LOOP('',(#12401,#12436,#12464,#12492,#12520,#12548,#12576,
    #12604,#12632,#12660));
#12401 = ORIENTED_EDGE('',*,*,#12402,.F.);
#12402 = EDGE_CURVE('',#12403,#12405,#12407,.T.);
#12403 = VERTEX_POINT('',#12404);
#12404 = CARTESIAN_POINT('',(-39.855,4.,-22.));
#12405 = VERTEX_POINT('',#12406);
#12406 = CARTESIAN_POINT('',(-39.855,4.,3.4));
#12407 = SURFACE_CURVE('',#12408,(#12412,#12424),.PCURVE_S1.);
#12408 = LINE('',#12409,#12410);
#12409 = CARTESIAN_POINT('',(-39.855,4.,-24.));
#12410 = VECTOR('',#12411,1.);
#12411 = DIRECTION('',(0.,0.,1.));
#12412 = PCURVE('',#12413,#12418);
#12413 = PLANE('',#12414);
#12414 = AXIS2_PLACEMENT_3D('',#12415,#12416,#12417);
#12415 = CARTESIAN_POINT('',(-39.855,4.,-24.));
#12416 = DIRECTION('',(1.,0.,0.));
#12417 = DIRECTION('',(0.,0.,1.));
#12418 = DEFINITIONAL_REPRESENTATION('',(#12419),#12423);
#12419 = LINE('',#12420,#12421);
#12420 = CARTESIAN_POINT('',(0.,0.));
#12421 = VECTOR('',#12422,1.);
#12422 = DIRECTION('',(1.,0.));
#12423 = ( GEOMETRIC_REPRESENTATION_CONTEXT(2) 
PARAMETRIC_REPRESENTATION_CONTEXT() REPRESENTATION_CONTEXT('2D SPACE',''
  ) );
#12424 = PCURVE('',#12425,#12430);
#12425 = PLANE('',#12426);
#12426 = AXIS2_PLACEMENT_3D('',#12427,#12428,#12429);
#12427 = CARTESIAN_POINT('',(-39.855,4.,-24.));
#12428 = DIRECTION('',(0.,1.,0.));
#12429 = DIRECTION('',(0.,0.,1.));
#12430 = DEFINITIONAL_REPRESENTATION('',(#12431),#12435);
#12431 = LINE('',#12432,#12433);
#12432 = CARTESIAN_POINT('',(0.,0.));
#12433 = VECTOR('',#12434,1.);
#12434 = DIRECTION('',(1.,0.));
#12435 = ( GEOMETRIC_REPRESENTATION_CONTEXT(2) 
PARAMETRIC_REPRESENTATION_CONTEXT() REPRESENTATION_CONTEXT('2D SPACE',''
  ) );
#12436 = ORIENTED_EDGE('',*,*,#12437,.T.);
#12437 = EDGE_CURVE('',#12403,#12438,#12440,.T.);
#12438 = VERTEX_POINT('',#12439);
#12439 = CARTESIAN_POINT('',(-39.855,8.4,-22.));
#12440 = SURFACE_CURVE('',#12441,(#12445,#12452),.PCURVE_S1.);
#12441 = LINE('',#12442,#12443);
#12442 = CARTESIAN_POINT('',(-39.855,4.,-22.));
#12443 = VECTOR('',#12444,1.);
#12444 = DIRECTION('',(0.,1.,0.));
#12445 = PCURVE('',#12413,#12446);
#12446 = DEFINITIONAL_REPRESENTATION('',(#12447),#12451);
#12447 = LINE('',#12448,#12449);
#12448 = CARTESIAN_POINT('',(2.,0.));
#12449 = VECTOR('',#12450,1.);
#12450 = DIRECTION('',(0.,-1.));
#12451 = ( GEOMETRIC_REPRESENTATION_CONTEXT(2) 
PARAMETRIC_REPRESENTATION_CONTEXT() REPRESENTATION_CONTEXT('2D SPACE',''
  ) );
#12452 = PCURVE('',#12453,#12458);
#12453 = CYLINDRICAL_SURFACE('',#12454,2.);
#12454 = AXIS2_PLACEMENT_3D('',#12455,#12456,#12457);
#12455 = CARTESIAN_POINT('',(-37.855,4.,-22.));
#12456 = DIRECTION('',(0.,1.,0.));
#12457 = DIRECTION('',(-1.,0.,0.));
#12458 = DEFINITIONAL_REPRESENTATION('',(#12459),#12463);
#12459 = LINE('',#12460,#12461);
#12460 = CARTESIAN_POINT('',(-0.,0.));
#12461 = VECTOR('',#12462,1.);
#12462 = DIRECTION('',(-0.,1.));
#12463 = ( GEOMETRIC_REPRESENTATION_CONTEXT(2) 
PARAMETRIC_REPRESENTATION_CONTEXT() REPRESENTATION_CONTEXT('2D SPACE',''
  ) );
#12464 = ORIENTED_EDGE('',*,*,#12465,.T.);
#12465 = EDGE_CURVE('',#12438,#12466,#12468,.T.);
#12466 = VERTEX_POINT('',#12467);
#12467 = CARTESIAN_POINT('',(-39.855,8.4,2.6));
#12468 = SURFACE_CURVE('',#12469,(#12473,#12480),.PCURVE_S1.);
#12469 = LINE('',#12470,#12471);
#12470 = CARTESIAN_POINT('',(-39.855,8.4,-24.));
#12471 = VECTOR('',#12472,1.);
#12472 = DIRECTION('',(0.,0.,1.));
#12473 = PCURVE('',#12413,#12474);
#12474 = DEFINITIONAL_REPRESENTATION('',(#12475),#12479);
#12475 = LINE('',#12476,#12477);
#12476 = CARTESIAN_POINT('',(0.,-4.4));
#12477 = VECTOR('',#12478,1.);
#12478 = DIRECTION('',(1.,0.));
#12479 = ( GEOMETRIC_REPRESENTATION_CONTEXT(2) 
PARAMETRIC_REPRESENTATION_CONTEXT() REPRESENTATION_CONTEXT('2D SPACE',''
  ) );
#12480 = PCURVE('',#12481,#12486);
#12481 = PLANE('',#12482);
#12482 = AXIS2_PLACEMENT_3D('',#12483,#12484,#12485);
#12483 = CARTESIAN_POINT('',(-39.855,8.4,-24.));
#12484 = DIRECTION('',(0.,1.,0.));
#12485 = DIRECTION('',(0.,0.,1.));
#12486 = DEFINITIONAL_REPRESENTATION('',(#12487),#12491);
#12487 = LINE('',#12488,#12489);
#12488 = CARTESIAN_POINT('',(0.,0.));
#12489 = VECTOR('',#12490,1.);
#12490 = DIRECTION('',(1.,0.));
#12491 = ( GEOMETRIC_REPRESENTATION_CONTEXT(2) 
PARAMETRIC_REPRESENTATION_CONTEXT() REPRESENTATION_CONTEXT('2D SPACE',''
  ) );
#12492 = ORIENTED_EDGE('',*,*,#12493,.T.);
#12493 = EDGE_CURVE('',#12466,#12494,#12496,.T.);
#12494 = VERTEX_POINT('',#12495);
#12495 = CARTESIAN_POINT('',(-39.855,34.4,2.6));
#12496 = SURFACE_CURVE('',#12497,(#12501,#12508),.PCURVE_S1.);
#12497 = LINE('',#12498,#12499);
#12498 = CARTESIAN_POINT('',(-39.855,8.4,2.6));
#12499 = VECTOR('',#12500,1.);
#12500 = DIRECTION('',(0.,1.,0.));
#12501 = PCURVE('',#12413,#12502);
#12502 = DEFINITIONAL_REPRESENTATION('',(#12503),#12507);
#12503 = LINE('',#12504,#12505);
#12504 = CARTESIAN_POINT('',(26.6,-4.4));
#12505 = VECTOR('',#12506,1.);
#12506 = DIRECTION('',(0.,-1.));
#12507 = ( GEOMETRIC_REPRESENTATION_CONTEXT(2) 
PARAMETRIC_REPRESENTATION_CONTEXT() REPRESENTATION_CONTEXT('2D SPACE',''
  ) );
#12508 = PCURVE('',#12509,#12514);
#12509 = PLANE('',#12510);
#12510 = AXIS2_PLACEMENT_3D('',#12511,#12512,#12513);
#12511 = CARTESIAN_POINT('',(-39.855,8.4,2.6));
#12512 = DIRECTION('',(0.,0.,1.));
#12513 = DIRECTION('',(1.,0.,0.));
#12514 = DEFINITIONAL_REPRESENTATION('',(#12515),#12519);
#12515 = LINE('',#12516,#12517);
#12516 = CARTESIAN_POINT('',(0.,0.));
#12517 = VECTOR('',#12518,1.);
#12518 = DIRECTION('',(0.,1.));
#12519 = ( GEOMETRIC_REPRESENTATION_CONTEXT(2) 
PARAMETRIC_REPRESENTATION_CONTEXT() REPRESENTATION_CONTEXT('2D SPACE',''
  ) );
#12520 = ORIENTED_EDGE('',*,*,#12521,.F.);
#12521 = EDGE_CURVE('',#12522,#12494,#12524,.T.);
#12522 = VERTEX_POINT('',#12523);
#12523 = CARTESIAN_POINT('',(-39.855,34.4,41.31));
#12524 = SURFACE_CURVE('',#12525,(#12529,#12536),.PCURVE_S1.);
#12525 = LINE('',#12526,#12527);
#12526 = CARTESIAN_POINT('',(-39.855,34.4,41.31));
#12527 = VECTOR('',#12528,1.);
#12528 = DIRECTION('',(1.835553437768E-16,0.,-1.));
#12529 = PCURVE('',#12413,#12530);
#12530 = DEFINITIONAL_REPRESENTATION('',(#12531),#12535);
#12531 = LINE('',#12532,#12533);
#12532 = CARTESIAN_POINT('',(65.31,-30.4));
#12533 = VECTOR('',#12534,1.);
#12534 = DIRECTION('',(-1.,0.));
#12535 = ( GEOMETRIC_REPRESENTATION_CONTEXT(2) 
PARAMETRIC_REPRESENTATION_CONTEXT() REPRESENTATION_CONTEXT('2D SPACE',''
  ) );
#12536 = PCURVE('',#12537,#12542);
#12537 = PLANE('',#12538);
#12538 = AXIS2_PLACEMENT_3D('',#12539,#12540,#12541);
#12539 = CARTESIAN_POINT('',(-39.855,34.4,2.6));
#12540 = DIRECTION('',(0.,1.,0.));
#12541 = DIRECTION('',(0.,0.,1.));
#12542 = DEFINITIONAL_REPRESENTATION('',(#12543),#12547);
#12543 = LINE('',#12544,#12545);
#12544 = CARTESIAN_POINT('',(38.71,-7.105427357601E-15));
#12545 = VECTOR('',#12546,1.);
#12546 = DIRECTION('',(-1.,1.835553437768E-16));
#12547 = ( GEOMETRIC_REPRESENTATION_CONTEXT(2) 
PARAMETRIC_REPRESENTATION_CONTEXT() REPRESENTATION_CONTEXT('2D SPACE',''
  ) );
#12548 = ORIENTED_EDGE('',*,*,#12549,.F.);
#12549 = EDGE_CURVE('',#12550,#12522,#12552,.T.);
#12550 = VERTEX_POINT('',#12551);
#12551 = CARTESIAN_POINT('',(-39.855,6.4,41.31));
#12552 = SURFACE_CURVE('',#12553,(#12557,#12564),.PCURVE_S1.);
#12553 = LINE('',#12554,#12555);
#12554 = CARTESIAN_POINT('',(-39.855,6.4,41.31));
#12555 = VECTOR('',#12556,1.);
#12556 = DIRECTION('',(2.537652627715E-16,1.,0.));
#12557 = PCURVE('',#12413,#12558);
#12558 = DEFINITIONAL_REPRESENTATION('',(#12559),#12563);
#12559 = LINE('',#12560,#12561);
#12560 = CARTESIAN_POINT('',(65.31,-2.4));
#12561 = VECTOR('',#12562,1.);
#12562 = DIRECTION('',(0.,-1.));
#12563 = ( GEOMETRIC_REPRESENTATION_CONTEXT(2) 
PARAMETRIC_REPRESENTATION_CONTEXT() REPRESENTATION_CONTEXT('2D SPACE',''
  ) );
#12564 = PCURVE('',#12565,#12570);
#12565 = PLANE('',#12566);
#12566 = AXIS2_PLACEMENT_3D('',#12567,#12568,#12569);
#12567 = CARTESIAN_POINT('',(-39.855,8.4,41.31));
#12568 = DIRECTION('',(0.,0.,1.));
#12569 = DIRECTION('',(1.,0.,0.));
#12570 = DEFINITIONAL_REPRESENTATION('',(#12571),#12575);
#12571 = LINE('',#12572,#12573);
#12572 = CARTESIAN_POINT('',(-7.105427357601E-15,-2.));
#12573 = VECTOR('',#12574,1.);
#12574 = DIRECTION('',(2.537652627715E-16,1.));
#12575 = ( GEOMETRIC_REPRESENTATION_CONTEXT(2) 
PARAMETRIC_REPRESENTATION_CONTEXT() REPRESENTATION_CONTEXT('2D SPACE',''
  ) );
#12576 = ORIENTED_EDGE('',*,*,#12577,.F.);
#12577 = EDGE_CURVE('',#12578,#12550,#12580,.T.);
#12578 = VERTEX_POINT('',#12579);
#12579 = CARTESIAN_POINT('',(-39.855,6.4,5.4));
#12580 = SURFACE_CURVE('',#12581,(#12585,#12592),.PCURVE_S1.);
#12581 = LINE('',#12582,#12583);
#12582 = CARTESIAN_POINT('',(-39.855,6.4,5.4));
#12583 = VECTOR('',#12584,1.);
#12584 = DIRECTION('',(0.,0.,1.));
#12585 = PCURVE('',#12413,#12586);
#12586 = DEFINITIONAL_REPRESENTATION('',(#12587),#12591);
#12587 = LINE('',#12588,#12589);
#12588 = CARTESIAN_POINT('',(29.4,-2.4));
#12589 = VECTOR('',#12590,1.);
#12590 = DIRECTION('',(1.,0.));
#12591 = ( GEOMETRIC_REPRESENTATION_CONTEXT(2) 
PARAMETRIC_REPRESENTATION_CONTEXT() REPRESENTATION_CONTEXT('2D SPACE',''
  ) );
#12592 = PCURVE('',#12593,#12598);
#12593 = PLANE('',#12594);
#12594 = AXIS2_PLACEMENT_3D('',#12595,#12596,#12597);
#12595 = CARTESIAN_POINT('',(-39.855,6.4,5.4));
#12596 = DIRECTION('',(0.,1.,0.));
#12597 = DIRECTION('',(0.,0.,1.));
#12598 = DEFINITIONAL_REPRESENTATION('',(#12599),#12603);
#12599 = LINE('',#12600,#12601);
#12600 = CARTESIAN_POINT('',(0.,0.));
#12601 = VECTOR('',#12602,1.);
#12602 = DIRECTION('',(1.,0.));
#12603 = ( GEOMETRIC_REPRESENTATION_CONTEXT(2) 
PARAMETRIC_REPRESENTATION_CONTEXT() REPRESENTATION_CONTEXT('2D SPACE',''
  ) );
#12604 = ORIENTED_EDGE('',*,*,#12605,.T.);
#12605 = EDGE_CURVE('',#12578,#12606,#12608,.T.);
#12606 = VERTEX_POINT('',#12607);
#12607 = CARTESIAN_POINT('',(-39.855,8.4,5.4));
#12608 = SURFACE_CURVE('',#12609,(#12613,#12620),.PCURVE_S1.);
#12609 = LINE('',#12610,#12611);
#12610 = CARTESIAN_POINT('',(-39.855,6.4,5.4));
#12611 = VECTOR('',#12612,1.);
#12612 = DIRECTION('',(0.,1.,0.));
#12613 = PCURVE('',#12413,#12614);
#12614 = DEFINITIONAL_REPRESENTATION('',(#12615),#12619);
#12615 = LINE('',#12616,#12617);
#12616 = CARTESIAN_POINT('',(29.4,-2.4));
#12617 = VECTOR('',#12618,1.);
#12618 = DIRECTION('',(0.,-1.));
#12619 = ( GEOMETRIC_REPRESENTATION_CONTEXT(2) 
PARAMETRIC_REPRESENTATION_CONTEXT() REPRESENTATION_CONTEXT('2D SPACE',''
  ) );
#12620 = PCURVE('',#12621,#12626);
#12621 = PLANE('',#12622);
#12622 = AXIS2_PLACEMENT_3D('',#12623,#12624,#12625);
#12623 = CARTESIAN_POINT('',(-39.855,6.4,5.4));
#12624 = DIRECTION('',(0.,0.,1.));
#12625 = DIRECTION('',(1.,0.,0.));
#12626 = DEFINITIONAL_REPRESENTATION('',(#12627),#12631);
#12627 = LINE('',#12628,#12629);
#12628 = CARTESIAN_POINT('',(0.,0.));
#12629 = VECTOR('',#12630,1.);
#12630 = DIRECTION('',(0.,1.));
#12631 = ( GEOMETRIC_REPRESENTATION_CONTEXT(2) 
PARAMETRIC_REPRESENTATION_CONTEXT() REPRESENTATION_CONTEXT('2D SPACE',''
  ) );
#12632 = ORIENTED_EDGE('',*,*,#12633,.F.);
#12633 = EDGE_CURVE('',#12634,#12606,#12636,.T.);
#12634 = VERTEX_POINT('',#12635);
#12635 = CARTESIAN_POINT('',(-39.855,8.4,3.4));
#12636 = SURFACE_CURVE('',#12637,(#12641,#12648),.PCURVE_S1.);
#12637 = LINE('',#12638,#12639);
#12638 = CARTESIAN_POINT('',(-39.855,8.4,3.4));
#12639 = VECTOR('',#12640,1.);
#12640 = DIRECTION('',(0.,-4.685721021895E-17,1.));
#12641 = PCURVE('',#12413,#12642);
#12642 = DEFINITIONAL_REPRESENTATION('',(#12643),#12647);
#12643 = LINE('',#12644,#12645);
#12644 = CARTESIAN_POINT('',(27.4,-4.4));
#12645 = VECTOR('',#12646,1.);
#12646 = DIRECTION('',(1.,4.685721021895E-17));
#12647 = ( GEOMETRIC_REPRESENTATION_CONTEXT(2) 
PARAMETRIC_REPRESENTATION_CONTEXT() REPRESENTATION_CONTEXT('2D SPACE',''
  ) );
#12648 = PCURVE('',#12649,#12654);
#12649 = PLANE('',#12650);
#12650 = AXIS2_PLACEMENT_3D('',#12651,#12652,#12653);
#12651 = CARTESIAN_POINT('',(-39.855,8.4,2.6));
#12652 = DIRECTION('',(0.,1.,0.));
#12653 = DIRECTION('',(0.,0.,1.));
#12654 = DEFINITIONAL_REPRESENTATION('',(#12655),#12659);
#12655 = LINE('',#12656,#12657);
#12656 = CARTESIAN_POINT('',(0.8,-7.105427357601E-15));
#12657 = VECTOR('',#12658,1.);
#12658 = DIRECTION('',(1.,0.));
#12659 = ( GEOMETRIC_REPRESENTATION_CONTEXT(2) 
PARAMETRIC_REPRESENTATION_CONTEXT() REPRESENTATION_CONTEXT('2D SPACE',''
  ) );
#12660 = ORIENTED_EDGE('',*,*,#12661,.F.);
#12661 = EDGE_CURVE('',#12405,#12634,#12662,.T.);
#12662 = SURFACE_CURVE('',#12663,(#12667,#12674),.PCURVE_S1.);
#12663 = LINE('',#12664,#12665);
#12664 = CARTESIAN_POINT('',(-39.855,4.,3.4));
#12665 = VECTOR('',#12666,1.);
#12666 = DIRECTION('',(0.,1.,0.));
#12667 = PCURVE('',#12413,#12668);
#12668 = DEFINITIONAL_REPRESENTATION('',(#12669),#12673);
#12669 = LINE('',#12670,#12671);
#12670 = CARTESIAN_POINT('',(27.4,0.));
#12671 = VECTOR('',#12672,1.);
#12672 = DIRECTION('',(0.,-1.));
#12673 = ( GEOMETRIC_REPRESENTATION_CONTEXT(2) 
PARAMETRIC_REPRESENTATION_CONTEXT() REPRESENTATION_CONTEXT('2D SPACE',''
  ) );
#12674 = PCURVE('',#12675,#12680);
#12675 = CYLINDRICAL_SURFACE('',#12676,2.);
#12676 = AXIS2_PLACEMENT_3D('',#12677,#12678,#12679);
#12677 = CARTESIAN_POINT('',(-37.855,4.,3.4));
#12678 = DIRECTION('',(0.,1.,0.));
#12679 = DIRECTION('',(-1.,0.,0.));
#12680 = DEFINITIONAL_REPRESENTATION('',(#12681),#12685);
#12681 = LINE('',#12682,#12683);
#12682 = CARTESIAN_POINT('',(0.,0.));
#12683 = VECTOR('',#12684,1.);
#12684 = DIRECTION('',(0.,1.));
#12685 = ( GEOMETRIC_REPRESENTATION_CONTEXT(2) 
PARAMETRIC_REPRESENTATION_CONTEXT() REPRESENTATION_CONTEXT('2D SPACE',''
  ) );
#12686 = ADVANCED_FACE('',(#12687),#12425,.F.);
#12687 = FACE_BOUND('',#12688,.F.);
#12688 = EDGE_LOOP('',(#12689,#12719,#12745,#12746,#12770,#12798,#12827,
    #12850,#12883,#12911));
#12689 = ORIENTED_EDGE('',*,*,#12690,.F.);
#12690 = EDGE_CURVE('',#12691,#12693,#12695,.T.);
#12691 = VERTEX_POINT('',#12692);
#12692 = CARTESIAN_POINT('',(-37.855,4.,-24.));
#12693 = VERTEX_POINT('',#12694);
#12694 = CARTESIAN_POINT('',(37.855,4.,-24.));
#12695 = SURFACE_CURVE('',#12696,(#12700,#12707),.PCURVE_S1.);
#12696 = LINE('',#12697,#12698);
#12697 = CARTESIAN_POINT('',(-39.855,4.,-24.));
#12698 = VECTOR('',#12699,1.);
#12699 = DIRECTION('',(1.,0.,0.));
#12700 = PCURVE('',#12425,#12701);
#12701 = DEFINITIONAL_REPRESENTATION('',(#12702),#12706);
#12702 = LINE('',#12703,#12704);
#12703 = CARTESIAN_POINT('',(0.,0.));
#12704 = VECTOR('',#12705,1.);
#12705 = DIRECTION('',(0.,1.));
#12706 = ( GEOMETRIC_REPRESENTATION_CONTEXT(2) 
PARAMETRIC_REPRESENTATION_CONTEXT() REPRESENTATION_CONTEXT('2D SPACE',''
  ) );
#12707 = PCURVE('',#12708,#12713);
#12708 = PLANE('',#12709);
#12709 = AXIS2_PLACEMENT_3D('',#12710,#12711,#12712);
#12710 = CARTESIAN_POINT('',(-39.855,4.,-24.));
#12711 = DIRECTION('',(0.,0.,1.));
#12712 = DIRECTION('',(1.,0.,0.));
#12713 = DEFINITIONAL_REPRESENTATION('',(#12714),#12718);
#12714 = LINE('',#12715,#12716);
#12715 = CARTESIAN_POINT('',(0.,0.));
#12716 = VECTOR('',#12717,1.);
#12717 = DIRECTION('',(1.,0.));
#12718 = ( GEOMETRIC_REPRESENTATION_CONTEXT(2) 
PARAMETRIC_REPRESENTATION_CONTEXT() REPRESENTATION_CONTEXT('2D SPACE',''
  ) );
#12719 = ORIENTED_EDGE('',*,*,#12720,.F.);
#12720 = EDGE_CURVE('',#12403,#12691,#12721,.T.);
#12721 = SURFACE_CURVE('',#12722,(#12727,#12738),.PCURVE_S1.);
#12722 = CIRCLE('',#12723,2.);
#12723 = AXIS2_PLACEMENT_3D('',#12724,#12725,#12726);
#12724 = CARTESIAN_POINT('',(-37.855,4.,-22.));
#12725 = DIRECTION('',(-0.,-1.,0.));
#12726 = DIRECTION('',(0.,-0.,1.));
#12727 = PCURVE('',#12425,#12728);
#12728 = DEFINITIONAL_REPRESENTATION('',(#12729),#12737);
#12729 = ( BOUNDED_CURVE() B_SPLINE_CURVE(2,(#12730,#12731,#12732,#12733
    ,#12734,#12735,#12736),.UNSPECIFIED.,.T.,.F.) 
B_SPLINE_CURVE_WITH_KNOTS((1,2,2,2,2,1),(-2.094395102393,0.,
    2.094395102393,4.188790204786,6.28318530718,8.377580409573),
.UNSPECIFIED.) CURVE() GEOMETRIC_REPRESENTATION_ITEM() 
RATIONAL_B_SPLINE_CURVE((1.,0.5,1.,0.5,1.,0.5,1.)) REPRESENTATION_ITEM(
  '') );
#12730 = CARTESIAN_POINT('',(4.,2.));
#12731 = CARTESIAN_POINT('',(4.,-1.464101615138));
#12732 = CARTESIAN_POINT('',(1.,0.267949192431));
#12733 = CARTESIAN_POINT('',(-2.,2.));
#12734 = CARTESIAN_POINT('',(1.,3.732050807569));
#12735 = CARTESIAN_POINT('',(4.,5.464101615138));
#12736 = CARTESIAN_POINT('',(4.,2.));
#12737 = ( GEOMETRIC_REPRESENTATION_CONTEXT(2) 
PARAMETRIC_REPRESENTATION_CONTEXT() REPRESENTATION_CONTEXT('2D SPACE',''
  ) );
#12738 = PCURVE('',#12453,#12739);
#12739 = DEFINITIONAL_REPRESENTATION('',(#12740),#12744);
#12740 = LINE('',#12741,#12742);
#12741 = CARTESIAN_POINT('',(1.570796326795,-0.));
#12742 = VECTOR('',#12743,1.);
#12743 = DIRECTION('',(-1.,0.));
#12744 = ( GEOMETRIC_REPRESENTATION_CONTEXT(2) 
PARAMETRIC_REPRESENTATION_CONTEXT() REPRESENTATION_CONTEXT('2D SPACE',''
  ) );
#12745 = ORIENTED_EDGE('',*,*,#12402,.T.);
#12746 = ORIENTED_EDGE('',*,*,#12747,.T.);
#12747 = EDGE_CURVE('',#12405,#12748,#12750,.T.);
#12748 = VERTEX_POINT('',#12749);
#12749 = CARTESIAN_POINT('',(-37.855,4.,5.4));
#12750 = SURFACE_CURVE('',#12751,(#12756,#12763),.PCURVE_S1.);
#12751 = CIRCLE('',#12752,2.);
#12752 = AXIS2_PLACEMENT_3D('',#12753,#12754,#12755);
#12753 = CARTESIAN_POINT('',(-37.855,4.,3.4));
#12754 = DIRECTION('',(0.,1.,0.));
#12755 = DIRECTION('',(0.,-0.,1.));
#12756 = PCURVE('',#12425,#12757);
#12757 = DEFINITIONAL_REPRESENTATION('',(#12758),#12762);
#12758 = CIRCLE('',#12759,2.);
#12759 = AXIS2_PLACEMENT_2D('',#12760,#12761);
#12760 = CARTESIAN_POINT('',(27.4,2.));
#12761 = DIRECTION('',(1.,0.));
#12762 = ( GEOMETRIC_REPRESENTATION_CONTEXT(2) 
PARAMETRIC_REPRESENTATION_CONTEXT() REPRESENTATION_CONTEXT('2D SPACE',''
  ) );
#12763 = PCURVE('',#12675,#12764);
#12764 = DEFINITIONAL_REPRESENTATION('',(#12765),#12769);
#12765 = LINE('',#12766,#12767);
#12766 = CARTESIAN_POINT('',(-4.712388980385,0.));
#12767 = VECTOR('',#12768,1.);
#12768 = DIRECTION('',(1.,0.));
#12769 = ( GEOMETRIC_REPRESENTATION_CONTEXT(2) 
PARAMETRIC_REPRESENTATION_CONTEXT() REPRESENTATION_CONTEXT('2D SPACE',''
  ) );
#12770 = ORIENTED_EDGE('',*,*,#12771,.T.);
#12771 = EDGE_CURVE('',#12748,#12772,#12774,.T.);
#12772 = VERTEX_POINT('',#12773);
#12773 = CARTESIAN_POINT('',(-11.27342006668,4.,5.4));
#12774 = SURFACE_CURVE('',#12775,(#12779,#12786),.PCURVE_S1.);
#12775 = LINE('',#12776,#12777);
#12776 = CARTESIAN_POINT('',(-39.855,4.,5.4));
#12777 = VECTOR('',#12778,1.);
#12778 = DIRECTION('',(1.,0.,0.));
#12779 = PCURVE('',#12425,#12780);
#12780 = DEFINITIONAL_REPRESENTATION('',(#12781),#12785);
#12781 = LINE('',#12782,#12783);
#12782 = CARTESIAN_POINT('',(29.4,0.));
#12783 = VECTOR('',#12784,1.);
#12784 = DIRECTION('',(0.,1.));
#12785 = ( GEOMETRIC_REPRESENTATION_CONTEXT(2) 
PARAMETRIC_REPRESENTATION_CONTEXT() REPRESENTATION_CONTEXT('2D SPACE',''
  ) );
#12786 = PCURVE('',#12787,#12792);
#12787 = PLANE('',#12788);
#12788 = AXIS2_PLACEMENT_3D('',#12789,#12790,#12791);
#12789 = CARTESIAN_POINT('',(-39.855,4.,5.4));
#12790 = DIRECTION('',(0.,0.,1.));
#12791 = DIRECTION('',(1.,0.,0.));
#12792 = DEFINITIONAL_REPRESENTATION('',(#12793),#12797);
#12793 = LINE('',#12794,#12795);
#12794 = CARTESIAN_POINT('',(0.,0.));
#12795 = VECTOR('',#12796,1.);
#12796 = DIRECTION('',(1.,0.));
#12797 = ( GEOMETRIC_REPRESENTATION_CONTEXT(2) 
PARAMETRIC_REPRESENTATION_CONTEXT() REPRESENTATION_CONTEXT('2D SPACE',''
  ) );
#12798 = ORIENTED_EDGE('',*,*,#12799,.F.);
#12799 = EDGE_CURVE('',#12800,#12772,#12802,.T.);
#12800 = VERTEX_POINT('',#12801);
#12801 = CARTESIAN_POINT('',(11.273420066688,4.,5.4));
#12802 = SURFACE_CURVE('',#12803,(#12808,#12815),.PCURVE_S1.);
#12803 = CIRCLE('',#12804,12.5);
#12804 = AXIS2_PLACEMENT_3D('',#12805,#12806,#12807);
#12805 = CARTESIAN_POINT('',(0.,4.,0.));
#12806 = DIRECTION('',(0.,1.,0.));
#12807 = DIRECTION('',(0.,-0.,1.));
#12808 = PCURVE('',#12425,#12809);
#12809 = DEFINITIONAL_REPRESENTATION('',(#12810),#12814);
#12810 = CIRCLE('',#12811,12.5);
#12811 = AXIS2_PLACEMENT_2D('',#12812,#12813);
#12812 = CARTESIAN_POINT('',(24.,39.855));
#12813 = DIRECTION('',(1.,0.));
#12814 = ( GEOMETRIC_REPRESENTATION_CONTEXT(2) 
PARAMETRIC_REPRESENTATION_CONTEXT() REPRESENTATION_CONTEXT('2D SPACE',''
  ) );
#12815 = PCURVE('',#12816,#12821);
#12816 = CYLINDRICAL_SURFACE('',#12817,12.5);
#12817 = AXIS2_PLACEMENT_3D('',#12818,#12819,#12820);
#12818 = CARTESIAN_POINT('',(0.,0.,0.));
#12819 = DIRECTION('',(0.,1.,0.));
#12820 = DIRECTION('',(0.,-0.,1.));
#12821 = DEFINITIONAL_REPRESENTATION('',(#12822),#12826);
#12822 = LINE('',#12823,#12824);
#12823 = CARTESIAN_POINT('',(0.,4.));
#12824 = VECTOR('',#12825,1.);
#12825 = DIRECTION('',(1.,0.));
#12826 = ( GEOMETRIC_REPRESENTATION_CONTEXT(2) 
PARAMETRIC_REPRESENTATION_CONTEXT() REPRESENTATION_CONTEXT('2D SPACE',''
  ) );
#12827 = ORIENTED_EDGE('',*,*,#12828,.T.);
#12828 = EDGE_CURVE('',#12800,#12829,#12831,.T.);
#12829 = VERTEX_POINT('',#12830);
#12830 = CARTESIAN_POINT('',(37.855,4.,5.4));
#12831 = SURFACE_CURVE('',#12832,(#12836,#12843),.PCURVE_S1.);
#12832 = LINE('',#12833,#12834);
#12833 = CARTESIAN_POINT('',(-39.855,4.,5.4));
#12834 = VECTOR('',#12835,1.);
#12835 = DIRECTION('',(1.,0.,0.));
#12836 = PCURVE('',#12425,#12837);
#12837 = DEFINITIONAL_REPRESENTATION('',(#12838),#12842);
#12838 = LINE('',#12839,#12840);
#12839 = CARTESIAN_POINT('',(29.4,0.));
#12840 = VECTOR('',#12841,1.);
#12841 = DIRECTION('',(0.,1.));
#12842 = ( GEOMETRIC_REPRESENTATION_CONTEXT(2) 
PARAMETRIC_REPRESENTATION_CONTEXT() REPRESENTATION_CONTEXT('2D SPACE',''
  ) );
#12843 = PCURVE('',#12787,#12844);
#12844 = DEFINITIONAL_REPRESENTATION('',(#12845),#12849);
#12845 = LINE('',#12846,#12847);
#12846 = CARTESIAN_POINT('',(0.,0.));
#12847 = VECTOR('',#12848,1.);
#12848 = DIRECTION('',(1.,0.));
#12849 = ( GEOMETRIC_REPRESENTATION_CONTEXT(2) 
PARAMETRIC_REPRESENTATION_CONTEXT() REPRESENTATION_CONTEXT('2D SPACE',''
  ) );
#12850 = ORIENTED_EDGE('',*,*,#12851,.F.);
#12851 = EDGE_CURVE('',#12852,#12829,#12854,.T.);
#12852 = VERTEX_POINT('',#12853);
#12853 = CARTESIAN_POINT('',(39.855,4.,3.4));
#12854 = SURFACE_CURVE('',#12855,(#12860,#12871),.PCURVE_S1.);
#12855 = CIRCLE('',#12856,2.);
#12856 = AXIS2_PLACEMENT_3D('',#12857,#12858,#12859);
#12857 = CARTESIAN_POINT('',(37.855,4.,3.4));
#12858 = DIRECTION('',(-0.,-1.,0.));
#12859 = DIRECTION('',(0.,-0.,1.));
#12860 = PCURVE('',#12425,#12861);
#12861 = DEFINITIONAL_REPRESENTATION('',(#12862),#12870);
#12862 = ( BOUNDED_CURVE() B_SPLINE_CURVE(2,(#12863,#12864,#12865,#12866
    ,#12867,#12868,#12869),.UNSPECIFIED.,.T.,.F.) 
B_SPLINE_CURVE_WITH_KNOTS((1,2,2,2,2,1),(-2.094395102393,0.,
    2.094395102393,4.188790204786,6.28318530718,8.377580409573),
.UNSPECIFIED.) CURVE() GEOMETRIC_REPRESENTATION_ITEM() 
RATIONAL_B_SPLINE_CURVE((1.,0.5,1.,0.5,1.,0.5,1.)) REPRESENTATION_ITEM(
  '') );
#12863 = CARTESIAN_POINT('',(29.4,77.71));
#12864 = CARTESIAN_POINT('',(29.4,74.245898384862));
#12865 = CARTESIAN_POINT('',(26.4,75.977949192431));
#12866 = CARTESIAN_POINT('',(23.4,77.71));
#12867 = CARTESIAN_POINT('',(26.4,79.442050807569));
#12868 = CARTESIAN_POINT('',(29.4,81.174101615138));
#12869 = CARTESIAN_POINT('',(29.4,77.71));
#12870 = ( GEOMETRIC_REPRESENTATION_CONTEXT(2) 
PARAMETRIC_REPRESENTATION_CONTEXT() REPRESENTATION_CONTEXT('2D SPACE',''
  ) );
#12871 = PCURVE('',#12872,#12877);
#12872 = CYLINDRICAL_SURFACE('',#12873,2.);
#12873 = AXIS2_PLACEMENT_3D('',#12874,#12875,#12876);
#12874 = CARTESIAN_POINT('',(37.855,4.,3.4));
#12875 = DIRECTION('',(0.,1.,0.));
#12876 = DIRECTION('',(1.,0.,-0.));
#12877 = DEFINITIONAL_REPRESENTATION('',(#12878),#12882);
#12878 = LINE('',#12879,#12880);
#12879 = CARTESIAN_POINT('',(4.712388980385,-0.));
#12880 = VECTOR('',#12881,1.);
#12881 = DIRECTION('',(-1.,0.));
#12882 = ( GEOMETRIC_REPRESENTATION_CONTEXT(2) 
PARAMETRIC_REPRESENTATION_CONTEXT() REPRESENTATION_CONTEXT('2D SPACE',''
  ) );
#12883 = ORIENTED_EDGE('',*,*,#12884,.F.);
#12884 = EDGE_CURVE('',#12885,#12852,#12887,.T.);
#12885 = VERTEX_POINT('',#12886);
#12886 = CARTESIAN_POINT('',(39.855,4.,-22.));
#12887 = SURFACE_CURVE('',#12888,(#12892,#12899),.PCURVE_S1.);
#12888 = LINE('',#12889,#12890);
#12889 = CARTESIAN_POINT('',(39.855,4.,-24.));
#12890 = VECTOR('',#12891,1.);
#12891 = DIRECTION('',(0.,0.,1.));
#12892 = PCURVE('',#12425,#12893);
#12893 = DEFINITIONAL_REPRESENTATION('',(#12894),#12898);
#12894 = LINE('',#12895,#12896);
#12895 = CARTESIAN_POINT('',(0.,79.71));
#12896 = VECTOR('',#12897,1.);
#12897 = DIRECTION('',(1.,0.));
#12898 = ( GEOMETRIC_REPRESENTATION_CONTEXT(2) 
PARAMETRIC_REPRESENTATION_CONTEXT() REPRESENTATION_CONTEXT('2D SPACE',''
  ) );
#12899 = PCURVE('',#12900,#12905);
#12900 = PLANE('',#12901);
#12901 = AXIS2_PLACEMENT_3D('',#12902,#12903,#12904);
#12902 = CARTESIAN_POINT('',(39.855,4.,-24.));
#12903 = DIRECTION('',(1.,0.,0.));
#12904 = DIRECTION('',(0.,0.,1.));
#12905 = DEFINITIONAL_REPRESENTATION('',(#12906),#12910);
#12906 = LINE('',#12907,#12908);
#12907 = CARTESIAN_POINT('',(0.,0.));
#12908 = VECTOR('',#12909,1.);
#12909 = DIRECTION('',(1.,0.));
#12910 = ( GEOMETRIC_REPRESENTATION_CONTEXT(2) 
PARAMETRIC_REPRESENTATION_CONTEXT() REPRESENTATION_CONTEXT('2D SPACE',''
  ) );
#12911 = ORIENTED_EDGE('',*,*,#12912,.T.);
#12912 = EDGE_CURVE('',#12885,#12693,#12913,.T.);
#12913 = SURFACE_CURVE('',#12914,(#12919,#12926),.PCURVE_S1.);
#12914 = CIRCLE('',#12915,2.);
#12915 = AXIS2_PLACEMENT_3D('',#12916,#12917,#12918);
#12916 = CARTESIAN_POINT('',(37.855,4.,-22.));
#12917 = DIRECTION('',(0.,1.,0.));
#12918 = DIRECTION('',(0.,-0.,1.));
#12919 = PCURVE('',#12425,#12920);
#12920 = DEFINITIONAL_REPRESENTATION('',(#12921),#12925);
#12921 = CIRCLE('',#12922,2.);
#12922 = AXIS2_PLACEMENT_2D('',#12923,#12924);
#12923 = CARTESIAN_POINT('',(2.,77.71));
#12924 = DIRECTION('',(1.,0.));
#12925 = ( GEOMETRIC_REPRESENTATION_CONTEXT(2) 
PARAMETRIC_REPRESENTATION_CONTEXT() REPRESENTATION_CONTEXT('2D SPACE',''
  ) );
#12926 = PCURVE('',#12927,#12932);
#12927 = CYLINDRICAL_SURFACE('',#12928,2.);
#12928 = AXIS2_PLACEMENT_3D('',#12929,#12930,#12931);
#12929 = CARTESIAN_POINT('',(37.855,4.,-22.));
#12930 = DIRECTION('',(0.,1.,0.));
#12931 = DIRECTION('',(1.,0.,-0.));
#12932 = DEFINITIONAL_REPRESENTATION('',(#12933),#12937);
#12933 = LINE('',#12934,#12935);
#12934 = CARTESIAN_POINT('',(-1.570796326795,0.));
#12935 = VECTOR('',#12936,1.);
#12936 = DIRECTION('',(1.,0.));
#12937 = ( GEOMETRIC_REPRESENTATION_CONTEXT(2) 
PARAMETRIC_REPRESENTATION_CONTEXT() REPRESENTATION_CONTEXT('2D SPACE',''
  ) );
#12938 = ADVANCED_FACE('',(#12939),#12453,.T.);
#12939 = FACE_BOUND('',#12940,.F.);
#12940 = EDGE_LOOP('',(#12941,#12942,#12965,#12991));
#12941 = ORIENTED_EDGE('',*,*,#12720,.T.);
#12942 = ORIENTED_EDGE('',*,*,#12943,.T.);
#12943 = EDGE_CURVE('',#12691,#12944,#12946,.T.);
#12944 = VERTEX_POINT('',#12945);
#12945 = CARTESIAN_POINT('',(-37.855,8.4,-24.));
#12946 = SURFACE_CURVE('',#12947,(#12951,#12958),.PCURVE_S1.);
#12947 = LINE('',#12948,#12949);
#12948 = CARTESIAN_POINT('',(-37.855,4.,-24.));
#12949 = VECTOR('',#12950,1.);
#12950 = DIRECTION('',(0.,1.,0.));
#12951 = PCURVE('',#12453,#12952);
#12952 = DEFINITIONAL_REPRESENTATION('',(#12953),#12957);
#12953 = LINE('',#12954,#12955);
#12954 = CARTESIAN_POINT('',(-1.570796326795,0.));
#12955 = VECTOR('',#12956,1.);
#12956 = DIRECTION('',(-0.,1.));
#12957 = ( GEOMETRIC_REPRESENTATION_CONTEXT(2) 
PARAMETRIC_REPRESENTATION_CONTEXT() REPRESENTATION_CONTEXT('2D SPACE',''
  ) );
#12958 = PCURVE('',#12708,#12959);
#12959 = DEFINITIONAL_REPRESENTATION('',(#12960),#12964);
#12960 = LINE('',#12961,#12962);
#12961 = CARTESIAN_POINT('',(2.,0.));
#12962 = VECTOR('',#12963,1.);
#12963 = DIRECTION('',(0.,1.));
#12964 = ( GEOMETRIC_REPRESENTATION_CONTEXT(2) 
PARAMETRIC_REPRESENTATION_CONTEXT() REPRESENTATION_CONTEXT('2D SPACE',''
  ) );
#12965 = ORIENTED_EDGE('',*,*,#12966,.F.);
#12966 = EDGE_CURVE('',#12438,#12944,#12967,.T.);
#12967 = SURFACE_CURVE('',#12968,(#12973,#12980),.PCURVE_S1.);
#12968 = CIRCLE('',#12969,2.);
#12969 = AXIS2_PLACEMENT_3D('',#12970,#12971,#12972);
#12970 = CARTESIAN_POINT('',(-37.855,8.4,-22.));
#12971 = DIRECTION('',(-0.,-1.,0.));
#12972 = DIRECTION('',(0.,-0.,1.));
#12973 = PCURVE('',#12453,#12974);
#12974 = DEFINITIONAL_REPRESENTATION('',(#12975),#12979);
#12975 = LINE('',#12976,#12977);
#12976 = CARTESIAN_POINT('',(1.570796326795,4.4));
#12977 = VECTOR('',#12978,1.);
#12978 = DIRECTION('',(-1.,0.));
#12979 = ( GEOMETRIC_REPRESENTATION_CONTEXT(2) 
PARAMETRIC_REPRESENTATION_CONTEXT() REPRESENTATION_CONTEXT('2D SPACE',''
  ) );
#12980 = PCURVE('',#12481,#12981);
#12981 = DEFINITIONAL_REPRESENTATION('',(#12982),#12990);
#12982 = ( BOUNDED_CURVE() B_SPLINE_CURVE(2,(#12983,#12984,#12985,#12986
    ,#12987,#12988,#12989),.UNSPECIFIED.,.T.,.F.) 
B_SPLINE_CURVE_WITH_KNOTS((1,2,2,2,2,1),(-2.094395102393,0.,
    2.094395102393,4.188790204786,6.28318530718,8.377580409573),
.UNSPECIFIED.) CURVE() GEOMETRIC_REPRESENTATION_ITEM() 
RATIONAL_B_SPLINE_CURVE((1.,0.5,1.,0.5,1.,0.5,1.)) REPRESENTATION_ITEM(
  '') );
#12983 = CARTESIAN_POINT('',(4.,2.));
#12984 = CARTESIAN_POINT('',(4.,-1.464101615138));
#12985 = CARTESIAN_POINT('',(1.,0.267949192431));
#12986 = CARTESIAN_POINT('',(-2.,2.));
#12987 = CARTESIAN_POINT('',(1.,3.732050807569));
#12988 = CARTESIAN_POINT('',(4.,5.464101615138));
#12989 = CARTESIAN_POINT('',(4.,2.));
#12990 = ( GEOMETRIC_REPRESENTATION_CONTEXT(2) 
PARAMETRIC_REPRESENTATION_CONTEXT() REPRESENTATION_CONTEXT('2D SPACE',''
  ) );
#12991 = ORIENTED_EDGE('',*,*,#12437,.F.);
#12992 = ADVANCED_FACE('',(#12993,#13195,#13226,#13257,#13288),#12481,
  .T.);
#12993 = FACE_BOUND('',#12994,.T.);
#12994 = EDGE_LOOP('',(#12995,#13018,#13019,#13020,#13043,#13071,#13094,
    #13122,#13150,#13173));
#12995 = ORIENTED_EDGE('',*,*,#12996,.F.);
#12996 = EDGE_CURVE('',#12944,#12997,#12999,.T.);
#12997 = VERTEX_POINT('',#12998);
#12998 = CARTESIAN_POINT('',(37.855,8.4,-24.));
#12999 = SURFACE_CURVE('',#13000,(#13004,#13011),.PCURVE_S1.);
#13000 = LINE('',#13001,#13002);
#13001 = CARTESIAN_POINT('',(-39.855,8.4,-24.));
#13002 = VECTOR('',#13003,1.);
#13003 = DIRECTION('',(1.,0.,0.));
#13004 = PCURVE('',#12481,#13005);
#13005 = DEFINITIONAL_REPRESENTATION('',(#13006),#13010);
#13006 = LINE('',#13007,#13008);
#13007 = CARTESIAN_POINT('',(0.,0.));
#13008 = VECTOR('',#13009,1.);
#13009 = DIRECTION('',(0.,1.));
#13010 = ( GEOMETRIC_REPRESENTATION_CONTEXT(2) 
PARAMETRIC_REPRESENTATION_CONTEXT() REPRESENTATION_CONTEXT('2D SPACE',''
  ) );
#13011 = PCURVE('',#12708,#13012);
#13012 = DEFINITIONAL_REPRESENTATION('',(#13013),#13017);
#13013 = LINE('',#13014,#13015);
#13014 = CARTESIAN_POINT('',(0.,4.4));
#13015 = VECTOR('',#13016,1.);
#13016 = DIRECTION('',(1.,0.));
#13017 = ( GEOMETRIC_REPRESENTATION_CONTEXT(2) 
PARAMETRIC_REPRESENTATION_CONTEXT() REPRESENTATION_CONTEXT('2D SPACE',''
  ) );
#13018 = ORIENTED_EDGE('',*,*,#12966,.F.);
#13019 = ORIENTED_EDGE('',*,*,#12465,.T.);
#13020 = ORIENTED_EDGE('',*,*,#13021,.T.);
#13021 = EDGE_CURVE('',#12466,#13022,#13024,.T.);
#13022 = VERTEX_POINT('',#13023);
#13023 = CARTESIAN_POINT('',(-31.,8.4,2.6));
#13024 = SURFACE_CURVE('',#13025,(#13029,#13036),.PCURVE_S1.);
#13025 = LINE('',#13026,#13027);
#13026 = CARTESIAN_POINT('',(-39.855,8.4,2.6));
#13027 = VECTOR('',#13028,1.);
#13028 = DIRECTION('',(1.,0.,0.));
#13029 = PCURVE('',#12481,#13030);
#13030 = DEFINITIONAL_REPRESENTATION('',(#13031),#13035);
#13031 = LINE('',#13032,#13033);
#13032 = CARTESIAN_POINT('',(26.6,7.105427357601E-15));
#13033 = VECTOR('',#13034,1.);
#13034 = DIRECTION('',(0.,1.));
#13035 = ( GEOMETRIC_REPRESENTATION_CONTEXT(2) 
PARAMETRIC_REPRESENTATION_CONTEXT() REPRESENTATION_CONTEXT('2D SPACE',''
  ) );
#13036 = PCURVE('',#12509,#13037);
#13037 = DEFINITIONAL_REPRESENTATION('',(#13038),#13042);
#13038 = LINE('',#13039,#13040);
#13039 = CARTESIAN_POINT('',(0.,0.));
#13040 = VECTOR('',#13041,1.);
#13041 = DIRECTION('',(1.,0.));
#13042 = ( GEOMETRIC_REPRESENTATION_CONTEXT(2) 
PARAMETRIC_REPRESENTATION_CONTEXT() REPRESENTATION_CONTEXT('2D SPACE',''
  ) );
#13043 = ORIENTED_EDGE('',*,*,#13044,.T.);
#13044 = EDGE_CURVE('',#13022,#13045,#13047,.T.);
#13045 = VERTEX_POINT('',#13046);
#13046 = CARTESIAN_POINT('',(-31.,8.4,5.4));
#13047 = SURFACE_CURVE('',#13048,(#13052,#13059),.PCURVE_S1.);
#13048 = LINE('',#13049,#13050);
#13049 = CARTESIAN_POINT('',(-31.,8.4,2.6));
#13050 = VECTOR('',#13051,1.);
#13051 = DIRECTION('',(0.,0.,1.));
#13052 = PCURVE('',#12481,#13053);
#13053 = DEFINITIONAL_REPRESENTATION('',(#13054),#13058);
#13054 = LINE('',#13055,#13056);
#13055 = CARTESIAN_POINT('',(26.6,8.855));
#13056 = VECTOR('',#13057,1.);
#13057 = DIRECTION('',(1.,0.));
#13058 = ( GEOMETRIC_REPRESENTATION_CONTEXT(2) 
PARAMETRIC_REPRESENTATION_CONTEXT() REPRESENTATION_CONTEXT('2D SPACE',''
  ) );
#13059 = PCURVE('',#13060,#13065);
#13060 = PLANE('',#13061);
#13061 = AXIS2_PLACEMENT_3D('',#13062,#13063,#13064);
#13062 = CARTESIAN_POINT('',(-31.,8.4,2.6));
#13063 = DIRECTION('',(1.,0.,0.));
#13064 = DIRECTION('',(0.,0.,1.));
#13065 = DEFINITIONAL_REPRESENTATION('',(#13066),#13070);
#13066 = LINE('',#13067,#13068);
#13067 = CARTESIAN_POINT('',(0.,0.));
#13068 = VECTOR('',#13069,1.);
#13069 = DIRECTION('',(1.,0.));
#13070 = ( GEOMETRIC_REPRESENTATION_CONTEXT(2) 
PARAMETRIC_REPRESENTATION_CONTEXT() REPRESENTATION_CONTEXT('2D SPACE',''
  ) );
#13071 = ORIENTED_EDGE('',*,*,#13072,.T.);
#13072 = EDGE_CURVE('',#13045,#13073,#13075,.T.);
#13073 = VERTEX_POINT('',#13074);
#13074 = CARTESIAN_POINT('',(31.,8.4,5.4));
#13075 = SURFACE_CURVE('',#13076,(#13080,#13087),.PCURVE_S1.);
#13076 = LINE('',#13077,#13078);
#13077 = CARTESIAN_POINT('',(-39.855,8.4,5.4));
#13078 = VECTOR('',#13079,1.);
#13079 = DIRECTION('',(1.,0.,0.));
#13080 = PCURVE('',#12481,#13081);
#13081 = DEFINITIONAL_REPRESENTATION('',(#13082),#13086);
#13082 = LINE('',#13083,#13084);
#13083 = CARTESIAN_POINT('',(29.4,0.));
#13084 = VECTOR('',#13085,1.);
#13085 = DIRECTION('',(0.,1.));
#13086 = ( GEOMETRIC_REPRESENTATION_CONTEXT(2) 
PARAMETRIC_REPRESENTATION_CONTEXT() REPRESENTATION_CONTEXT('2D SPACE',''
  ) );
#13087 = PCURVE('',#12787,#13088);
#13088 = DEFINITIONAL_REPRESENTATION('',(#13089),#13093);
#13089 = LINE('',#13090,#13091);
#13090 = CARTESIAN_POINT('',(0.,4.4));
#13091 = VECTOR('',#13092,1.);
#13092 = DIRECTION('',(1.,0.));
#13093 = ( GEOMETRIC_REPRESENTATION_CONTEXT(2) 
PARAMETRIC_REPRESENTATION_CONTEXT() REPRESENTATION_CONTEXT('2D SPACE',''
  ) );
#13094 = ORIENTED_EDGE('',*,*,#13095,.F.);
#13095 = EDGE_CURVE('',#13096,#13073,#13098,.T.);
#13096 = VERTEX_POINT('',#13097);
#13097 = CARTESIAN_POINT('',(31.,8.4,2.6));
#13098 = SURFACE_CURVE('',#13099,(#13103,#13110),.PCURVE_S1.);
#13099 = LINE('',#13100,#13101);
#13100 = CARTESIAN_POINT('',(31.,8.4,2.6));
#13101 = VECTOR('',#13102,1.);
#13102 = DIRECTION('',(0.,0.,1.));
#13103 = PCURVE('',#12481,#13104);
#13104 = DEFINITIONAL_REPRESENTATION('',(#13105),#13109);
#13105 = LINE('',#13106,#13107);
#13106 = CARTESIAN_POINT('',(26.6,70.855));
#13107 = VECTOR('',#13108,1.);
#13108 = DIRECTION('',(1.,0.));
#13109 = ( GEOMETRIC_REPRESENTATION_CONTEXT(2) 
PARAMETRIC_REPRESENTATION_CONTEXT() REPRESENTATION_CONTEXT('2D SPACE',''
  ) );
#13110 = PCURVE('',#13111,#13116);
#13111 = PLANE('',#13112);
#13112 = AXIS2_PLACEMENT_3D('',#13113,#13114,#13115);
#13113 = CARTESIAN_POINT('',(31.,8.4,2.6));
#13114 = DIRECTION('',(1.,0.,0.));
#13115 = DIRECTION('',(0.,0.,1.));
#13116 = DEFINITIONAL_REPRESENTATION('',(#13117),#13121);
#13117 = LINE('',#13118,#13119);
#13118 = CARTESIAN_POINT('',(0.,0.));
#13119 = VECTOR('',#13120,1.);
#13120 = DIRECTION('',(1.,0.));
#13121 = ( GEOMETRIC_REPRESENTATION_CONTEXT(2) 
PARAMETRIC_REPRESENTATION_CONTEXT() REPRESENTATION_CONTEXT('2D SPACE',''
  ) );
#13122 = ORIENTED_EDGE('',*,*,#13123,.T.);
#13123 = EDGE_CURVE('',#13096,#13124,#13126,.T.);
#13124 = VERTEX_POINT('',#13125);
#13125 = CARTESIAN_POINT('',(39.855,8.4,2.6));
#13126 = SURFACE_CURVE('',#13127,(#13131,#13138),.PCURVE_S1.);
#13127 = LINE('',#13128,#13129);
#13128 = CARTESIAN_POINT('',(31.,8.4,2.6));
#13129 = VECTOR('',#13130,1.);
#13130 = DIRECTION('',(1.,0.,0.));
#13131 = PCURVE('',#12481,#13132);
#13132 = DEFINITIONAL_REPRESENTATION('',(#13133),#13137);
#13133 = LINE('',#13134,#13135);
#13134 = CARTESIAN_POINT('',(26.6,70.855));
#13135 = VECTOR('',#13136,1.);
#13136 = DIRECTION('',(0.,1.));
#13137 = ( GEOMETRIC_REPRESENTATION_CONTEXT(2) 
PARAMETRIC_REPRESENTATION_CONTEXT() REPRESENTATION_CONTEXT('2D SPACE',''
  ) );
#13138 = PCURVE('',#13139,#13144);
#13139 = PLANE('',#13140);
#13140 = AXIS2_PLACEMENT_3D('',#13141,#13142,#13143);
#13141 = CARTESIAN_POINT('',(31.,8.4,2.6));
#13142 = DIRECTION('',(0.,0.,1.));
#13143 = DIRECTION('',(1.,0.,0.));
#13144 = DEFINITIONAL_REPRESENTATION('',(#13145),#13149);
#13145 = LINE('',#13146,#13147);
#13146 = CARTESIAN_POINT('',(0.,0.));
#13147 = VECTOR('',#13148,1.);
#13148 = DIRECTION('',(1.,0.));
#13149 = ( GEOMETRIC_REPRESENTATION_CONTEXT(2) 
PARAMETRIC_REPRESENTATION_CONTEXT() REPRESENTATION_CONTEXT('2D SPACE',''
  ) );
#13150 = ORIENTED_EDGE('',*,*,#13151,.F.);
#13151 = EDGE_CURVE('',#13152,#13124,#13154,.T.);
#13152 = VERTEX_POINT('',#13153);
#13153 = CARTESIAN_POINT('',(39.855,8.4,-22.));
#13154 = SURFACE_CURVE('',#13155,(#13159,#13166),.PCURVE_S1.);
#13155 = LINE('',#13156,#13157);
#13156 = CARTESIAN_POINT('',(39.855,8.4,-24.));
#13157 = VECTOR('',#13158,1.);
#13158 = DIRECTION('',(0.,0.,1.));
#13159 = PCURVE('',#12481,#13160);
#13160 = DEFINITIONAL_REPRESENTATION('',(#13161),#13165);
#13161 = LINE('',#13162,#13163);
#13162 = CARTESIAN_POINT('',(0.,79.71));
#13163 = VECTOR('',#13164,1.);
#13164 = DIRECTION('',(1.,0.));
#13165 = ( GEOMETRIC_REPRESENTATION_CONTEXT(2) 
PARAMETRIC_REPRESENTATION_CONTEXT() REPRESENTATION_CONTEXT('2D SPACE',''
  ) );
#13166 = PCURVE('',#12900,#13167);
#13167 = DEFINITIONAL_REPRESENTATION('',(#13168),#13172);
#13168 = LINE('',#13169,#13170);
#13169 = CARTESIAN_POINT('',(0.,-4.4));
#13170 = VECTOR('',#13171,1.);
#13171 = DIRECTION('',(1.,0.));
#13172 = ( GEOMETRIC_REPRESENTATION_CONTEXT(2) 
PARAMETRIC_REPRESENTATION_CONTEXT() REPRESENTATION_CONTEXT('2D SPACE',''
  ) );
#13173 = ORIENTED_EDGE('',*,*,#13174,.T.);
#13174 = EDGE_CURVE('',#13152,#12997,#13175,.T.);
#13175 = SURFACE_CURVE('',#13176,(#13181,#13188),.PCURVE_S1.);
#13176 = CIRCLE('',#13177,2.);
#13177 = AXIS2_PLACEMENT_3D('',#13178,#13179,#13180);
#13178 = CARTESIAN_POINT('',(37.855,8.4,-22.));
#13179 = DIRECTION('',(0.,1.,0.));
#13180 = DIRECTION('',(0.,-0.,1.));
#13181 = PCURVE('',#12481,#13182);
#13182 = DEFINITIONAL_REPRESENTATION('',(#13183),#13187);
#13183 = CIRCLE('',#13184,2.);
#13184 = AXIS2_PLACEMENT_2D('',#13185,#13186);
#13185 = CARTESIAN_POINT('',(2.,77.71));
#13186 = DIRECTION('',(1.,0.));
#13187 = ( GEOMETRIC_REPRESENTATION_CONTEXT(2) 
PARAMETRIC_REPRESENTATION_CONTEXT() REPRESENTATION_CONTEXT('2D SPACE',''
  ) );
#13188 = PCURVE('',#12927,#13189);
#13189 = DEFINITIONAL_REPRESENTATION('',(#13190),#13194);
#13190 = LINE('',#13191,#13192);
#13191 = CARTESIAN_POINT('',(-1.570796326795,4.4));
#13192 = VECTOR('',#13193,1.);
#13193 = DIRECTION('',(1.,0.));
#13194 = ( GEOMETRIC_REPRESENTATION_CONTEXT(2) 
PARAMETRIC_REPRESENTATION_CONTEXT() REPRESENTATION_CONTEXT('2D SPACE',''
  ) );
#13195 = FACE_BOUND('',#13196,.T.);
#13196 = EDGE_LOOP('',(#13197));
#13197 = ORIENTED_EDGE('',*,*,#13198,.F.);
#13198 = EDGE_CURVE('',#13199,#13199,#13201,.T.);
#13199 = VERTEX_POINT('',#13200);
#13200 = CARTESIAN_POINT('',(-7.,8.4,1.));
#13201 = SURFACE_CURVE('',#13202,(#13207,#13214),.PCURVE_S1.);
#13202 = CIRCLE('',#13203,1.);
#13203 = AXIS2_PLACEMENT_3D('',#13204,#13205,#13206);
#13204 = CARTESIAN_POINT('',(-7.,8.4,0.));
#13205 = DIRECTION('',(0.,1.,0.));
#13206 = DIRECTION('',(0.,-0.,1.));
#13207 = PCURVE('',#12481,#13208);
#13208 = DEFINITIONAL_REPRESENTATION('',(#13209),#13213);
#13209 = CIRCLE('',#13210,1.);
#13210 = AXIS2_PLACEMENT_2D('',#13211,#13212);
#13211 = CARTESIAN_POINT('',(24.,32.855));
#13212 = DIRECTION('',(1.,0.));
#13213 = ( GEOMETRIC_REPRESENTATION_CONTEXT(2) 
PARAMETRIC_REPRESENTATION_CONTEXT() REPRESENTATION_CONTEXT('2D SPACE',''
  ) );
#13214 = PCURVE('',#13215,#13220);
#13215 = CYLINDRICAL_SURFACE('',#13216,1.);
#13216 = AXIS2_PLACEMENT_3D('',#13217,#13218,#13219);
#13217 = CARTESIAN_POINT('',(-7.,-0.5,0.));
#13218 = DIRECTION('',(0.,1.,0.));
#13219 = DIRECTION('',(0.,-0.,1.));
#13220 = DEFINITIONAL_REPRESENTATION('',(#13221),#13225);
#13221 = LINE('',#13222,#13223);
#13222 = CARTESIAN_POINT('',(0.,8.9));
#13223 = VECTOR('',#13224,1.);
#13224 = DIRECTION('',(1.,0.));
#13225 = ( GEOMETRIC_REPRESENTATION_CONTEXT(2) 
PARAMETRIC_REPRESENTATION_CONTEXT() REPRESENTATION_CONTEXT('2D SPACE',''
  ) );
#13226 = FACE_BOUND('',#13227,.T.);
#13227 = EDGE_LOOP('',(#13228));
#13228 = ORIENTED_EDGE('',*,*,#13229,.F.);
#13229 = EDGE_CURVE('',#13230,#13230,#13232,.T.);
#13230 = VERTEX_POINT('',#13231);
#13231 = CARTESIAN_POINT('',(-2.449293598295E-16,8.4,-6.));
#13232 = SURFACE_CURVE('',#13233,(#13238,#13245),.PCURVE_S1.);
#13233 = CIRCLE('',#13234,1.);
#13234 = AXIS2_PLACEMENT_3D('',#13235,#13236,#13237);
#13235 = CARTESIAN_POINT('',(0.,8.4,-7.));
#13236 = DIRECTION('',(0.,1.,0.));
#13237 = DIRECTION('',(0.,-0.,1.));
#13238 = PCURVE('',#12481,#13239);
#13239 = DEFINITIONAL_REPRESENTATION('',(#13240),#13244);
#13240 = CIRCLE('',#13241,1.);
#13241 = AXIS2_PLACEMENT_2D('',#13242,#13243);
#13242 = CARTESIAN_POINT('',(17.,39.855));
#13243 = DIRECTION('',(1.,0.));
#13244 = ( GEOMETRIC_REPRESENTATION_CONTEXT(2) 
PARAMETRIC_REPRESENTATION_CONTEXT() REPRESENTATION_CONTEXT('2D SPACE',''
  ) );
#13245 = PCURVE('',#13246,#13251);
#13246 = CYLINDRICAL_SURFACE('',#13247,1.);
#13247 = AXIS2_PLACEMENT_3D('',#13248,#13249,#13250);
#13248 = CARTESIAN_POINT('',(0.,-0.5,-7.));
#13249 = DIRECTION('',(0.,1.,0.));
#13250 = DIRECTION('',(0.,-0.,1.));
#13251 = DEFINITIONAL_REPRESENTATION('',(#13252),#13256);
#13252 = LINE('',#13253,#13254);
#13253 = CARTESIAN_POINT('',(0.,8.9));
#13254 = VECTOR('',#13255,1.);
#13255 = DIRECTION('',(1.,0.));
#13256 = ( GEOMETRIC_REPRESENTATION_CONTEXT(2) 
PARAMETRIC_REPRESENTATION_CONTEXT() REPRESENTATION_CONTEXT('2D SPACE',''
  ) );
#13257 = FACE_BOUND('',#13258,.T.);
#13258 = EDGE_LOOP('',(#13259));
#13259 = ORIENTED_EDGE('',*,*,#13260,.F.);
#13260 = EDGE_CURVE('',#13261,#13261,#13263,.T.);
#13261 = VERTEX_POINT('',#13262);
#13262 = CARTESIAN_POINT('',(-3.918869757272E-16,8.4,1.6));
#13263 = SURFACE_CURVE('',#13264,(#13269,#13276),.PCURVE_S1.);
#13264 = CIRCLE('',#13265,1.6);
#13265 = AXIS2_PLACEMENT_3D('',#13266,#13267,#13268);
#13266 = CARTESIAN_POINT('',(0.,8.4,0.));
#13267 = DIRECTION('',(0.,1.,0.));
#13268 = DIRECTION('',(0.,-0.,1.));
#13269 = PCURVE('',#12481,#13270);
#13270 = DEFINITIONAL_REPRESENTATION('',(#13271),#13275);
#13271 = CIRCLE('',#13272,1.6);
#13272 = AXIS2_PLACEMENT_2D('',#13273,#13274);
#13273 = CARTESIAN_POINT('',(24.,39.855));
#13274 = DIRECTION('',(1.,0.));
#13275 = ( GEOMETRIC_REPRESENTATION_CONTEXT(2) 
PARAMETRIC_REPRESENTATION_CONTEXT() REPRESENTATION_CONTEXT('2D SPACE',''
  ) );
#13276 = PCURVE('',#13277,#13282);
#13277 = CYLINDRICAL_SURFACE('',#13278,1.6);
#13278 = AXIS2_PLACEMENT_3D('',#13279,#13280,#13281);
#13279 = CARTESIAN_POINT('',(0.,-0.5,0.));
#13280 = DIRECTION('',(0.,1.,0.));
#13281 = DIRECTION('',(0.,-0.,1.));
#13282 = DEFINITIONAL_REPRESENTATION('',(#13283),#13287);
#13283 = LINE('',#13284,#13285);
#13284 = CARTESIAN_POINT('',(0.,8.9));
#13285 = VECTOR('',#13286,1.);
#13286 = DIRECTION('',(1.,0.));
#13287 = ( GEOMETRIC_REPRESENTATION_CONTEXT(2) 
PARAMETRIC_REPRESENTATION_CONTEXT() REPRESENTATION_CONTEXT('2D SPACE',''
  ) );
#13288 = FACE_BOUND('',#13289,.T.);
#13289 = EDGE_LOOP('',(#13290));
#13290 = ORIENTED_EDGE('',*,*,#13291,.F.);
#13291 = EDGE_CURVE('',#13292,#13292,#13294,.T.);
#13292 = VERTEX_POINT('',#13293);
#13293 = CARTESIAN_POINT('',(7.,8.4,1.));
#13294 = SURFACE_CURVE('',#13295,(#13300,#13307),.PCURVE_S1.);
#13295 = CIRCLE('',#13296,1.);
#13296 = AXIS2_PLACEMENT_3D('',#13297,#13298,#13299);
#13297 = CARTESIAN_POINT('',(7.,8.4,0.));
#13298 = DIRECTION('',(0.,1.,0.));
#13299 = DIRECTION('',(0.,-0.,1.));
#13300 = PCURVE('',#12481,#13301);
#13301 = DEFINITIONAL_REPRESENTATION('',(#13302),#13306);
#13302 = CIRCLE('',#13303,1.);
#13303 = AXIS2_PLACEMENT_2D('',#13304,#13305);
#13304 = CARTESIAN_POINT('',(24.,46.855));
#13305 = DIRECTION('',(1.,0.));
#13306 = ( GEOMETRIC_REPRESENTATION_CONTEXT(2) 
PARAMETRIC_REPRESENTATION_CONTEXT() REPRESENTATION_CONTEXT('2D SPACE',''
  ) );
#13307 = PCURVE('',#13308,#13313);
#13308 = CYLINDRICAL_SURFACE('',#13309,1.);
#13309 = AXIS2_PLACEMENT_3D('',#13310,#13311,#13312);
#13310 = CARTESIAN_POINT('',(7.,-0.5,0.));
#13311 = DIRECTION('',(0.,1.,0.));
#13312 = DIRECTION('',(0.,-0.,1.));
#13313 = DEFINITIONAL_REPRESENTATION('',(#13314),#13318);
#13314 = LINE('',#13315,#13316);
#13315 = CARTESIAN_POINT('',(0.,8.9));
#13316 = VECTOR('',#13317,1.);
#13317 = DIRECTION('',(1.,0.));
#13318 = ( GEOMETRIC_REPRESENTATION_CONTEXT(2) 
PARAMETRIC_REPRESENTATION_CONTEXT() REPRESENTATION_CONTEXT('2D SPACE',''
  ) );
#13319 = ADVANCED_FACE('',(#13320),#12509,.F.);
#13320 = FACE_BOUND('',#13321,.F.);
#13321 = EDGE_LOOP('',(#13322,#13323,#13324,#13347));
#13322 = ORIENTED_EDGE('',*,*,#12493,.F.);
#13323 = ORIENTED_EDGE('',*,*,#13021,.T.);
#13324 = ORIENTED_EDGE('',*,*,#13325,.F.);
#13325 = EDGE_CURVE('',#13326,#13022,#13328,.T.);
#13326 = VERTEX_POINT('',#13327);
#13327 = CARTESIAN_POINT('',(-31.,34.4,2.6));
#13328 = SURFACE_CURVE('',#13329,(#13333,#13340),.PCURVE_S1.);
#13329 = LINE('',#13330,#13331);
#13330 = CARTESIAN_POINT('',(-31.,34.4,2.6));
#13331 = VECTOR('',#13332,1.);
#13332 = DIRECTION('',(0.,-1.,0.));
#13333 = PCURVE('',#12509,#13334);
#13334 = DEFINITIONAL_REPRESENTATION('',(#13335),#13339);
#13335 = LINE('',#13336,#13337);
#13336 = CARTESIAN_POINT('',(8.855,26.));
#13337 = VECTOR('',#13338,1.);
#13338 = DIRECTION('',(0.,-1.));
#13339 = ( GEOMETRIC_REPRESENTATION_CONTEXT(2) 
PARAMETRIC_REPRESENTATION_CONTEXT() REPRESENTATION_CONTEXT('2D SPACE',''
  ) );
#13340 = PCURVE('',#13060,#13341);
#13341 = DEFINITIONAL_REPRESENTATION('',(#13342),#13346);
#13342 = LINE('',#13343,#13344);
#13343 = CARTESIAN_POINT('',(0.,-26.));
#13344 = VECTOR('',#13345,1.);
#13345 = DIRECTION('',(0.,1.));
#13346 = ( GEOMETRIC_REPRESENTATION_CONTEXT(2) 
PARAMETRIC_REPRESENTATION_CONTEXT() REPRESENTATION_CONTEXT('2D SPACE',''
  ) );
#13347 = ORIENTED_EDGE('',*,*,#13348,.T.);
#13348 = EDGE_CURVE('',#13326,#12494,#13349,.T.);
#13349 = SURFACE_CURVE('',#13350,(#13354,#13361),.PCURVE_S1.);
#13350 = LINE('',#13351,#13352);
#13351 = CARTESIAN_POINT('',(-31.,34.4,2.6));
#13352 = VECTOR('',#13353,1.);
#13353 = DIRECTION('',(-1.,0.,0.));
#13354 = PCURVE('',#12509,#13355);
#13355 = DEFINITIONAL_REPRESENTATION('',(#13356),#13360);
#13356 = LINE('',#13357,#13358);
#13357 = CARTESIAN_POINT('',(8.855,26.));
#13358 = VECTOR('',#13359,1.);
#13359 = DIRECTION('',(-1.,0.));
#13360 = ( GEOMETRIC_REPRESENTATION_CONTEXT(2) 
PARAMETRIC_REPRESENTATION_CONTEXT() REPRESENTATION_CONTEXT('2D SPACE',''
  ) );
#13361 = PCURVE('',#12537,#13362);
#13362 = DEFINITIONAL_REPRESENTATION('',(#13363),#13367);
#13363 = LINE('',#13364,#13365);
#13364 = CARTESIAN_POINT('',(0.,8.855));
#13365 = VECTOR('',#13366,1.);
#13366 = DIRECTION('',(0.,-1.));
#13367 = ( GEOMETRIC_REPRESENTATION_CONTEXT(2) 
PARAMETRIC_REPRESENTATION_CONTEXT() REPRESENTATION_CONTEXT('2D SPACE',''
  ) );
#13368 = ADVANCED_FACE('',(#13369),#12537,.T.);
#13369 = FACE_BOUND('',#13370,.T.);
#13370 = EDGE_LOOP('',(#13371,#13372,#13395,#13423,#13451,#13479,#13507,
    #13528));
#13371 = ORIENTED_EDGE('',*,*,#12521,.F.);
#13372 = ORIENTED_EDGE('',*,*,#13373,.F.);
#13373 = EDGE_CURVE('',#13374,#12522,#13376,.T.);
#13374 = VERTEX_POINT('',#13375);
#13375 = CARTESIAN_POINT('',(-34.455,34.4,41.31));
#13376 = SURFACE_CURVE('',#13377,(#13381,#13388),.PCURVE_S1.);
#13377 = LINE('',#13378,#13379);
#13378 = CARTESIAN_POINT('',(-34.455,34.4,41.31));
#13379 = VECTOR('',#13380,1.);
#13380 = DIRECTION('',(-1.,0.,0.));
#13381 = PCURVE('',#12537,#13382);
#13382 = DEFINITIONAL_REPRESENTATION('',(#13383),#13387);
#13383 = LINE('',#13384,#13385);
#13384 = CARTESIAN_POINT('',(38.71,5.4));
#13385 = VECTOR('',#13386,1.);
#13386 = DIRECTION('',(0.,-1.));
#13387 = ( GEOMETRIC_REPRESENTATION_CONTEXT(2) 
PARAMETRIC_REPRESENTATION_CONTEXT() REPRESENTATION_CONTEXT('2D SPACE',''
  ) );
#13388 = PCURVE('',#12565,#13389);
#13389 = DEFINITIONAL_REPRESENTATION('',(#13390),#13394);
#13390 = LINE('',#13391,#13392);
#13391 = CARTESIAN_POINT('',(5.4,26.));
#13392 = VECTOR('',#13393,1.);
#13393 = DIRECTION('',(-1.,0.));
#13394 = ( GEOMETRIC_REPRESENTATION_CONTEXT(2) 
PARAMETRIC_REPRESENTATION_CONTEXT() REPRESENTATION_CONTEXT('2D SPACE',''
  ) );
#13395 = ORIENTED_EDGE('',*,*,#13396,.F.);
#13396 = EDGE_CURVE('',#13397,#13374,#13399,.T.);
#13397 = VERTEX_POINT('',#13398);
#13398 = CARTESIAN_POINT('',(-34.455,34.4,38.51));
#13399 = SURFACE_CURVE('',#13400,(#13404,#13411),.PCURVE_S1.);
#13400 = LINE('',#13401,#13402);
#13401 = CARTESIAN_POINT('',(-34.455,34.4,38.51));
#13402 = VECTOR('',#13403,1.);
#13403 = DIRECTION('',(0.,0.,1.));
#13404 = PCURVE('',#12537,#13405);
#13405 = DEFINITIONAL_REPRESENTATION('',(#13406),#13410);
#13406 = LINE('',#13407,#13408);
#13407 = CARTESIAN_POINT('',(35.91,5.4));
#13408 = VECTOR('',#13409,1.);
#13409 = DIRECTION('',(1.,0.));
#13410 = ( GEOMETRIC_REPRESENTATION_CONTEXT(2) 
PARAMETRIC_REPRESENTATION_CONTEXT() REPRESENTATION_CONTEXT('2D SPACE',''
  ) );
#13411 = PCURVE('',#13412,#13417);
#13412 = PLANE('',#13413);
#13413 = AXIS2_PLACEMENT_3D('',#13414,#13415,#13416);
#13414 = CARTESIAN_POINT('',(-34.455,6.4,5.4));
#13415 = DIRECTION('',(1.,0.,0.));
#13416 = DIRECTION('',(0.,0.,1.));
#13417 = DEFINITIONAL_REPRESENTATION('',(#13418),#13422);
#13418 = LINE('',#13419,#13420);
#13419 = CARTESIAN_POINT('',(33.11,-28.));
#13420 = VECTOR('',#13421,1.);
#13421 = DIRECTION('',(1.,0.));
#13422 = ( GEOMETRIC_REPRESENTATION_CONTEXT(2) 
PARAMETRIC_REPRESENTATION_CONTEXT() REPRESENTATION_CONTEXT('2D SPACE',''
  ) );
#13423 = ORIENTED_EDGE('',*,*,#13424,.F.);
#13424 = EDGE_CURVE('',#13425,#13397,#13427,.T.);
#13425 = VERTEX_POINT('',#13426);
#13426 = CARTESIAN_POINT('',(-37.055,34.4,38.51));
#13427 = SURFACE_CURVE('',#13428,(#13432,#13439),.PCURVE_S1.);
#13428 = LINE('',#13429,#13430);
#13429 = CARTESIAN_POINT('',(-39.855,34.4,38.51));
#13430 = VECTOR('',#13431,1.);
#13431 = DIRECTION('',(1.,0.,0.));
#13432 = PCURVE('',#12537,#13433);
#13433 = DEFINITIONAL_REPRESENTATION('',(#13434),#13438);
#13434 = LINE('',#13435,#13436);
#13435 = CARTESIAN_POINT('',(35.91,-1.42108547152E-14));
#13436 = VECTOR('',#13437,1.);
#13437 = DIRECTION('',(0.,1.));
#13438 = ( GEOMETRIC_REPRESENTATION_CONTEXT(2) 
PARAMETRIC_REPRESENTATION_CONTEXT() REPRESENTATION_CONTEXT('2D SPACE',''
  ) );
#13439 = PCURVE('',#13440,#13445);
#13440 = PLANE('',#13441);
#13441 = AXIS2_PLACEMENT_3D('',#13442,#13443,#13444);
#13442 = CARTESIAN_POINT('',(-39.855,8.4,38.51));
#13443 = DIRECTION('',(0.,0.,1.));
#13444 = DIRECTION('',(1.,0.,0.));
#13445 = DEFINITIONAL_REPRESENTATION('',(#13446),#13450);
#13446 = LINE('',#13447,#13448);
#13447 = CARTESIAN_POINT('',(0.,26.));
#13448 = VECTOR('',#13449,1.);
#13449 = DIRECTION('',(1.,0.));
#13450 = ( GEOMETRIC_REPRESENTATION_CONTEXT(2) 
PARAMETRIC_REPRESENTATION_CONTEXT() REPRESENTATION_CONTEXT('2D SPACE',''
  ) );
#13451 = ORIENTED_EDGE('',*,*,#13452,.F.);
#13452 = EDGE_CURVE('',#13453,#13425,#13455,.T.);
#13453 = VERTEX_POINT('',#13454);
#13454 = CARTESIAN_POINT('',(-37.055,34.4,13.4));
#13455 = SURFACE_CURVE('',#13456,(#13460,#13467),.PCURVE_S1.);
#13456 = LINE('',#13457,#13458);
#13457 = CARTESIAN_POINT('',(-37.055,34.4,2.6));
#13458 = VECTOR('',#13459,1.);
#13459 = DIRECTION('',(0.,0.,1.));
#13460 = PCURVE('',#12537,#13461);
#13461 = DEFINITIONAL_REPRESENTATION('',(#13462),#13466);
#13462 = LINE('',#13463,#13464);
#13463 = CARTESIAN_POINT('',(0.,2.8));
#13464 = VECTOR('',#13465,1.);
#13465 = DIRECTION('',(1.,0.));
#13466 = ( GEOMETRIC_REPRESENTATION_CONTEXT(2) 
PARAMETRIC_REPRESENTATION_CONTEXT() REPRESENTATION_CONTEXT('2D SPACE',''
  ) );
#13467 = PCURVE('',#13468,#13473);
#13468 = PLANE('',#13469);
#13469 = AXIS2_PLACEMENT_3D('',#13470,#13471,#13472);
#13470 = CARTESIAN_POINT('',(-37.055,8.4,2.6));
#13471 = DIRECTION('',(1.,0.,0.));
#13472 = DIRECTION('',(0.,0.,1.));
#13473 = DEFINITIONAL_REPRESENTATION('',(#13474),#13478);
#13474 = LINE('',#13475,#13476);
#13475 = CARTESIAN_POINT('',(0.,-26.));
#13476 = VECTOR('',#13477,1.);
#13477 = DIRECTION('',(1.,0.));
#13478 = ( GEOMETRIC_REPRESENTATION_CONTEXT(2) 
PARAMETRIC_REPRESENTATION_CONTEXT() REPRESENTATION_CONTEXT('2D SPACE',''
  ) );
#13479 = ORIENTED_EDGE('',*,*,#13480,.T.);
#13480 = EDGE_CURVE('',#13453,#13481,#13483,.T.);
#13481 = VERTEX_POINT('',#13482);
#13482 = CARTESIAN_POINT('',(-31.,34.4,13.4));
#13483 = SURFACE_CURVE('',#13484,(#13488,#13495),.PCURVE_S1.);
#13484 = LINE('',#13485,#13486);
#13485 = CARTESIAN_POINT('',(-39.855,34.4,13.4));
#13486 = VECTOR('',#13487,1.);
#13487 = DIRECTION('',(1.,0.,0.));
#13488 = PCURVE('',#12537,#13489);
#13489 = DEFINITIONAL_REPRESENTATION('',(#13490),#13494);
#13490 = LINE('',#13491,#13492);
#13491 = CARTESIAN_POINT('',(10.8,0.));
#13492 = VECTOR('',#13493,1.);
#13493 = DIRECTION('',(0.,1.));
#13494 = ( GEOMETRIC_REPRESENTATION_CONTEXT(2) 
PARAMETRIC_REPRESENTATION_CONTEXT() REPRESENTATION_CONTEXT('2D SPACE',''
  ) );
#13495 = PCURVE('',#13496,#13501);
#13496 = PLANE('',#13497);
#13497 = AXIS2_PLACEMENT_3D('',#13498,#13499,#13500);
#13498 = CARTESIAN_POINT('',(-39.855,31.6,13.4));
#13499 = DIRECTION('',(0.,0.,1.));
#13500 = DIRECTION('',(1.,0.,0.));
#13501 = DEFINITIONAL_REPRESENTATION('',(#13502),#13506);
#13502 = LINE('',#13503,#13504);
#13503 = CARTESIAN_POINT('',(0.,2.8));
#13504 = VECTOR('',#13505,1.);
#13505 = DIRECTION('',(1.,0.));
#13506 = ( GEOMETRIC_REPRESENTATION_CONTEXT(2) 
PARAMETRIC_REPRESENTATION_CONTEXT() REPRESENTATION_CONTEXT('2D SPACE',''
  ) );
#13507 = ORIENTED_EDGE('',*,*,#13508,.T.);
#13508 = EDGE_CURVE('',#13481,#13326,#13509,.T.);
#13509 = SURFACE_CURVE('',#13510,(#13514,#13521),.PCURVE_S1.);
#13510 = LINE('',#13511,#13512);
#13511 = CARTESIAN_POINT('',(-31.,34.4,13.4));
#13512 = VECTOR('',#13513,1.);
#13513 = DIRECTION('',(0.,0.,-1.));
#13514 = PCURVE('',#12537,#13515);
#13515 = DEFINITIONAL_REPRESENTATION('',(#13516),#13520);
#13516 = LINE('',#13517,#13518);
#13517 = CARTESIAN_POINT('',(10.8,8.855));
#13518 = VECTOR('',#13519,1.);
#13519 = DIRECTION('',(-1.,0.));
#13520 = ( GEOMETRIC_REPRESENTATION_CONTEXT(2) 
PARAMETRIC_REPRESENTATION_CONTEXT() REPRESENTATION_CONTEXT('2D SPACE',''
  ) );
#13521 = PCURVE('',#13060,#13522);
#13522 = DEFINITIONAL_REPRESENTATION('',(#13523),#13527);
#13523 = LINE('',#13524,#13525);
#13524 = CARTESIAN_POINT('',(10.8,-26.));
#13525 = VECTOR('',#13526,1.);
#13526 = DIRECTION('',(-1.,0.));
#13527 = ( GEOMETRIC_REPRESENTATION_CONTEXT(2) 
PARAMETRIC_REPRESENTATION_CONTEXT() REPRESENTATION_CONTEXT('2D SPACE',''
  ) );
#13528 = ORIENTED_EDGE('',*,*,#13348,.T.);
#13529 = ADVANCED_FACE('',(#13530),#12565,.T.);
#13530 = FACE_BOUND('',#13531,.T.);
#13531 = EDGE_LOOP('',(#13532,#13533,#13556,#13577));
#13532 = ORIENTED_EDGE('',*,*,#12549,.F.);
#13533 = ORIENTED_EDGE('',*,*,#13534,.T.);
#13534 = EDGE_CURVE('',#12550,#13535,#13537,.T.);
#13535 = VERTEX_POINT('',#13536);
#13536 = CARTESIAN_POINT('',(-34.455,6.4,41.31));
#13537 = SURFACE_CURVE('',#13538,(#13542,#13549),.PCURVE_S1.);
#13538 = LINE('',#13539,#13540);
#13539 = CARTESIAN_POINT('',(-39.855,6.4,41.31));
#13540 = VECTOR('',#13541,1.);
#13541 = DIRECTION('',(1.,0.,0.));
#13542 = PCURVE('',#12565,#13543);
#13543 = DEFINITIONAL_REPRESENTATION('',(#13544),#13548);
#13544 = LINE('',#13545,#13546);
#13545 = CARTESIAN_POINT('',(-7.105427357601E-15,-2.));
#13546 = VECTOR('',#13547,1.);
#13547 = DIRECTION('',(1.,0.));
#13548 = ( GEOMETRIC_REPRESENTATION_CONTEXT(2) 
PARAMETRIC_REPRESENTATION_CONTEXT() REPRESENTATION_CONTEXT('2D SPACE',''
  ) );
#13549 = PCURVE('',#12593,#13550);
#13550 = DEFINITIONAL_REPRESENTATION('',(#13551),#13555);
#13551 = LINE('',#13552,#13553);
#13552 = CARTESIAN_POINT('',(35.91,0.));
#13553 = VECTOR('',#13554,1.);
#13554 = DIRECTION('',(0.,1.));
#13555 = ( GEOMETRIC_REPRESENTATION_CONTEXT(2) 
PARAMETRIC_REPRESENTATION_CONTEXT() REPRESENTATION_CONTEXT('2D SPACE',''
  ) );
#13556 = ORIENTED_EDGE('',*,*,#13557,.T.);
#13557 = EDGE_CURVE('',#13535,#13374,#13558,.T.);
#13558 = SURFACE_CURVE('',#13559,(#13563,#13570),.PCURVE_S1.);
#13559 = LINE('',#13560,#13561);
#13560 = CARTESIAN_POINT('',(-34.455,6.4,41.31));
#13561 = VECTOR('',#13562,1.);
#13562 = DIRECTION('',(0.,1.,0.));
#13563 = PCURVE('',#12565,#13564);
#13564 = DEFINITIONAL_REPRESENTATION('',(#13565),#13569);
#13565 = LINE('',#13566,#13567);
#13566 = CARTESIAN_POINT('',(5.4,-2.));
#13567 = VECTOR('',#13568,1.);
#13568 = DIRECTION('',(0.,1.));
#13569 = ( GEOMETRIC_REPRESENTATION_CONTEXT(2) 
PARAMETRIC_REPRESENTATION_CONTEXT() REPRESENTATION_CONTEXT('2D SPACE',''
  ) );
#13570 = PCURVE('',#13412,#13571);
#13571 = DEFINITIONAL_REPRESENTATION('',(#13572),#13576);
#13572 = LINE('',#13573,#13574);
#13573 = CARTESIAN_POINT('',(35.91,0.));
#13574 = VECTOR('',#13575,1.);
#13575 = DIRECTION('',(0.,-1.));
#13576 = ( GEOMETRIC_REPRESENTATION_CONTEXT(2) 
PARAMETRIC_REPRESENTATION_CONTEXT() REPRESENTATION_CONTEXT('2D SPACE',''
  ) );
#13577 = ORIENTED_EDGE('',*,*,#13373,.T.);
#13578 = ADVANCED_FACE('',(#13579),#12593,.F.);
#13579 = FACE_BOUND('',#13580,.F.);
#13580 = EDGE_LOOP('',(#13581,#13604,#13605,#13606,#13629));
#13581 = ORIENTED_EDGE('',*,*,#13582,.F.);
#13582 = EDGE_CURVE('',#12578,#13583,#13585,.T.);
#13583 = VERTEX_POINT('',#13584);
#13584 = CARTESIAN_POINT('',(-37.855,6.4,5.4));
#13585 = SURFACE_CURVE('',#13586,(#13590,#13597),.PCURVE_S1.);
#13586 = LINE('',#13587,#13588);
#13587 = CARTESIAN_POINT('',(-39.855,6.4,5.4));
#13588 = VECTOR('',#13589,1.);
#13589 = DIRECTION('',(1.,0.,0.));
#13590 = PCURVE('',#12593,#13591);
#13591 = DEFINITIONAL_REPRESENTATION('',(#13592),#13596);
#13592 = LINE('',#13593,#13594);
#13593 = CARTESIAN_POINT('',(0.,0.));
#13594 = VECTOR('',#13595,1.);
#13595 = DIRECTION('',(0.,1.));
#13596 = ( GEOMETRIC_REPRESENTATION_CONTEXT(2) 
PARAMETRIC_REPRESENTATION_CONTEXT() REPRESENTATION_CONTEXT('2D SPACE',''
  ) );
#13597 = PCURVE('',#12621,#13598);
#13598 = DEFINITIONAL_REPRESENTATION('',(#13599),#13603);
#13599 = LINE('',#13600,#13601);
#13600 = CARTESIAN_POINT('',(0.,0.));
#13601 = VECTOR('',#13602,1.);
#13602 = DIRECTION('',(1.,0.));
#13603 = ( GEOMETRIC_REPRESENTATION_CONTEXT(2) 
PARAMETRIC_REPRESENTATION_CONTEXT() REPRESENTATION_CONTEXT('2D SPACE',''
  ) );
#13604 = ORIENTED_EDGE('',*,*,#12577,.T.);
#13605 = ORIENTED_EDGE('',*,*,#13534,.T.);
#13606 = ORIENTED_EDGE('',*,*,#13607,.F.);
#13607 = EDGE_CURVE('',#13608,#13535,#13610,.T.);
#13608 = VERTEX_POINT('',#13609);
#13609 = CARTESIAN_POINT('',(-34.455,6.4,5.4));
#13610 = SURFACE_CURVE('',#13611,(#13615,#13622),.PCURVE_S1.);
#13611 = LINE('',#13612,#13613);
#13612 = CARTESIAN_POINT('',(-34.455,6.4,5.4));
#13613 = VECTOR('',#13614,1.);
#13614 = DIRECTION('',(0.,0.,1.));
#13615 = PCURVE('',#12593,#13616);
#13616 = DEFINITIONAL_REPRESENTATION('',(#13617),#13621);
#13617 = LINE('',#13618,#13619);
#13618 = CARTESIAN_POINT('',(0.,5.4));
#13619 = VECTOR('',#13620,1.);
#13620 = DIRECTION('',(1.,0.));
#13621 = ( GEOMETRIC_REPRESENTATION_CONTEXT(2) 
PARAMETRIC_REPRESENTATION_CONTEXT() REPRESENTATION_CONTEXT('2D SPACE',''
  ) );
#13622 = PCURVE('',#13412,#13623);
#13623 = DEFINITIONAL_REPRESENTATION('',(#13624),#13628);
#13624 = LINE('',#13625,#13626);
#13625 = CARTESIAN_POINT('',(0.,0.));
#13626 = VECTOR('',#13627,1.);
#13627 = DIRECTION('',(1.,0.));
#13628 = ( GEOMETRIC_REPRESENTATION_CONTEXT(2) 
PARAMETRIC_REPRESENTATION_CONTEXT() REPRESENTATION_CONTEXT('2D SPACE',''
  ) );
#13629 = ORIENTED_EDGE('',*,*,#13630,.F.);
#13630 = EDGE_CURVE('',#13583,#13608,#13631,.T.);
#13631 = SURFACE_CURVE('',#13632,(#13636,#13643),.PCURVE_S1.);
#13632 = LINE('',#13633,#13634);
#13633 = CARTESIAN_POINT('',(-39.855,6.4,5.4));
#13634 = VECTOR('',#13635,1.);
#13635 = DIRECTION('',(1.,0.,0.));
#13636 = PCURVE('',#12593,#13637);
#13637 = DEFINITIONAL_REPRESENTATION('',(#13638),#13642);
#13638 = LINE('',#13639,#13640);
#13639 = CARTESIAN_POINT('',(0.,0.));
#13640 = VECTOR('',#13641,1.);
#13641 = DIRECTION('',(0.,1.));
#13642 = ( GEOMETRIC_REPRESENTATION_CONTEXT(2) 
PARAMETRIC_REPRESENTATION_CONTEXT() REPRESENTATION_CONTEXT('2D SPACE',''
  ) );
#13643 = PCURVE('',#12787,#13644);
#13644 = DEFINITIONAL_REPRESENTATION('',(#13645),#13649);
#13645 = LINE('',#13646,#13647);
#13646 = CARTESIAN_POINT('',(-7.105427357601E-15,2.4));
#13647 = VECTOR('',#13648,1.);
#13648 = DIRECTION('',(1.,0.));
#13649 = ( GEOMETRIC_REPRESENTATION_CONTEXT(2) 
PARAMETRIC_REPRESENTATION_CONTEXT() REPRESENTATION_CONTEXT('2D SPACE',''
  ) );
#13650 = ADVANCED_FACE('',(#13651),#12621,.F.);
#13651 = FACE_BOUND('',#13652,.F.);
#13652 = EDGE_LOOP('',(#13653,#13676,#13677,#13678));
#13653 = ORIENTED_EDGE('',*,*,#13654,.F.);
#13654 = EDGE_CURVE('',#12606,#13655,#13657,.T.);
#13655 = VERTEX_POINT('',#13656);
#13656 = CARTESIAN_POINT('',(-37.855,8.4,5.4));
#13657 = SURFACE_CURVE('',#13658,(#13662,#13669),.PCURVE_S1.);
#13658 = LINE('',#13659,#13660);
#13659 = CARTESIAN_POINT('',(-39.855,8.4,5.4));
#13660 = VECTOR('',#13661,1.);
#13661 = DIRECTION('',(1.,0.,0.));
#13662 = PCURVE('',#12621,#13663);
#13663 = DEFINITIONAL_REPRESENTATION('',(#13664),#13668);
#13664 = LINE('',#13665,#13666);
#13665 = CARTESIAN_POINT('',(0.,2.));
#13666 = VECTOR('',#13667,1.);
#13667 = DIRECTION('',(1.,0.));
#13668 = ( GEOMETRIC_REPRESENTATION_CONTEXT(2) 
PARAMETRIC_REPRESENTATION_CONTEXT() REPRESENTATION_CONTEXT('2D SPACE',''
  ) );
#13669 = PCURVE('',#12649,#13670);
#13670 = DEFINITIONAL_REPRESENTATION('',(#13671),#13675);
#13671 = LINE('',#13672,#13673);
#13672 = CARTESIAN_POINT('',(2.8,-1.42108547152E-14));
#13673 = VECTOR('',#13674,1.);
#13674 = DIRECTION('',(0.,1.));
#13675 = ( GEOMETRIC_REPRESENTATION_CONTEXT(2) 
PARAMETRIC_REPRESENTATION_CONTEXT() REPRESENTATION_CONTEXT('2D SPACE',''
  ) );
#13676 = ORIENTED_EDGE('',*,*,#12605,.F.);
#13677 = ORIENTED_EDGE('',*,*,#13582,.T.);
#13678 = ORIENTED_EDGE('',*,*,#13679,.T.);
#13679 = EDGE_CURVE('',#13583,#13655,#13680,.T.);
#13680 = SURFACE_CURVE('',#13681,(#13685,#13692),.PCURVE_S1.);
#13681 = LINE('',#13682,#13683);
#13682 = CARTESIAN_POINT('',(-37.855,4.,5.4));
#13683 = VECTOR('',#13684,1.);
#13684 = DIRECTION('',(0.,1.,0.));
#13685 = PCURVE('',#12621,#13686);
#13686 = DEFINITIONAL_REPRESENTATION('',(#13687),#13691);
#13687 = LINE('',#13688,#13689);
#13688 = CARTESIAN_POINT('',(2.,-2.4));
#13689 = VECTOR('',#13690,1.);
#13690 = DIRECTION('',(0.,1.));
#13691 = ( GEOMETRIC_REPRESENTATION_CONTEXT(2) 
PARAMETRIC_REPRESENTATION_CONTEXT() REPRESENTATION_CONTEXT('2D SPACE',''
  ) );
#13692 = PCURVE('',#12675,#13693);
#13693 = DEFINITIONAL_REPRESENTATION('',(#13694),#13698);
#13694 = LINE('',#13695,#13696);
#13695 = CARTESIAN_POINT('',(1.570796326795,0.));
#13696 = VECTOR('',#13697,1.);
#13697 = DIRECTION('',(0.,1.));
#13698 = ( GEOMETRIC_REPRESENTATION_CONTEXT(2) 
PARAMETRIC_REPRESENTATION_CONTEXT() REPRESENTATION_CONTEXT('2D SPACE',''
  ) );
#13699 = ADVANCED_FACE('',(#13700),#12649,.F.);
#13700 = FACE_BOUND('',#13701,.F.);
#13701 = EDGE_LOOP('',(#13702,#13724,#13725));
#13702 = ORIENTED_EDGE('',*,*,#13703,.F.);
#13703 = EDGE_CURVE('',#12634,#13655,#13704,.T.);
#13704 = SURFACE_CURVE('',#13705,(#13710,#13717),.PCURVE_S1.);
#13705 = CIRCLE('',#13706,2.);
#13706 = AXIS2_PLACEMENT_3D('',#13707,#13708,#13709);
#13707 = CARTESIAN_POINT('',(-37.855,8.4,3.4));
#13708 = DIRECTION('',(0.,1.,0.));
#13709 = DIRECTION('',(0.,-0.,1.));
#13710 = PCURVE('',#12649,#13711);
#13711 = DEFINITIONAL_REPRESENTATION('',(#13712),#13716);
#13712 = CIRCLE('',#13713,2.);
#13713 = AXIS2_PLACEMENT_2D('',#13714,#13715);
#13714 = CARTESIAN_POINT('',(0.8,2.));
#13715 = DIRECTION('',(1.,0.));
#13716 = ( GEOMETRIC_REPRESENTATION_CONTEXT(2) 
PARAMETRIC_REPRESENTATION_CONTEXT() REPRESENTATION_CONTEXT('2D SPACE',''
  ) );
#13717 = PCURVE('',#12675,#13718);
#13718 = DEFINITIONAL_REPRESENTATION('',(#13719),#13723);
#13719 = LINE('',#13720,#13721);
#13720 = CARTESIAN_POINT('',(-4.712388980385,4.4));
#13721 = VECTOR('',#13722,1.);
#13722 = DIRECTION('',(1.,0.));
#13723 = ( GEOMETRIC_REPRESENTATION_CONTEXT(2) 
PARAMETRIC_REPRESENTATION_CONTEXT() REPRESENTATION_CONTEXT('2D SPACE',''
  ) );
#13724 = ORIENTED_EDGE('',*,*,#12633,.T.);
#13725 = ORIENTED_EDGE('',*,*,#13654,.T.);
#13726 = ADVANCED_FACE('',(#13727),#12675,.T.);
#13727 = FACE_BOUND('',#13728,.T.);
#13728 = EDGE_LOOP('',(#13729,#13730,#13751,#13752,#13753));
#13729 = ORIENTED_EDGE('',*,*,#12747,.T.);
#13730 = ORIENTED_EDGE('',*,*,#13731,.T.);
#13731 = EDGE_CURVE('',#12748,#13583,#13732,.T.);
#13732 = SURFACE_CURVE('',#13733,(#13737,#13744),.PCURVE_S1.);
#13733 = LINE('',#13734,#13735);
#13734 = CARTESIAN_POINT('',(-37.855,4.,5.4));
#13735 = VECTOR('',#13736,1.);
#13736 = DIRECTION('',(0.,1.,0.));
#13737 = PCURVE('',#12675,#13738);
#13738 = DEFINITIONAL_REPRESENTATION('',(#13739),#13743);
#13739 = LINE('',#13740,#13741);
#13740 = CARTESIAN_POINT('',(1.570796326795,0.));
#13741 = VECTOR('',#13742,1.);
#13742 = DIRECTION('',(0.,1.));
#13743 = ( GEOMETRIC_REPRESENTATION_CONTEXT(2) 
PARAMETRIC_REPRESENTATION_CONTEXT() REPRESENTATION_CONTEXT('2D SPACE',''
  ) );
#13744 = PCURVE('',#12787,#13745);
#13745 = DEFINITIONAL_REPRESENTATION('',(#13746),#13750);
#13746 = LINE('',#13747,#13748);
#13747 = CARTESIAN_POINT('',(2.,0.));
#13748 = VECTOR('',#13749,1.);
#13749 = DIRECTION('',(0.,1.));
#13750 = ( GEOMETRIC_REPRESENTATION_CONTEXT(2) 
PARAMETRIC_REPRESENTATION_CONTEXT() REPRESENTATION_CONTEXT('2D SPACE',''
  ) );
#13751 = ORIENTED_EDGE('',*,*,#13679,.T.);
#13752 = ORIENTED_EDGE('',*,*,#13703,.F.);
#13753 = ORIENTED_EDGE('',*,*,#12661,.F.);
#13754 = ADVANCED_FACE('',(#13755),#12708,.F.);
#13755 = FACE_BOUND('',#13756,.F.);
#13756 = EDGE_LOOP('',(#13757,#13758,#13759,#13760));
#13757 = ORIENTED_EDGE('',*,*,#12996,.F.);
#13758 = ORIENTED_EDGE('',*,*,#12943,.F.);
#13759 = ORIENTED_EDGE('',*,*,#12690,.T.);
#13760 = ORIENTED_EDGE('',*,*,#13761,.T.);
#13761 = EDGE_CURVE('',#12693,#12997,#13762,.T.);
#13762 = SURFACE_CURVE('',#13763,(#13767,#13774),.PCURVE_S1.);
#13763 = LINE('',#13764,#13765);
#13764 = CARTESIAN_POINT('',(37.855,4.,-24.));
#13765 = VECTOR('',#13766,1.);
#13766 = DIRECTION('',(0.,1.,0.));
#13767 = PCURVE('',#12708,#13768);
#13768 = DEFINITIONAL_REPRESENTATION('',(#13769),#13773);
#13769 = LINE('',#13770,#13771);
#13770 = CARTESIAN_POINT('',(77.71,0.));
#13771 = VECTOR('',#13772,1.);
#13772 = DIRECTION('',(0.,1.));
#13773 = ( GEOMETRIC_REPRESENTATION_CONTEXT(2) 
PARAMETRIC_REPRESENTATION_CONTEXT() REPRESENTATION_CONTEXT('2D SPACE',''
  ) );
#13774 = PCURVE('',#12927,#13775);
#13775 = DEFINITIONAL_REPRESENTATION('',(#13776),#13780);
#13776 = LINE('',#13777,#13778);
#13777 = CARTESIAN_POINT('',(1.570796326795,0.));
#13778 = VECTOR('',#13779,1.);
#13779 = DIRECTION('',(0.,1.));
#13780 = ( GEOMETRIC_REPRESENTATION_CONTEXT(2) 
PARAMETRIC_REPRESENTATION_CONTEXT() REPRESENTATION_CONTEXT('2D SPACE',''
  ) );
#13781 = ADVANCED_FACE('',(#13782),#12927,.T.);
#13782 = FACE_BOUND('',#13783,.T.);
#13783 = EDGE_LOOP('',(#13784,#13785,#13786,#13787));
#13784 = ORIENTED_EDGE('',*,*,#12912,.T.);
#13785 = ORIENTED_EDGE('',*,*,#13761,.T.);
#13786 = ORIENTED_EDGE('',*,*,#13174,.F.);
#13787 = ORIENTED_EDGE('',*,*,#13788,.F.);
#13788 = EDGE_CURVE('',#12885,#13152,#13789,.T.);
#13789 = SURFACE_CURVE('',#13790,(#13794,#13801),.PCURVE_S1.);
#13790 = LINE('',#13791,#13792);
#13791 = CARTESIAN_POINT('',(39.855,4.,-22.));
#13792 = VECTOR('',#13793,1.);
#13793 = DIRECTION('',(0.,1.,0.));
#13794 = PCURVE('',#12927,#13795);
#13795 = DEFINITIONAL_REPRESENTATION('',(#13796),#13800);
#13796 = LINE('',#13797,#13798);
#13797 = CARTESIAN_POINT('',(0.,0.));
#13798 = VECTOR('',#13799,1.);
#13799 = DIRECTION('',(0.,1.));
#13800 = ( GEOMETRIC_REPRESENTATION_CONTEXT(2) 
PARAMETRIC_REPRESENTATION_CONTEXT() REPRESENTATION_CONTEXT('2D SPACE',''
  ) );
#13801 = PCURVE('',#12900,#13802);
#13802 = DEFINITIONAL_REPRESENTATION('',(#13803),#13807);
#13803 = LINE('',#13804,#13805);
#13804 = CARTESIAN_POINT('',(2.,0.));
#13805 = VECTOR('',#13806,1.);
#13806 = DIRECTION('',(0.,-1.));
#13807 = ( GEOMETRIC_REPRESENTATION_CONTEXT(2) 
PARAMETRIC_REPRESENTATION_CONTEXT() REPRESENTATION_CONTEXT('2D SPACE',''
  ) );
#13808 = ADVANCED_FACE('',(#13809),#12900,.T.);
#13809 = FACE_BOUND('',#13810,.T.);
#13810 = EDGE_LOOP('',(#13811,#13812,#13813,#13814,#13837,#13865,#13893,
    #13921,#13949,#13977));
#13811 = ORIENTED_EDGE('',*,*,#12884,.F.);
#13812 = ORIENTED_EDGE('',*,*,#13788,.T.);
#13813 = ORIENTED_EDGE('',*,*,#13151,.T.);
#13814 = ORIENTED_EDGE('',*,*,#13815,.T.);
#13815 = EDGE_CURVE('',#13124,#13816,#13818,.T.);
#13816 = VERTEX_POINT('',#13817);
#13817 = CARTESIAN_POINT('',(39.855,34.4,2.6));
#13818 = SURFACE_CURVE('',#13819,(#13823,#13830),.PCURVE_S1.);
#13819 = LINE('',#13820,#13821);
#13820 = CARTESIAN_POINT('',(39.855,8.4,2.6));
#13821 = VECTOR('',#13822,1.);
#13822 = DIRECTION('',(0.,1.,0.));
#13823 = PCURVE('',#12900,#13824);
#13824 = DEFINITIONAL_REPRESENTATION('',(#13825),#13829);
#13825 = LINE('',#13826,#13827);
#13826 = CARTESIAN_POINT('',(26.6,-4.4));
#13827 = VECTOR('',#13828,1.);
#13828 = DIRECTION('',(0.,-1.));
#13829 = ( GEOMETRIC_REPRESENTATION_CONTEXT(2) 
PARAMETRIC_REPRESENTATION_CONTEXT() REPRESENTATION_CONTEXT('2D SPACE',''
  ) );
#13830 = PCURVE('',#13139,#13831);
#13831 = DEFINITIONAL_REPRESENTATION('',(#13832),#13836);
#13832 = LINE('',#13833,#13834);
#13833 = CARTESIAN_POINT('',(8.855,0.));
#13834 = VECTOR('',#13835,1.);
#13835 = DIRECTION('',(0.,1.));
#13836 = ( GEOMETRIC_REPRESENTATION_CONTEXT(2) 
PARAMETRIC_REPRESENTATION_CONTEXT() REPRESENTATION_CONTEXT('2D SPACE',''
  ) );
#13837 = ORIENTED_EDGE('',*,*,#13838,.T.);
#13838 = EDGE_CURVE('',#13816,#13839,#13841,.T.);
#13839 = VERTEX_POINT('',#13840);
#13840 = CARTESIAN_POINT('',(39.855,34.4,41.31));
#13841 = SURFACE_CURVE('',#13842,(#13846,#13853),.PCURVE_S1.);
#13842 = LINE('',#13843,#13844);
#13843 = CARTESIAN_POINT('',(39.855,34.4,2.6));
#13844 = VECTOR('',#13845,1.);
#13845 = DIRECTION('',(3.671106875537E-16,0.,1.));
#13846 = PCURVE('',#12900,#13847);
#13847 = DEFINITIONAL_REPRESENTATION('',(#13848),#13852);
#13848 = LINE('',#13849,#13850);
#13849 = CARTESIAN_POINT('',(26.6,-30.4));
#13850 = VECTOR('',#13851,1.);
#13851 = DIRECTION('',(1.,0.));
#13852 = ( GEOMETRIC_REPRESENTATION_CONTEXT(2) 
PARAMETRIC_REPRESENTATION_CONTEXT() REPRESENTATION_CONTEXT('2D SPACE',''
  ) );
#13853 = PCURVE('',#13854,#13859);
#13854 = PLANE('',#13855);
#13855 = AXIS2_PLACEMENT_3D('',#13856,#13857,#13858);
#13856 = CARTESIAN_POINT('',(31.,34.4,2.6));
#13857 = DIRECTION('',(0.,1.,0.));
#13858 = DIRECTION('',(0.,0.,1.));
#13859 = DEFINITIONAL_REPRESENTATION('',(#13860),#13864);
#13860 = LINE('',#13861,#13862);
#13861 = CARTESIAN_POINT('',(0.,8.855));
#13862 = VECTOR('',#13863,1.);
#13863 = DIRECTION('',(1.,3.671106875537E-16));
#13864 = ( GEOMETRIC_REPRESENTATION_CONTEXT(2) 
PARAMETRIC_REPRESENTATION_CONTEXT() REPRESENTATION_CONTEXT('2D SPACE',''
  ) );
#13865 = ORIENTED_EDGE('',*,*,#13866,.T.);
#13866 = EDGE_CURVE('',#13839,#13867,#13869,.T.);
#13867 = VERTEX_POINT('',#13868);
#13868 = CARTESIAN_POINT('',(39.855,6.4,41.31));
#13869 = SURFACE_CURVE('',#13870,(#13874,#13881),.PCURVE_S1.);
#13870 = LINE('',#13871,#13872);
#13871 = CARTESIAN_POINT('',(39.855,34.4,41.31));
#13872 = VECTOR('',#13873,1.);
#13873 = DIRECTION('',(0.,-1.,0.));
#13874 = PCURVE('',#12900,#13875);
#13875 = DEFINITIONAL_REPRESENTATION('',(#13876),#13880);
#13876 = LINE('',#13877,#13878);
#13877 = CARTESIAN_POINT('',(65.31,-30.4));
#13878 = VECTOR('',#13879,1.);
#13879 = DIRECTION('',(0.,1.));
#13880 = ( GEOMETRIC_REPRESENTATION_CONTEXT(2) 
PARAMETRIC_REPRESENTATION_CONTEXT() REPRESENTATION_CONTEXT('2D SPACE',''
  ) );
#13881 = PCURVE('',#13882,#13887);
#13882 = PLANE('',#13883);
#13883 = AXIS2_PLACEMENT_3D('',#13884,#13885,#13886);
#13884 = CARTESIAN_POINT('',(37.055,8.4,41.31));
#13885 = DIRECTION('',(0.,0.,1.));
#13886 = DIRECTION('',(1.,0.,0.));
#13887 = DEFINITIONAL_REPRESENTATION('',(#13888),#13892);
#13888 = LINE('',#13889,#13890);
#13889 = CARTESIAN_POINT('',(2.8,26.));
#13890 = VECTOR('',#13891,1.);
#13891 = DIRECTION('',(0.,-1.));
#13892 = ( GEOMETRIC_REPRESENTATION_CONTEXT(2) 
PARAMETRIC_REPRESENTATION_CONTEXT() REPRESENTATION_CONTEXT('2D SPACE',''
  ) );
#13893 = ORIENTED_EDGE('',*,*,#13894,.F.);
#13894 = EDGE_CURVE('',#13895,#13867,#13897,.T.);
#13895 = VERTEX_POINT('',#13896);
#13896 = CARTESIAN_POINT('',(39.855,6.4,5.4));
#13897 = SURFACE_CURVE('',#13898,(#13902,#13909),.PCURVE_S1.);
#13898 = LINE('',#13899,#13900);
#13899 = CARTESIAN_POINT('',(39.855,6.4,5.4));
#13900 = VECTOR('',#13901,1.);
#13901 = DIRECTION('',(0.,0.,1.));
#13902 = PCURVE('',#12900,#13903);
#13903 = DEFINITIONAL_REPRESENTATION('',(#13904),#13908);
#13904 = LINE('',#13905,#13906);
#13905 = CARTESIAN_POINT('',(29.4,-2.4));
#13906 = VECTOR('',#13907,1.);
#13907 = DIRECTION('',(1.,0.));
#13908 = ( GEOMETRIC_REPRESENTATION_CONTEXT(2) 
PARAMETRIC_REPRESENTATION_CONTEXT() REPRESENTATION_CONTEXT('2D SPACE',''
  ) );
#13909 = PCURVE('',#13910,#13915);
#13910 = PLANE('',#13911);
#13911 = AXIS2_PLACEMENT_3D('',#13912,#13913,#13914);
#13912 = CARTESIAN_POINT('',(34.455,6.4,5.4));
#13913 = DIRECTION('',(0.,1.,0.));
#13914 = DIRECTION('',(0.,0.,1.));
#13915 = DEFINITIONAL_REPRESENTATION('',(#13916),#13920);
#13916 = LINE('',#13917,#13918);
#13917 = CARTESIAN_POINT('',(0.,5.4));
#13918 = VECTOR('',#13919,1.);
#13919 = DIRECTION('',(1.,0.));
#13920 = ( GEOMETRIC_REPRESENTATION_CONTEXT(2) 
PARAMETRIC_REPRESENTATION_CONTEXT() REPRESENTATION_CONTEXT('2D SPACE',''
  ) );
#13921 = ORIENTED_EDGE('',*,*,#13922,.T.);
#13922 = EDGE_CURVE('',#13895,#13923,#13925,.T.);
#13923 = VERTEX_POINT('',#13924);
#13924 = CARTESIAN_POINT('',(39.855,8.4,5.4));
#13925 = SURFACE_CURVE('',#13926,(#13930,#13937),.PCURVE_S1.);
#13926 = LINE('',#13927,#13928);
#13927 = CARTESIAN_POINT('',(39.855,6.4,5.4));
#13928 = VECTOR('',#13929,1.);
#13929 = DIRECTION('',(0.,1.,0.));
#13930 = PCURVE('',#12900,#13931);
#13931 = DEFINITIONAL_REPRESENTATION('',(#13932),#13936);
#13932 = LINE('',#13933,#13934);
#13933 = CARTESIAN_POINT('',(29.4,-2.4));
#13934 = VECTOR('',#13935,1.);
#13935 = DIRECTION('',(0.,-1.));
#13936 = ( GEOMETRIC_REPRESENTATION_CONTEXT(2) 
PARAMETRIC_REPRESENTATION_CONTEXT() REPRESENTATION_CONTEXT('2D SPACE',''
  ) );
#13937 = PCURVE('',#13938,#13943);
#13938 = PLANE('',#13939);
#13939 = AXIS2_PLACEMENT_3D('',#13940,#13941,#13942);
#13940 = CARTESIAN_POINT('',(34.455,6.4,5.4));
#13941 = DIRECTION('',(0.,0.,1.));
#13942 = DIRECTION('',(1.,0.,0.));
#13943 = DEFINITIONAL_REPRESENTATION('',(#13944),#13948);
#13944 = LINE('',#13945,#13946);
#13945 = CARTESIAN_POINT('',(5.4,0.));
#13946 = VECTOR('',#13947,1.);
#13947 = DIRECTION('',(0.,1.));
#13948 = ( GEOMETRIC_REPRESENTATION_CONTEXT(2) 
PARAMETRIC_REPRESENTATION_CONTEXT() REPRESENTATION_CONTEXT('2D SPACE',''
  ) );
#13949 = ORIENTED_EDGE('',*,*,#13950,.T.);
#13950 = EDGE_CURVE('',#13923,#13951,#13953,.T.);
#13951 = VERTEX_POINT('',#13952);
#13952 = CARTESIAN_POINT('',(39.855,8.4,3.4));
#13953 = SURFACE_CURVE('',#13954,(#13958,#13965),.PCURVE_S1.);
#13954 = LINE('',#13955,#13956);
#13955 = CARTESIAN_POINT('',(39.855,8.4,41.31));
#13956 = VECTOR('',#13957,1.);
#13957 = DIRECTION('',(0.,4.685721021895E-17,-1.));
#13958 = PCURVE('',#12900,#13959);
#13959 = DEFINITIONAL_REPRESENTATION('',(#13960),#13964);
#13960 = LINE('',#13961,#13962);
#13961 = CARTESIAN_POINT('',(65.31,-4.4));
#13962 = VECTOR('',#13963,1.);
#13963 = DIRECTION('',(-1.,-4.685721021895E-17));
#13964 = ( GEOMETRIC_REPRESENTATION_CONTEXT(2) 
PARAMETRIC_REPRESENTATION_CONTEXT() REPRESENTATION_CONTEXT('2D SPACE',''
  ) );
#13965 = PCURVE('',#13966,#13971);
#13966 = PLANE('',#13967);
#13967 = AXIS2_PLACEMENT_3D('',#13968,#13969,#13970);
#13968 = CARTESIAN_POINT('',(31.,8.4,2.6));
#13969 = DIRECTION('',(0.,1.,0.));
#13970 = DIRECTION('',(0.,0.,1.));
#13971 = DEFINITIONAL_REPRESENTATION('',(#13972),#13976);
#13972 = LINE('',#13973,#13974);
#13973 = CARTESIAN_POINT('',(38.71,8.855));
#13974 = VECTOR('',#13975,1.);
#13975 = DIRECTION('',(-1.,0.));
#13976 = ( GEOMETRIC_REPRESENTATION_CONTEXT(2) 
PARAMETRIC_REPRESENTATION_CONTEXT() REPRESENTATION_CONTEXT('2D SPACE',''
  ) );
#13977 = ORIENTED_EDGE('',*,*,#13978,.F.);
#13978 = EDGE_CURVE('',#12852,#13951,#13979,.T.);
#13979 = SURFACE_CURVE('',#13980,(#13984,#13991),.PCURVE_S1.);
#13980 = LINE('',#13981,#13982);
#13981 = CARTESIAN_POINT('',(39.855,4.,3.4));
#13982 = VECTOR('',#13983,1.);
#13983 = DIRECTION('',(0.,1.,0.));
#13984 = PCURVE('',#12900,#13985);
#13985 = DEFINITIONAL_REPRESENTATION('',(#13986),#13990);
#13986 = LINE('',#13987,#13988);
#13987 = CARTESIAN_POINT('',(27.4,0.));
#13988 = VECTOR('',#13989,1.);
#13989 = DIRECTION('',(0.,-1.));
#13990 = ( GEOMETRIC_REPRESENTATION_CONTEXT(2) 
PARAMETRIC_REPRESENTATION_CONTEXT() REPRESENTATION_CONTEXT('2D SPACE',''
  ) );
#13991 = PCURVE('',#12872,#13992);
#13992 = DEFINITIONAL_REPRESENTATION('',(#13993),#13997);
#13993 = LINE('',#13994,#13995);
#13994 = CARTESIAN_POINT('',(-0.,0.));
#13995 = VECTOR('',#13996,1.);
#13996 = DIRECTION('',(-0.,1.));
#13997 = ( GEOMETRIC_REPRESENTATION_CONTEXT(2) 
PARAMETRIC_REPRESENTATION_CONTEXT() REPRESENTATION_CONTEXT('2D SPACE',''
  ) );
#13998 = ADVANCED_FACE('',(#13999),#12872,.T.);
#13999 = FACE_BOUND('',#14000,.F.);
#14000 = EDGE_LOOP('',(#14001,#14002,#14025,#14048,#14074));
#14001 = ORIENTED_EDGE('',*,*,#12851,.T.);
#14002 = ORIENTED_EDGE('',*,*,#14003,.T.);
#14003 = EDGE_CURVE('',#12829,#14004,#14006,.T.);
#14004 = VERTEX_POINT('',#14005);
#14005 = CARTESIAN_POINT('',(37.855,6.4,5.4));
#14006 = SURFACE_CURVE('',#14007,(#14011,#14018),.PCURVE_S1.);
#14007 = LINE('',#14008,#14009);
#14008 = CARTESIAN_POINT('',(37.855,4.,5.4));
#14009 = VECTOR('',#14010,1.);
#14010 = DIRECTION('',(0.,1.,0.));
#14011 = PCURVE('',#12872,#14012);
#14012 = DEFINITIONAL_REPRESENTATION('',(#14013),#14017);
#14013 = LINE('',#14014,#14015);
#14014 = CARTESIAN_POINT('',(-1.570796326795,0.));
#14015 = VECTOR('',#14016,1.);
#14016 = DIRECTION('',(-0.,1.));
#14017 = ( GEOMETRIC_REPRESENTATION_CONTEXT(2) 
PARAMETRIC_REPRESENTATION_CONTEXT() REPRESENTATION_CONTEXT('2D SPACE',''
  ) );
#14018 = PCURVE('',#12787,#14019);
#14019 = DEFINITIONAL_REPRESENTATION('',(#14020),#14024);
#14020 = LINE('',#14021,#14022);
#14021 = CARTESIAN_POINT('',(77.71,0.));
#14022 = VECTOR('',#14023,1.);
#14023 = DIRECTION('',(0.,1.));
#14024 = ( GEOMETRIC_REPRESENTATION_CONTEXT(2) 
PARAMETRIC_REPRESENTATION_CONTEXT() REPRESENTATION_CONTEXT('2D SPACE',''
  ) );
#14025 = ORIENTED_EDGE('',*,*,#14026,.T.);
#14026 = EDGE_CURVE('',#14004,#14027,#14029,.T.);
#14027 = VERTEX_POINT('',#14028);
#14028 = CARTESIAN_POINT('',(37.855,8.4,5.4));
#14029 = SURFACE_CURVE('',#14030,(#14034,#14041),.PCURVE_S1.);
#14030 = LINE('',#14031,#14032);
#14031 = CARTESIAN_POINT('',(37.855,4.,5.4));
#14032 = VECTOR('',#14033,1.);
#14033 = DIRECTION('',(0.,1.,0.));
#14034 = PCURVE('',#12872,#14035);
#14035 = DEFINITIONAL_REPRESENTATION('',(#14036),#14040);
#14036 = LINE('',#14037,#14038);
#14037 = CARTESIAN_POINT('',(-1.570796326795,0.));
#14038 = VECTOR('',#14039,1.);
#14039 = DIRECTION('',(-0.,1.));
#14040 = ( GEOMETRIC_REPRESENTATION_CONTEXT(2) 
PARAMETRIC_REPRESENTATION_CONTEXT() REPRESENTATION_CONTEXT('2D SPACE',''
  ) );
#14041 = PCURVE('',#13938,#14042);
#14042 = DEFINITIONAL_REPRESENTATION('',(#14043),#14047);
#14043 = LINE('',#14044,#14045);
#14044 = CARTESIAN_POINT('',(3.4,-2.4));
#14045 = VECTOR('',#14046,1.);
#14046 = DIRECTION('',(0.,1.));
#14047 = ( GEOMETRIC_REPRESENTATION_CONTEXT(2) 
PARAMETRIC_REPRESENTATION_CONTEXT() REPRESENTATION_CONTEXT('2D SPACE',''
  ) );
#14048 = ORIENTED_EDGE('',*,*,#14049,.F.);
#14049 = EDGE_CURVE('',#13951,#14027,#14050,.T.);
#14050 = SURFACE_CURVE('',#14051,(#14056,#14063),.PCURVE_S1.);
#14051 = CIRCLE('',#14052,2.);
#14052 = AXIS2_PLACEMENT_3D('',#14053,#14054,#14055);
#14053 = CARTESIAN_POINT('',(37.855,8.4,3.4));
#14054 = DIRECTION('',(-0.,-1.,0.));
#14055 = DIRECTION('',(0.,-0.,1.));
#14056 = PCURVE('',#12872,#14057);
#14057 = DEFINITIONAL_REPRESENTATION('',(#14058),#14062);
#14058 = LINE('',#14059,#14060);
#14059 = CARTESIAN_POINT('',(4.712388980385,4.4));
#14060 = VECTOR('',#14061,1.);
#14061 = DIRECTION('',(-1.,0.));
#14062 = ( GEOMETRIC_REPRESENTATION_CONTEXT(2) 
PARAMETRIC_REPRESENTATION_CONTEXT() REPRESENTATION_CONTEXT('2D SPACE',''
  ) );
#14063 = PCURVE('',#13966,#14064);
#14064 = DEFINITIONAL_REPRESENTATION('',(#14065),#14073);
#14065 = ( BOUNDED_CURVE() B_SPLINE_CURVE(2,(#14066,#14067,#14068,#14069
    ,#14070,#14071,#14072),.UNSPECIFIED.,.T.,.F.) 
B_SPLINE_CURVE_WITH_KNOTS((1,2,2,2,2,1),(-2.094395102393,0.,
    2.094395102393,4.188790204786,6.28318530718,8.377580409573),
.UNSPECIFIED.) CURVE() GEOMETRIC_REPRESENTATION_ITEM() 
RATIONAL_B_SPLINE_CURVE((1.,0.5,1.,0.5,1.,0.5,1.)) REPRESENTATION_ITEM(
  '') );
#14066 = CARTESIAN_POINT('',(2.8,6.855));
#14067 = CARTESIAN_POINT('',(2.8,3.390898384862));
#14068 = CARTESIAN_POINT('',(-0.2,5.122949192431));
#14069 = CARTESIAN_POINT('',(-3.2,6.855));
#14070 = CARTESIAN_POINT('',(-0.2,8.587050807569));
#14071 = CARTESIAN_POINT('',(2.8,10.319101615138));
#14072 = CARTESIAN_POINT('',(2.8,6.855));
#14073 = ( GEOMETRIC_REPRESENTATION_CONTEXT(2) 
PARAMETRIC_REPRESENTATION_CONTEXT() REPRESENTATION_CONTEXT('2D SPACE',''
  ) );
#14074 = ORIENTED_EDGE('',*,*,#13978,.F.);
#14075 = ADVANCED_FACE('',(#14076),#12787,.T.);
#14076 = FACE_BOUND('',#14077,.T.);
#14077 = EDGE_LOOP('',(#14078,#14079,#14102,#14130,#14151,#14179,#14200,
    #14201,#14202,#14203,#14225,#14252,#14272,#14273,#14274,#14297,
    #14325,#14353,#14379,#14407));
#14078 = ORIENTED_EDGE('',*,*,#13072,.F.);
#14079 = ORIENTED_EDGE('',*,*,#14080,.T.);
#14080 = EDGE_CURVE('',#13045,#14081,#14083,.T.);
#14081 = VERTEX_POINT('',#14082);
#14082 = CARTESIAN_POINT('',(-31.,31.6,5.4));
#14083 = SURFACE_CURVE('',#14084,(#14088,#14095),.PCURVE_S1.);
#14084 = LINE('',#14085,#14086);
#14085 = CARTESIAN_POINT('',(-31.,8.4,5.4));
#14086 = VECTOR('',#14087,1.);
#14087 = DIRECTION('',(0.,1.,0.));
#14088 = PCURVE('',#12787,#14089);
#14089 = DEFINITIONAL_REPRESENTATION('',(#14090),#14094);
#14090 = LINE('',#14091,#14092);
#14091 = CARTESIAN_POINT('',(8.855,4.4));
#14092 = VECTOR('',#14093,1.);
#14093 = DIRECTION('',(0.,1.));
#14094 = ( GEOMETRIC_REPRESENTATION_CONTEXT(2) 
PARAMETRIC_REPRESENTATION_CONTEXT() REPRESENTATION_CONTEXT('2D SPACE',''
  ) );
#14095 = PCURVE('',#13060,#14096);
#14096 = DEFINITIONAL_REPRESENTATION('',(#14097),#14101);
#14097 = LINE('',#14098,#14099);
#14098 = CARTESIAN_POINT('',(2.8,0.));
#14099 = VECTOR('',#14100,1.);
#14100 = DIRECTION('',(0.,-1.));
#14101 = ( GEOMETRIC_REPRESENTATION_CONTEXT(2) 
PARAMETRIC_REPRESENTATION_CONTEXT() REPRESENTATION_CONTEXT('2D SPACE',''
  ) );
#14102 = ORIENTED_EDGE('',*,*,#14103,.F.);
#14103 = EDGE_CURVE('',#14104,#14081,#14106,.T.);
#14104 = VERTEX_POINT('',#14105);
#14105 = CARTESIAN_POINT('',(-37.055,31.6,5.4));
#14106 = SURFACE_CURVE('',#14107,(#14111,#14118),.PCURVE_S1.);
#14107 = LINE('',#14108,#14109);
#14108 = CARTESIAN_POINT('',(-39.855,31.6,5.4));
#14109 = VECTOR('',#14110,1.);
#14110 = DIRECTION('',(1.,0.,0.));
#14111 = PCURVE('',#12787,#14112);
#14112 = DEFINITIONAL_REPRESENTATION('',(#14113),#14117);
#14113 = LINE('',#14114,#14115);
#14114 = CARTESIAN_POINT('',(7.105427357601E-15,27.6));
#14115 = VECTOR('',#14116,1.);
#14116 = DIRECTION('',(1.,0.));
#14117 = ( GEOMETRIC_REPRESENTATION_CONTEXT(2) 
PARAMETRIC_REPRESENTATION_CONTEXT() REPRESENTATION_CONTEXT('2D SPACE',''
  ) );
#14118 = PCURVE('',#14119,#14124);
#14119 = PLANE('',#14120);
#14120 = AXIS2_PLACEMENT_3D('',#14121,#14122,#14123);
#14121 = CARTESIAN_POINT('',(-39.855,31.6,5.4));
#14122 = DIRECTION('',(0.,1.,0.));
#14123 = DIRECTION('',(0.,0.,1.));
#14124 = DEFINITIONAL_REPRESENTATION('',(#14125),#14129);
#14125 = LINE('',#14126,#14127);
#14126 = CARTESIAN_POINT('',(0.,0.));
#14127 = VECTOR('',#14128,1.);
#14128 = DIRECTION('',(0.,1.));
#14129 = ( GEOMETRIC_REPRESENTATION_CONTEXT(2) 
PARAMETRIC_REPRESENTATION_CONTEXT() REPRESENTATION_CONTEXT('2D SPACE',''
  ) );
#14130 = ORIENTED_EDGE('',*,*,#14131,.F.);
#14131 = EDGE_CURVE('',#14132,#14104,#14134,.T.);
#14132 = VERTEX_POINT('',#14133);
#14133 = CARTESIAN_POINT('',(-37.055,8.4,5.4));
#14134 = SURFACE_CURVE('',#14135,(#14139,#14145),.PCURVE_S1.);
#14135 = LINE('',#14136,#14137);
#14136 = CARTESIAN_POINT('',(-37.055,6.2,5.4));
#14137 = VECTOR('',#14138,1.);
#14138 = DIRECTION('',(0.,1.,0.));
#14139 = PCURVE('',#12787,#14140);
#14140 = DEFINITIONAL_REPRESENTATION('',(#14141),#14144);
#14141 = B_SPLINE_CURVE_WITH_KNOTS('',1,(#14142,#14143),.UNSPECIFIED.,
  .F.,.F.,(2,2),(2.2,28.2),.PIECEWISE_BEZIER_KNOTS.);
#14142 = CARTESIAN_POINT('',(2.8,4.4));
#14143 = CARTESIAN_POINT('',(2.8,30.4));
#14144 = ( GEOMETRIC_REPRESENTATION_CONTEXT(2) 
PARAMETRIC_REPRESENTATION_CONTEXT() REPRESENTATION_CONTEXT('2D SPACE',''
  ) );
#14145 = PCURVE('',#13468,#14146);
#14146 = DEFINITIONAL_REPRESENTATION('',(#14147),#14150);
#14147 = B_SPLINE_CURVE_WITH_KNOTS('',1,(#14148,#14149),.UNSPECIFIED.,
  .F.,.F.,(2,2),(2.2,28.2),.PIECEWISE_BEZIER_KNOTS.);
#14148 = CARTESIAN_POINT('',(2.8,0.));
#14149 = CARTESIAN_POINT('',(2.8,-26.));
#14150 = ( GEOMETRIC_REPRESENTATION_CONTEXT(2) 
PARAMETRIC_REPRESENTATION_CONTEXT() REPRESENTATION_CONTEXT('2D SPACE',''
  ) );
#14151 = ORIENTED_EDGE('',*,*,#14152,.T.);
#14152 = EDGE_CURVE('',#14132,#14153,#14155,.T.);
#14153 = VERTEX_POINT('',#14154);
#14154 = CARTESIAN_POINT('',(-34.455,8.4,5.4));
#14155 = SURFACE_CURVE('',#14156,(#14160,#14167),.PCURVE_S1.);
#14156 = LINE('',#14157,#14158);
#14157 = CARTESIAN_POINT('',(-39.855,8.4,5.4));
#14158 = VECTOR('',#14159,1.);
#14159 = DIRECTION('',(1.,0.,0.));
#14160 = PCURVE('',#12787,#14161);
#14161 = DEFINITIONAL_REPRESENTATION('',(#14162),#14166);
#14162 = LINE('',#14163,#14164);
#14163 = CARTESIAN_POINT('',(-7.105427357601E-15,4.4));
#14164 = VECTOR('',#14165,1.);
#14165 = DIRECTION('',(1.,0.));
#14166 = ( GEOMETRIC_REPRESENTATION_CONTEXT(2) 
PARAMETRIC_REPRESENTATION_CONTEXT() REPRESENTATION_CONTEXT('2D SPACE',''
  ) );
#14167 = PCURVE('',#14168,#14173);
#14168 = PLANE('',#14169);
#14169 = AXIS2_PLACEMENT_3D('',#14170,#14171,#14172);
#14170 = CARTESIAN_POINT('',(-39.855,8.4,5.4));
#14171 = DIRECTION('',(0.,1.,0.));
#14172 = DIRECTION('',(0.,0.,1.));
#14173 = DEFINITIONAL_REPRESENTATION('',(#14174),#14178);
#14174 = LINE('',#14175,#14176);
#14175 = CARTESIAN_POINT('',(0.,0.));
#14176 = VECTOR('',#14177,1.);
#14177 = DIRECTION('',(0.,1.));
#14178 = ( GEOMETRIC_REPRESENTATION_CONTEXT(2) 
PARAMETRIC_REPRESENTATION_CONTEXT() REPRESENTATION_CONTEXT('2D SPACE',''
  ) );
#14179 = ORIENTED_EDGE('',*,*,#14180,.F.);
#14180 = EDGE_CURVE('',#13608,#14153,#14181,.T.);
#14181 = SURFACE_CURVE('',#14182,(#14186,#14193),.PCURVE_S1.);
#14182 = LINE('',#14183,#14184);
#14183 = CARTESIAN_POINT('',(-34.455,6.4,5.4));
#14184 = VECTOR('',#14185,1.);
#14185 = DIRECTION('',(0.,1.,0.));
#14186 = PCURVE('',#12787,#14187);
#14187 = DEFINITIONAL_REPRESENTATION('',(#14188),#14192);
#14188 = LINE('',#14189,#14190);
#14189 = CARTESIAN_POINT('',(5.4,2.4));
#14190 = VECTOR('',#14191,1.);
#14191 = DIRECTION('',(0.,1.));
#14192 = ( GEOMETRIC_REPRESENTATION_CONTEXT(2) 
PARAMETRIC_REPRESENTATION_CONTEXT() REPRESENTATION_CONTEXT('2D SPACE',''
  ) );
#14193 = PCURVE('',#13412,#14194);
#14194 = DEFINITIONAL_REPRESENTATION('',(#14195),#14199);
#14195 = LINE('',#14196,#14197);
#14196 = CARTESIAN_POINT('',(0.,0.));
#14197 = VECTOR('',#14198,1.);
#14198 = DIRECTION('',(0.,-1.));
#14199 = ( GEOMETRIC_REPRESENTATION_CONTEXT(2) 
PARAMETRIC_REPRESENTATION_CONTEXT() REPRESENTATION_CONTEXT('2D SPACE',''
  ) );
#14200 = ORIENTED_EDGE('',*,*,#13630,.F.);
#14201 = ORIENTED_EDGE('',*,*,#13731,.F.);
#14202 = ORIENTED_EDGE('',*,*,#12771,.T.);
#14203 = ORIENTED_EDGE('',*,*,#14204,.T.);
#14204 = EDGE_CURVE('',#12772,#14205,#14207,.T.);
#14205 = VERTEX_POINT('',#14206);
#14206 = CARTESIAN_POINT('',(-11.27342006668,4.5,5.4));
#14207 = SURFACE_CURVE('',#14208,(#14212,#14219),.PCURVE_S1.);
#14208 = LINE('',#14209,#14210);
#14209 = CARTESIAN_POINT('',(-11.27342006668,0.,5.4));
#14210 = VECTOR('',#14211,1.);
#14211 = DIRECTION('',(0.,1.,0.));
#14212 = PCURVE('',#12787,#14213);
#14213 = DEFINITIONAL_REPRESENTATION('',(#14214),#14218);
#14214 = LINE('',#14215,#14216);
#14215 = CARTESIAN_POINT('',(28.581579933312,-4.));
#14216 = VECTOR('',#14217,1.);
#14217 = DIRECTION('',(0.,1.));
#14218 = ( GEOMETRIC_REPRESENTATION_CONTEXT(2) 
PARAMETRIC_REPRESENTATION_CONTEXT() REPRESENTATION_CONTEXT('2D SPACE',''
  ) );
#14219 = PCURVE('',#12816,#14220);
#14220 = DEFINITIONAL_REPRESENTATION('',(#14221),#14224);
#14221 = B_SPLINE_CURVE_WITH_KNOTS('',1,(#14222,#14223),.UNSPECIFIED.,
  .F.,.F.,(2,2),(3.56,4.5000006),.PIECEWISE_BEZIER_KNOTS.);
#14222 = CARTESIAN_POINT('',(5.159098188216,3.56));
#14223 = CARTESIAN_POINT('',(5.159098188216,4.5000006));
#14224 = ( GEOMETRIC_REPRESENTATION_CONTEXT(2) 
PARAMETRIC_REPRESENTATION_CONTEXT() REPRESENTATION_CONTEXT('2D SPACE',''
  ) );
#14225 = ORIENTED_EDGE('',*,*,#14226,.F.);
#14226 = EDGE_CURVE('',#14227,#14205,#14229,.T.);
#14227 = VERTEX_POINT('',#14228);
#14228 = CARTESIAN_POINT('',(11.273420066688,4.5,5.4));
#14229 = SURFACE_CURVE('',#14230,(#14234,#14241),.PCURVE_S1.);
#14230 = LINE('',#14231,#14232);
#14231 = CARTESIAN_POINT('',(-19.9275,4.5,5.4));
#14232 = VECTOR('',#14233,1.);
#14233 = DIRECTION('',(-1.,0.,0.));
#14234 = PCURVE('',#12787,#14235);
#14235 = DEFINITIONAL_REPRESENTATION('',(#14236),#14240);
#14236 = LINE('',#14237,#14238);
#14237 = CARTESIAN_POINT('',(19.9275,0.5));
#14238 = VECTOR('',#14239,1.);
#14239 = DIRECTION('',(-1.,0.));
#14240 = ( GEOMETRIC_REPRESENTATION_CONTEXT(2) 
PARAMETRIC_REPRESENTATION_CONTEXT() REPRESENTATION_CONTEXT('2D SPACE',''
  ) );
#14241 = PCURVE('',#14242,#14247);
#14242 = PLANE('',#14243);
#14243 = AXIS2_PLACEMENT_3D('',#14244,#14245,#14246);
#14244 = CARTESIAN_POINT('',(0.,4.5,0.));
#14245 = DIRECTION('',(0.,1.,0.));
#14246 = DIRECTION('',(0.,-0.,1.));
#14247 = DEFINITIONAL_REPRESENTATION('',(#14248),#14251);
#14248 = B_SPLINE_CURVE_WITH_KNOTS('',1,(#14249,#14250),.UNSPECIFIED.,
  .F.,.F.,(2,2),(-32.4275,-7.4275),.PIECEWISE_BEZIER_KNOTS.);
#14249 = CARTESIAN_POINT('',(5.4,12.5));
#14250 = CARTESIAN_POINT('',(5.4,-12.5));
#14251 = ( GEOMETRIC_REPRESENTATION_CONTEXT(2) 
PARAMETRIC_REPRESENTATION_CONTEXT() REPRESENTATION_CONTEXT('2D SPACE',''
  ) );
#14252 = ORIENTED_EDGE('',*,*,#14253,.F.);
#14253 = EDGE_CURVE('',#12800,#14227,#14254,.T.);
#14254 = SURFACE_CURVE('',#14255,(#14259,#14266),.PCURVE_S1.);
#14255 = LINE('',#14256,#14257);
#14256 = CARTESIAN_POINT('',(11.273420066688,0.,5.4));
#14257 = VECTOR('',#14258,1.);
#14258 = DIRECTION('',(0.,1.,0.));
#14259 = PCURVE('',#12787,#14260);
#14260 = DEFINITIONAL_REPRESENTATION('',(#14261),#14265);
#14261 = LINE('',#14262,#14263);
#14262 = CARTESIAN_POINT('',(51.128420066688,-4.));
#14263 = VECTOR('',#14264,1.);
#14264 = DIRECTION('',(0.,1.));
#14265 = ( GEOMETRIC_REPRESENTATION_CONTEXT(2) 
PARAMETRIC_REPRESENTATION_CONTEXT() REPRESENTATION_CONTEXT('2D SPACE',''
  ) );
#14266 = PCURVE('',#12816,#14267);
#14267 = DEFINITIONAL_REPRESENTATION('',(#14268),#14271);
#14268 = B_SPLINE_CURVE_WITH_KNOTS('',1,(#14269,#14270),.UNSPECIFIED.,
  .F.,.F.,(2,2),(3.56,4.5000006),.PIECEWISE_BEZIER_KNOTS.);
#14269 = CARTESIAN_POINT('',(1.124087118963,3.56));
#14270 = CARTESIAN_POINT('',(1.124087118963,4.5000006));
#14271 = ( GEOMETRIC_REPRESENTATION_CONTEXT(2) 
PARAMETRIC_REPRESENTATION_CONTEXT() REPRESENTATION_CONTEXT('2D SPACE',''
  ) );
#14272 = ORIENTED_EDGE('',*,*,#12828,.T.);
#14273 = ORIENTED_EDGE('',*,*,#14003,.T.);
#14274 = ORIENTED_EDGE('',*,*,#14275,.F.);
#14275 = EDGE_CURVE('',#14276,#14004,#14278,.T.);
#14276 = VERTEX_POINT('',#14277);
#14277 = CARTESIAN_POINT('',(34.455,6.4,5.4));
#14278 = SURFACE_CURVE('',#14279,(#14283,#14290),.PCURVE_S1.);
#14279 = LINE('',#14280,#14281);
#14280 = CARTESIAN_POINT('',(34.455,6.4,5.4));
#14281 = VECTOR('',#14282,1.);
#14282 = DIRECTION('',(1.,0.,0.));
#14283 = PCURVE('',#12787,#14284);
#14284 = DEFINITIONAL_REPRESENTATION('',(#14285),#14289);
#14285 = LINE('',#14286,#14287);
#14286 = CARTESIAN_POINT('',(74.31,2.4));
#14287 = VECTOR('',#14288,1.);
#14288 = DIRECTION('',(1.,0.));
#14289 = ( GEOMETRIC_REPRESENTATION_CONTEXT(2) 
PARAMETRIC_REPRESENTATION_CONTEXT() REPRESENTATION_CONTEXT('2D SPACE',''
  ) );
#14290 = PCURVE('',#13910,#14291);
#14291 = DEFINITIONAL_REPRESENTATION('',(#14292),#14296);
#14292 = LINE('',#14293,#14294);
#14293 = CARTESIAN_POINT('',(0.,0.));
#14294 = VECTOR('',#14295,1.);
#14295 = DIRECTION('',(0.,1.));
#14296 = ( GEOMETRIC_REPRESENTATION_CONTEXT(2) 
PARAMETRIC_REPRESENTATION_CONTEXT() REPRESENTATION_CONTEXT('2D SPACE',''
  ) );
#14297 = ORIENTED_EDGE('',*,*,#14298,.T.);
#14298 = EDGE_CURVE('',#14276,#14299,#14301,.T.);
#14299 = VERTEX_POINT('',#14300);
#14300 = CARTESIAN_POINT('',(34.455,8.4,5.4));
#14301 = SURFACE_CURVE('',#14302,(#14306,#14313),.PCURVE_S1.);
#14302 = LINE('',#14303,#14304);
#14303 = CARTESIAN_POINT('',(34.455,6.4,5.4));
#14304 = VECTOR('',#14305,1.);
#14305 = DIRECTION('',(0.,1.,0.));
#14306 = PCURVE('',#12787,#14307);
#14307 = DEFINITIONAL_REPRESENTATION('',(#14308),#14312);
#14308 = LINE('',#14309,#14310);
#14309 = CARTESIAN_POINT('',(74.31,2.4));
#14310 = VECTOR('',#14311,1.);
#14311 = DIRECTION('',(0.,1.));
#14312 = ( GEOMETRIC_REPRESENTATION_CONTEXT(2) 
PARAMETRIC_REPRESENTATION_CONTEXT() REPRESENTATION_CONTEXT('2D SPACE',''
  ) );
#14313 = PCURVE('',#14314,#14319);
#14314 = PLANE('',#14315);
#14315 = AXIS2_PLACEMENT_3D('',#14316,#14317,#14318);
#14316 = CARTESIAN_POINT('',(34.455,6.4,5.4));
#14317 = DIRECTION('',(1.,0.,0.));
#14318 = DIRECTION('',(0.,0.,1.));
#14319 = DEFINITIONAL_REPRESENTATION('',(#14320),#14324);
#14320 = LINE('',#14321,#14322);
#14321 = CARTESIAN_POINT('',(0.,0.));
#14322 = VECTOR('',#14323,1.);
#14323 = DIRECTION('',(0.,-1.));
#14324 = ( GEOMETRIC_REPRESENTATION_CONTEXT(2) 
PARAMETRIC_REPRESENTATION_CONTEXT() REPRESENTATION_CONTEXT('2D SPACE',''
  ) );
#14325 = ORIENTED_EDGE('',*,*,#14326,.T.);
#14326 = EDGE_CURVE('',#14299,#14327,#14329,.T.);
#14327 = VERTEX_POINT('',#14328);
#14328 = CARTESIAN_POINT('',(37.055,8.4,5.4));
#14329 = SURFACE_CURVE('',#14330,(#14334,#14341),.PCURVE_S1.);
#14330 = LINE('',#14331,#14332);
#14331 = CARTESIAN_POINT('',(34.455,8.4,5.4));
#14332 = VECTOR('',#14333,1.);
#14333 = DIRECTION('',(1.,0.,0.));
#14334 = PCURVE('',#12787,#14335);
#14335 = DEFINITIONAL_REPRESENTATION('',(#14336),#14340);
#14336 = LINE('',#14337,#14338);
#14337 = CARTESIAN_POINT('',(74.31,4.4));
#14338 = VECTOR('',#14339,1.);
#14339 = DIRECTION('',(1.,0.));
#14340 = ( GEOMETRIC_REPRESENTATION_CONTEXT(2) 
PARAMETRIC_REPRESENTATION_CONTEXT() REPRESENTATION_CONTEXT('2D SPACE',''
  ) );
#14341 = PCURVE('',#14342,#14347);
#14342 = PLANE('',#14343);
#14343 = AXIS2_PLACEMENT_3D('',#14344,#14345,#14346);
#14344 = CARTESIAN_POINT('',(34.455,8.4,5.4));
#14345 = DIRECTION('',(0.,1.,0.));
#14346 = DIRECTION('',(0.,0.,1.));
#14347 = DEFINITIONAL_REPRESENTATION('',(#14348),#14352);
#14348 = LINE('',#14349,#14350);
#14349 = CARTESIAN_POINT('',(0.,0.));
#14350 = VECTOR('',#14351,1.);
#14351 = DIRECTION('',(0.,1.));
#14352 = ( GEOMETRIC_REPRESENTATION_CONTEXT(2) 
PARAMETRIC_REPRESENTATION_CONTEXT() REPRESENTATION_CONTEXT('2D SPACE',''
  ) );
#14353 = ORIENTED_EDGE('',*,*,#14354,.T.);
#14354 = EDGE_CURVE('',#14327,#14355,#14357,.T.);
#14355 = VERTEX_POINT('',#14356);
#14356 = CARTESIAN_POINT('',(37.055,31.6,5.4));
#14357 = SURFACE_CURVE('',#14358,(#14362,#14368),.PCURVE_S1.);
#14358 = LINE('',#14359,#14360);
#14359 = CARTESIAN_POINT('',(37.055,6.2,5.4));
#14360 = VECTOR('',#14361,1.);
#14361 = DIRECTION('',(0.,1.,0.));
#14362 = PCURVE('',#12787,#14363);
#14363 = DEFINITIONAL_REPRESENTATION('',(#14364),#14367);
#14364 = B_SPLINE_CURVE_WITH_KNOTS('',1,(#14365,#14366),.UNSPECIFIED.,
  .F.,.F.,(2,2),(2.2,28.2),.PIECEWISE_BEZIER_KNOTS.);
#14365 = CARTESIAN_POINT('',(76.91,4.4));
#14366 = CARTESIAN_POINT('',(76.91,30.4));
#14367 = ( GEOMETRIC_REPRESENTATION_CONTEXT(2) 
PARAMETRIC_REPRESENTATION_CONTEXT() REPRESENTATION_CONTEXT('2D SPACE',''
  ) );
#14368 = PCURVE('',#14369,#14374);
#14369 = PLANE('',#14370);
#14370 = AXIS2_PLACEMENT_3D('',#14371,#14372,#14373);
#14371 = CARTESIAN_POINT('',(37.055,8.4,2.6));
#14372 = DIRECTION('',(1.,0.,0.));
#14373 = DIRECTION('',(0.,0.,1.));
#14374 = DEFINITIONAL_REPRESENTATION('',(#14375),#14378);
#14375 = B_SPLINE_CURVE_WITH_KNOTS('',1,(#14376,#14377),.UNSPECIFIED.,
  .F.,.F.,(2,2),(2.2,28.2),.PIECEWISE_BEZIER_KNOTS.);
#14376 = CARTESIAN_POINT('',(2.8,0.));
#14377 = CARTESIAN_POINT('',(2.8,-26.));
#14378 = ( GEOMETRIC_REPRESENTATION_CONTEXT(2) 
PARAMETRIC_REPRESENTATION_CONTEXT() REPRESENTATION_CONTEXT('2D SPACE',''
  ) );
#14379 = ORIENTED_EDGE('',*,*,#14380,.F.);
#14380 = EDGE_CURVE('',#14381,#14355,#14383,.T.);
#14381 = VERTEX_POINT('',#14382);
#14382 = CARTESIAN_POINT('',(31.,31.6,5.4));
#14383 = SURFACE_CURVE('',#14384,(#14388,#14395),.PCURVE_S1.);
#14384 = LINE('',#14385,#14386);
#14385 = CARTESIAN_POINT('',(31.,31.6,5.4));
#14386 = VECTOR('',#14387,1.);
#14387 = DIRECTION('',(1.,0.,0.));
#14388 = PCURVE('',#12787,#14389);
#14389 = DEFINITIONAL_REPRESENTATION('',(#14390),#14394);
#14390 = LINE('',#14391,#14392);
#14391 = CARTESIAN_POINT('',(70.855,27.6));
#14392 = VECTOR('',#14393,1.);
#14393 = DIRECTION('',(1.,0.));
#14394 = ( GEOMETRIC_REPRESENTATION_CONTEXT(2) 
PARAMETRIC_REPRESENTATION_CONTEXT() REPRESENTATION_CONTEXT('2D SPACE',''
  ) );
#14395 = PCURVE('',#14396,#14401);
#14396 = PLANE('',#14397);
#14397 = AXIS2_PLACEMENT_3D('',#14398,#14399,#14400);
#14398 = CARTESIAN_POINT('',(31.,31.6,5.4));
#14399 = DIRECTION('',(0.,1.,0.));
#14400 = DIRECTION('',(0.,0.,1.));
#14401 = DEFINITIONAL_REPRESENTATION('',(#14402),#14406);
#14402 = LINE('',#14403,#14404);
#14403 = CARTESIAN_POINT('',(0.,0.));
#14404 = VECTOR('',#14405,1.);
#14405 = DIRECTION('',(0.,1.));
#14406 = ( GEOMETRIC_REPRESENTATION_CONTEXT(2) 
PARAMETRIC_REPRESENTATION_CONTEXT() REPRESENTATION_CONTEXT('2D SPACE',''
  ) );
#14407 = ORIENTED_EDGE('',*,*,#14408,.T.);
#14408 = EDGE_CURVE('',#14381,#13073,#14409,.T.);
#14409 = SURFACE_CURVE('',#14410,(#14414,#14421),.PCURVE_S1.);
#14410 = LINE('',#14411,#14412);
#14411 = CARTESIAN_POINT('',(31.,31.6,5.4));
#14412 = VECTOR('',#14413,1.);
#14413 = DIRECTION('',(0.,-1.,0.));
#14414 = PCURVE('',#12787,#14415);
#14415 = DEFINITIONAL_REPRESENTATION('',(#14416),#14420);
#14416 = LINE('',#14417,#14418);
#14417 = CARTESIAN_POINT('',(70.855,27.6));
#14418 = VECTOR('',#14419,1.);
#14419 = DIRECTION('',(0.,-1.));
#14420 = ( GEOMETRIC_REPRESENTATION_CONTEXT(2) 
PARAMETRIC_REPRESENTATION_CONTEXT() REPRESENTATION_CONTEXT('2D SPACE',''
  ) );
#14421 = PCURVE('',#13111,#14422);
#14422 = DEFINITIONAL_REPRESENTATION('',(#14423),#14427);
#14423 = LINE('',#14424,#14425);
#14424 = CARTESIAN_POINT('',(2.8,-23.2));
#14425 = VECTOR('',#14426,1.);
#14426 = DIRECTION('',(0.,1.));
#14427 = ( GEOMETRIC_REPRESENTATION_CONTEXT(2) 
PARAMETRIC_REPRESENTATION_CONTEXT() REPRESENTATION_CONTEXT('2D SPACE',''
  ) );
#14428 = ADVANCED_FACE('',(#14429),#12816,.T.);
#14429 = FACE_BOUND('',#14430,.T.);
#14430 = EDGE_LOOP('',(#14431,#14456,#14478,#14479,#14480,#14481,#14503,
    #14504));
#14431 = ORIENTED_EDGE('',*,*,#14432,.T.);
#14432 = EDGE_CURVE('',#14433,#14435,#14437,.T.);
#14433 = VERTEX_POINT('',#14434);
#14434 = CARTESIAN_POINT('',(-3.061616997868E-15,0.,12.5));
#14435 = VERTEX_POINT('',#14436);
#14436 = CARTESIAN_POINT('',(-3.061616997868E-15,4.5,12.5));
#14437 = SEAM_CURVE('',#14438,(#14442,#14449),.PCURVE_S1.);
#14438 = LINE('',#14439,#14440);
#14439 = CARTESIAN_POINT('',(-3.061616997868E-15,0.,12.5));
#14440 = VECTOR('',#14441,1.);
#14441 = DIRECTION('',(0.,1.,0.));
#14442 = PCURVE('',#12816,#14443);
#14443 = DEFINITIONAL_REPRESENTATION('',(#14444),#14448);
#14444 = LINE('',#14445,#14446);
#14445 = CARTESIAN_POINT('',(6.28318530718,-0.));
#14446 = VECTOR('',#14447,1.);
#14447 = DIRECTION('',(0.,1.));
#14448 = ( GEOMETRIC_REPRESENTATION_CONTEXT(2) 
PARAMETRIC_REPRESENTATION_CONTEXT() REPRESENTATION_CONTEXT('2D SPACE',''
  ) );
#14449 = PCURVE('',#12816,#14450);
#14450 = DEFINITIONAL_REPRESENTATION('',(#14451),#14455);
#14451 = LINE('',#14452,#14453);
#14452 = CARTESIAN_POINT('',(0.,-0.));
#14453 = VECTOR('',#14454,1.);
#14454 = DIRECTION('',(0.,1.));
#14455 = ( GEOMETRIC_REPRESENTATION_CONTEXT(2) 
PARAMETRIC_REPRESENTATION_CONTEXT() REPRESENTATION_CONTEXT('2D SPACE',''
  ) );
#14456 = ORIENTED_EDGE('',*,*,#14457,.F.);
#14457 = EDGE_CURVE('',#14205,#14435,#14458,.T.);
#14458 = SURFACE_CURVE('',#14459,(#14464,#14471),.PCURVE_S1.);
#14459 = CIRCLE('',#14460,12.5);
#14460 = AXIS2_PLACEMENT_3D('',#14461,#14462,#14463);
#14461 = CARTESIAN_POINT('',(0.,4.5,0.));
#14462 = DIRECTION('',(0.,1.,0.));
#14463 = DIRECTION('',(0.,-0.,1.));
#14464 = PCURVE('',#12816,#14465);
#14465 = DEFINITIONAL_REPRESENTATION('',(#14466),#14470);
#14466 = LINE('',#14467,#14468);
#14467 = CARTESIAN_POINT('',(0.,4.5));
#14468 = VECTOR('',#14469,1.);
#14469 = DIRECTION('',(1.,0.));
#14470 = ( GEOMETRIC_REPRESENTATION_CONTEXT(2) 
PARAMETRIC_REPRESENTATION_CONTEXT() REPRESENTATION_CONTEXT('2D SPACE',''
  ) );
#14471 = PCURVE('',#14242,#14472);
#14472 = DEFINITIONAL_REPRESENTATION('',(#14473),#14477);
#14473 = CIRCLE('',#14474,12.5);
#14474 = AXIS2_PLACEMENT_2D('',#14475,#14476);
#14475 = CARTESIAN_POINT('',(0.,0.));
#14476 = DIRECTION('',(1.,0.));
#14477 = ( GEOMETRIC_REPRESENTATION_CONTEXT(2) 
PARAMETRIC_REPRESENTATION_CONTEXT() REPRESENTATION_CONTEXT('2D SPACE',''
  ) );
#14478 = ORIENTED_EDGE('',*,*,#14204,.F.);
#14479 = ORIENTED_EDGE('',*,*,#12799,.F.);
#14480 = ORIENTED_EDGE('',*,*,#14253,.T.);
#14481 = ORIENTED_EDGE('',*,*,#14482,.F.);
#14482 = EDGE_CURVE('',#14435,#14227,#14483,.T.);
#14483 = SURFACE_CURVE('',#14484,(#14489,#14496),.PCURVE_S1.);
#14484 = CIRCLE('',#14485,12.5);
#14485 = AXIS2_PLACEMENT_3D('',#14486,#14487,#14488);
#14486 = CARTESIAN_POINT('',(0.,4.5,0.));
#14487 = DIRECTION('',(0.,1.,0.));
#14488 = DIRECTION('',(0.,-0.,1.));
#14489 = PCURVE('',#12816,#14490);
#14490 = DEFINITIONAL_REPRESENTATION('',(#14491),#14495);
#14491 = LINE('',#14492,#14493);
#14492 = CARTESIAN_POINT('',(0.,4.5));
#14493 = VECTOR('',#14494,1.);
#14494 = DIRECTION('',(1.,0.));
#14495 = ( GEOMETRIC_REPRESENTATION_CONTEXT(2) 
PARAMETRIC_REPRESENTATION_CONTEXT() REPRESENTATION_CONTEXT('2D SPACE',''
  ) );
#14496 = PCURVE('',#14242,#14497);
#14497 = DEFINITIONAL_REPRESENTATION('',(#14498),#14502);
#14498 = CIRCLE('',#14499,12.5);
#14499 = AXIS2_PLACEMENT_2D('',#14500,#14501);
#14500 = CARTESIAN_POINT('',(0.,0.));
#14501 = DIRECTION('',(1.,0.));
#14502 = ( GEOMETRIC_REPRESENTATION_CONTEXT(2) 
PARAMETRIC_REPRESENTATION_CONTEXT() REPRESENTATION_CONTEXT('2D SPACE',''
  ) );
#14503 = ORIENTED_EDGE('',*,*,#14432,.F.);
#14504 = ORIENTED_EDGE('',*,*,#14505,.T.);
#14505 = EDGE_CURVE('',#14433,#14433,#14506,.T.);
#14506 = SURFACE_CURVE('',#14507,(#14512,#14519),.PCURVE_S1.);
#14507 = CIRCLE('',#14508,12.5);
#14508 = AXIS2_PLACEMENT_3D('',#14509,#14510,#14511);
#14509 = CARTESIAN_POINT('',(0.,0.,0.));
#14510 = DIRECTION('',(0.,1.,0.));
#14511 = DIRECTION('',(0.,-0.,1.));
#14512 = PCURVE('',#12816,#14513);
#14513 = DEFINITIONAL_REPRESENTATION('',(#14514),#14518);
#14514 = LINE('',#14515,#14516);
#14515 = CARTESIAN_POINT('',(0.,0.));
#14516 = VECTOR('',#14517,1.);
#14517 = DIRECTION('',(1.,0.));
#14518 = ( GEOMETRIC_REPRESENTATION_CONTEXT(2) 
PARAMETRIC_REPRESENTATION_CONTEXT() REPRESENTATION_CONTEXT('2D SPACE',''
  ) );
#14519 = PCURVE('',#14520,#14525);
#14520 = PLANE('',#14521);
#14521 = AXIS2_PLACEMENT_3D('',#14522,#14523,#14524);
#14522 = CARTESIAN_POINT('',(0.,0.,0.));
#14523 = DIRECTION('',(0.,1.,0.));
#14524 = DIRECTION('',(0.,-0.,1.));
#14525 = DEFINITIONAL_REPRESENTATION('',(#14526),#14530);
#14526 = CIRCLE('',#14527,12.5);
#14527 = AXIS2_PLACEMENT_2D('',#14528,#14529);
#14528 = CARTESIAN_POINT('',(0.,0.));
#14529 = DIRECTION('',(1.,0.));
#14530 = ( GEOMETRIC_REPRESENTATION_CONTEXT(2) 
PARAMETRIC_REPRESENTATION_CONTEXT() REPRESENTATION_CONTEXT('2D SPACE',''
  ) );
#14531 = ADVANCED_FACE('',(#14532),#13139,.F.);
#14532 = FACE_BOUND('',#14533,.F.);
#14533 = EDGE_LOOP('',(#14534,#14557,#14578,#14579));
#14534 = ORIENTED_EDGE('',*,*,#14535,.F.);
#14535 = EDGE_CURVE('',#14536,#13816,#14538,.T.);
#14536 = VERTEX_POINT('',#14537);
#14537 = CARTESIAN_POINT('',(31.,34.4,2.6));
#14538 = SURFACE_CURVE('',#14539,(#14543,#14550),.PCURVE_S1.);
#14539 = LINE('',#14540,#14541);
#14540 = CARTESIAN_POINT('',(31.,34.4,2.6));
#14541 = VECTOR('',#14542,1.);
#14542 = DIRECTION('',(1.,0.,0.));
#14543 = PCURVE('',#13139,#14544);
#14544 = DEFINITIONAL_REPRESENTATION('',(#14545),#14549);
#14545 = LINE('',#14546,#14547);
#14546 = CARTESIAN_POINT('',(0.,26.));
#14547 = VECTOR('',#14548,1.);
#14548 = DIRECTION('',(1.,0.));
#14549 = ( GEOMETRIC_REPRESENTATION_CONTEXT(2) 
PARAMETRIC_REPRESENTATION_CONTEXT() REPRESENTATION_CONTEXT('2D SPACE',''
  ) );
#14550 = PCURVE('',#13854,#14551);
#14551 = DEFINITIONAL_REPRESENTATION('',(#14552),#14556);
#14552 = LINE('',#14553,#14554);
#14553 = CARTESIAN_POINT('',(0.,0.));
#14554 = VECTOR('',#14555,1.);
#14555 = DIRECTION('',(0.,1.));
#14556 = ( GEOMETRIC_REPRESENTATION_CONTEXT(2) 
PARAMETRIC_REPRESENTATION_CONTEXT() REPRESENTATION_CONTEXT('2D SPACE',''
  ) );
#14557 = ORIENTED_EDGE('',*,*,#14558,.T.);
#14558 = EDGE_CURVE('',#14536,#13096,#14559,.T.);
#14559 = SURFACE_CURVE('',#14560,(#14564,#14571),.PCURVE_S1.);
#14560 = LINE('',#14561,#14562);
#14561 = CARTESIAN_POINT('',(31.,34.4,2.6));
#14562 = VECTOR('',#14563,1.);
#14563 = DIRECTION('',(0.,-1.,0.));
#14564 = PCURVE('',#13139,#14565);
#14565 = DEFINITIONAL_REPRESENTATION('',(#14566),#14570);
#14566 = LINE('',#14567,#14568);
#14567 = CARTESIAN_POINT('',(0.,26.));
#14568 = VECTOR('',#14569,1.);
#14569 = DIRECTION('',(0.,-1.));
#14570 = ( GEOMETRIC_REPRESENTATION_CONTEXT(2) 
PARAMETRIC_REPRESENTATION_CONTEXT() REPRESENTATION_CONTEXT('2D SPACE',''
  ) );
#14571 = PCURVE('',#13111,#14572);
#14572 = DEFINITIONAL_REPRESENTATION('',(#14573),#14577);
#14573 = LINE('',#14574,#14575);
#14574 = CARTESIAN_POINT('',(0.,-26.));
#14575 = VECTOR('',#14576,1.);
#14576 = DIRECTION('',(0.,1.));
#14577 = ( GEOMETRIC_REPRESENTATION_CONTEXT(2) 
PARAMETRIC_REPRESENTATION_CONTEXT() REPRESENTATION_CONTEXT('2D SPACE',''
  ) );
#14578 = ORIENTED_EDGE('',*,*,#13123,.T.);
#14579 = ORIENTED_EDGE('',*,*,#13815,.T.);
#14580 = ADVANCED_FACE('',(#14581),#13060,.T.);
#14581 = FACE_BOUND('',#14582,.T.);
#14582 = EDGE_LOOP('',(#14583,#14584,#14585,#14586,#14587,#14610));
#14583 = ORIENTED_EDGE('',*,*,#14080,.F.);
#14584 = ORIENTED_EDGE('',*,*,#13044,.F.);
#14585 = ORIENTED_EDGE('',*,*,#13325,.F.);
#14586 = ORIENTED_EDGE('',*,*,#13508,.F.);
#14587 = ORIENTED_EDGE('',*,*,#14588,.F.);
#14588 = EDGE_CURVE('',#14589,#13481,#14591,.T.);
#14589 = VERTEX_POINT('',#14590);
#14590 = CARTESIAN_POINT('',(-31.,31.6,13.4));
#14591 = SURFACE_CURVE('',#14592,(#14596,#14603),.PCURVE_S1.);
#14592 = LINE('',#14593,#14594);
#14593 = CARTESIAN_POINT('',(-31.,31.6,13.4));
#14594 = VECTOR('',#14595,1.);
#14595 = DIRECTION('',(0.,1.,0.));
#14596 = PCURVE('',#13060,#14597);
#14597 = DEFINITIONAL_REPRESENTATION('',(#14598),#14602);
#14598 = LINE('',#14599,#14600);
#14599 = CARTESIAN_POINT('',(10.8,-23.2));
#14600 = VECTOR('',#14601,1.);
#14601 = DIRECTION('',(0.,-1.));
#14602 = ( GEOMETRIC_REPRESENTATION_CONTEXT(2) 
PARAMETRIC_REPRESENTATION_CONTEXT() REPRESENTATION_CONTEXT('2D SPACE',''
  ) );
#14603 = PCURVE('',#13496,#14604);
#14604 = DEFINITIONAL_REPRESENTATION('',(#14605),#14609);
#14605 = LINE('',#14606,#14607);
#14606 = CARTESIAN_POINT('',(8.855,0.));
#14607 = VECTOR('',#14608,1.);
#14608 = DIRECTION('',(0.,1.));
#14609 = ( GEOMETRIC_REPRESENTATION_CONTEXT(2) 
PARAMETRIC_REPRESENTATION_CONTEXT() REPRESENTATION_CONTEXT('2D SPACE',''
  ) );
#14610 = ORIENTED_EDGE('',*,*,#14611,.F.);
#14611 = EDGE_CURVE('',#14081,#14589,#14612,.T.);
#14612 = SURFACE_CURVE('',#14613,(#14617,#14624),.PCURVE_S1.);
#14613 = LINE('',#14614,#14615);
#14614 = CARTESIAN_POINT('',(-31.,31.6,5.4));
#14615 = VECTOR('',#14616,1.);
#14616 = DIRECTION('',(0.,0.,1.));
#14617 = PCURVE('',#13060,#14618);
#14618 = DEFINITIONAL_REPRESENTATION('',(#14619),#14623);
#14619 = LINE('',#14620,#14621);
#14620 = CARTESIAN_POINT('',(2.8,-23.2));
#14621 = VECTOR('',#14622,1.);
#14622 = DIRECTION('',(1.,0.));
#14623 = ( GEOMETRIC_REPRESENTATION_CONTEXT(2) 
PARAMETRIC_REPRESENTATION_CONTEXT() REPRESENTATION_CONTEXT('2D SPACE',''
  ) );
#14624 = PCURVE('',#14119,#14625);
#14625 = DEFINITIONAL_REPRESENTATION('',(#14626),#14630);
#14626 = LINE('',#14627,#14628);
#14627 = CARTESIAN_POINT('',(0.,8.855));
#14628 = VECTOR('',#14629,1.);
#14629 = DIRECTION('',(1.,0.));
#14630 = ( GEOMETRIC_REPRESENTATION_CONTEXT(2) 
PARAMETRIC_REPRESENTATION_CONTEXT() REPRESENTATION_CONTEXT('2D SPACE',''
  ) );
#14631 = ADVANCED_FACE('',(#14632),#13111,.F.);
#14632 = FACE_BOUND('',#14633,.F.);
#14633 = EDGE_LOOP('',(#14634,#14635,#14636,#14659,#14687,#14708));
#14634 = ORIENTED_EDGE('',*,*,#13095,.F.);
#14635 = ORIENTED_EDGE('',*,*,#14558,.F.);
#14636 = ORIENTED_EDGE('',*,*,#14637,.F.);
#14637 = EDGE_CURVE('',#14638,#14536,#14640,.T.);
#14638 = VERTEX_POINT('',#14639);
#14639 = CARTESIAN_POINT('',(31.,34.4,13.4));
#14640 = SURFACE_CURVE('',#14641,(#14645,#14652),.PCURVE_S1.);
#14641 = LINE('',#14642,#14643);
#14642 = CARTESIAN_POINT('',(31.,34.4,13.4));
#14643 = VECTOR('',#14644,1.);
#14644 = DIRECTION('',(0.,0.,-1.));
#14645 = PCURVE('',#13111,#14646);
#14646 = DEFINITIONAL_REPRESENTATION('',(#14647),#14651);
#14647 = LINE('',#14648,#14649);
#14648 = CARTESIAN_POINT('',(10.8,-26.));
#14649 = VECTOR('',#14650,1.);
#14650 = DIRECTION('',(-1.,0.));
#14651 = ( GEOMETRIC_REPRESENTATION_CONTEXT(2) 
PARAMETRIC_REPRESENTATION_CONTEXT() REPRESENTATION_CONTEXT('2D SPACE',''
  ) );
#14652 = PCURVE('',#13854,#14653);
#14653 = DEFINITIONAL_REPRESENTATION('',(#14654),#14658);
#14654 = LINE('',#14655,#14656);
#14655 = CARTESIAN_POINT('',(10.8,0.));
#14656 = VECTOR('',#14657,1.);
#14657 = DIRECTION('',(-1.,0.));
#14658 = ( GEOMETRIC_REPRESENTATION_CONTEXT(2) 
PARAMETRIC_REPRESENTATION_CONTEXT() REPRESENTATION_CONTEXT('2D SPACE',''
  ) );
#14659 = ORIENTED_EDGE('',*,*,#14660,.F.);
#14660 = EDGE_CURVE('',#14661,#14638,#14663,.T.);
#14661 = VERTEX_POINT('',#14662);
#14662 = CARTESIAN_POINT('',(31.,31.6,13.4));
#14663 = SURFACE_CURVE('',#14664,(#14668,#14675),.PCURVE_S1.);
#14664 = LINE('',#14665,#14666);
#14665 = CARTESIAN_POINT('',(31.,31.6,13.4));
#14666 = VECTOR('',#14667,1.);
#14667 = DIRECTION('',(0.,1.,0.));
#14668 = PCURVE('',#13111,#14669);
#14669 = DEFINITIONAL_REPRESENTATION('',(#14670),#14674);
#14670 = LINE('',#14671,#14672);
#14671 = CARTESIAN_POINT('',(10.8,-23.2));
#14672 = VECTOR('',#14673,1.);
#14673 = DIRECTION('',(0.,-1.));
#14674 = ( GEOMETRIC_REPRESENTATION_CONTEXT(2) 
PARAMETRIC_REPRESENTATION_CONTEXT() REPRESENTATION_CONTEXT('2D SPACE',''
  ) );
#14675 = PCURVE('',#14676,#14681);
#14676 = PLANE('',#14677);
#14677 = AXIS2_PLACEMENT_3D('',#14678,#14679,#14680);
#14678 = CARTESIAN_POINT('',(31.,31.6,13.4));
#14679 = DIRECTION('',(0.,0.,1.));
#14680 = DIRECTION('',(1.,0.,0.));
#14681 = DEFINITIONAL_REPRESENTATION('',(#14682),#14686);
#14682 = LINE('',#14683,#14684);
#14683 = CARTESIAN_POINT('',(0.,0.));
#14684 = VECTOR('',#14685,1.);
#14685 = DIRECTION('',(0.,1.));
#14686 = ( GEOMETRIC_REPRESENTATION_CONTEXT(2) 
PARAMETRIC_REPRESENTATION_CONTEXT() REPRESENTATION_CONTEXT('2D SPACE',''
  ) );
#14687 = ORIENTED_EDGE('',*,*,#14688,.F.);
#14688 = EDGE_CURVE('',#14381,#14661,#14689,.T.);
#14689 = SURFACE_CURVE('',#14690,(#14694,#14701),.PCURVE_S1.);
#14690 = LINE('',#14691,#14692);
#14691 = CARTESIAN_POINT('',(31.,31.6,5.4));
#14692 = VECTOR('',#14693,1.);
#14693 = DIRECTION('',(0.,0.,1.));
#14694 = PCURVE('',#13111,#14695);
#14695 = DEFINITIONAL_REPRESENTATION('',(#14696),#14700);
#14696 = LINE('',#14697,#14698);
#14697 = CARTESIAN_POINT('',(2.8,-23.2));
#14698 = VECTOR('',#14699,1.);
#14699 = DIRECTION('',(1.,0.));
#14700 = ( GEOMETRIC_REPRESENTATION_CONTEXT(2) 
PARAMETRIC_REPRESENTATION_CONTEXT() REPRESENTATION_CONTEXT('2D SPACE',''
  ) );
#14701 = PCURVE('',#14396,#14702);
#14702 = DEFINITIONAL_REPRESENTATION('',(#14703),#14707);
#14703 = LINE('',#14704,#14705);
#14704 = CARTESIAN_POINT('',(0.,0.));
#14705 = VECTOR('',#14706,1.);
#14706 = DIRECTION('',(1.,0.));
#14707 = ( GEOMETRIC_REPRESENTATION_CONTEXT(2) 
PARAMETRIC_REPRESENTATION_CONTEXT() REPRESENTATION_CONTEXT('2D SPACE',''
  ) );
#14708 = ORIENTED_EDGE('',*,*,#14408,.T.);
#14709 = ADVANCED_FACE('',(#14710),#13215,.F.);
#14710 = FACE_BOUND('',#14711,.F.);
#14711 = EDGE_LOOP('',(#14712,#14713,#14736,#14758));
#14712 = ORIENTED_EDGE('',*,*,#13198,.F.);
#14713 = ORIENTED_EDGE('',*,*,#14714,.F.);
#14714 = EDGE_CURVE('',#14715,#13199,#14717,.T.);
#14715 = VERTEX_POINT('',#14716);
#14716 = CARTESIAN_POINT('',(-7.,0.,1.));
#14717 = SEAM_CURVE('',#14718,(#14722,#14729),.PCURVE_S1.);
#14718 = LINE('',#14719,#14720);
#14719 = CARTESIAN_POINT('',(-7.,-0.5,1.));
#14720 = VECTOR('',#14721,1.);
#14721 = DIRECTION('',(0.,1.,0.));
#14722 = PCURVE('',#13215,#14723);
#14723 = DEFINITIONAL_REPRESENTATION('',(#14724),#14728);
#14724 = LINE('',#14725,#14726);
#14725 = CARTESIAN_POINT('',(6.28318530718,-0.));
#14726 = VECTOR('',#14727,1.);
#14727 = DIRECTION('',(0.,1.));
#14728 = ( GEOMETRIC_REPRESENTATION_CONTEXT(2) 
PARAMETRIC_REPRESENTATION_CONTEXT() REPRESENTATION_CONTEXT('2D SPACE',''
  ) );
#14729 = PCURVE('',#13215,#14730);
#14730 = DEFINITIONAL_REPRESENTATION('',(#14731),#14735);
#14731 = LINE('',#14732,#14733);
#14732 = CARTESIAN_POINT('',(0.,-0.));
#14733 = VECTOR('',#14734,1.);
#14734 = DIRECTION('',(0.,1.));
#14735 = ( GEOMETRIC_REPRESENTATION_CONTEXT(2) 
PARAMETRIC_REPRESENTATION_CONTEXT() REPRESENTATION_CONTEXT('2D SPACE',''
  ) );
#14736 = ORIENTED_EDGE('',*,*,#14737,.T.);
#14737 = EDGE_CURVE('',#14715,#14715,#14738,.T.);
#14738 = SURFACE_CURVE('',#14739,(#14744,#14751),.PCURVE_S1.);
#14739 = CIRCLE('',#14740,1.);
#14740 = AXIS2_PLACEMENT_3D('',#14741,#14742,#14743);
#14741 = CARTESIAN_POINT('',(-7.,0.,0.));
#14742 = DIRECTION('',(0.,1.,0.));
#14743 = DIRECTION('',(0.,-0.,1.));
#14744 = PCURVE('',#13215,#14745);
#14745 = DEFINITIONAL_REPRESENTATION('',(#14746),#14750);
#14746 = LINE('',#14747,#14748);
#14747 = CARTESIAN_POINT('',(0.,0.5));
#14748 = VECTOR('',#14749,1.);
#14749 = DIRECTION('',(1.,0.));
#14750 = ( GEOMETRIC_REPRESENTATION_CONTEXT(2) 
PARAMETRIC_REPRESENTATION_CONTEXT() REPRESENTATION_CONTEXT('2D SPACE',''
  ) );
#14751 = PCURVE('',#14520,#14752);
#14752 = DEFINITIONAL_REPRESENTATION('',(#14753),#14757);
#14753 = CIRCLE('',#14754,1.);
#14754 = AXIS2_PLACEMENT_2D('',#14755,#14756);
#14755 = CARTESIAN_POINT('',(0.,-7.));
#14756 = DIRECTION('',(1.,0.));
#14757 = ( GEOMETRIC_REPRESENTATION_CONTEXT(2) 
PARAMETRIC_REPRESENTATION_CONTEXT() REPRESENTATION_CONTEXT('2D SPACE',''
  ) );
#14758 = ORIENTED_EDGE('',*,*,#14714,.T.);
#14759 = ADVANCED_FACE('',(#14760),#13246,.F.);
#14760 = FACE_BOUND('',#14761,.F.);
#14761 = EDGE_LOOP('',(#14762,#14763,#14786,#14808));
#14762 = ORIENTED_EDGE('',*,*,#13229,.F.);
#14763 = ORIENTED_EDGE('',*,*,#14764,.F.);
#14764 = EDGE_CURVE('',#14765,#13230,#14767,.T.);
#14765 = VERTEX_POINT('',#14766);
#14766 = CARTESIAN_POINT('',(-2.449293598295E-16,0.,-6.));
#14767 = SEAM_CURVE('',#14768,(#14772,#14779),.PCURVE_S1.);
#14768 = LINE('',#14769,#14770);
#14769 = CARTESIAN_POINT('',(-2.449293598295E-16,-0.5,-6.));
#14770 = VECTOR('',#14771,1.);
#14771 = DIRECTION('',(0.,1.,0.));
#14772 = PCURVE('',#13246,#14773);
#14773 = DEFINITIONAL_REPRESENTATION('',(#14774),#14778);
#14774 = LINE('',#14775,#14776);
#14775 = CARTESIAN_POINT('',(6.28318530718,-0.));
#14776 = VECTOR('',#14777,1.);
#14777 = DIRECTION('',(0.,1.));
#14778 = ( GEOMETRIC_REPRESENTATION_CONTEXT(2) 
PARAMETRIC_REPRESENTATION_CONTEXT() REPRESENTATION_CONTEXT('2D SPACE',''
  ) );
#14779 = PCURVE('',#13246,#14780);
#14780 = DEFINITIONAL_REPRESENTATION('',(#14781),#14785);
#14781 = LINE('',#14782,#14783);
#14782 = CARTESIAN_POINT('',(0.,-0.));
#14783 = VECTOR('',#14784,1.);
#14784 = DIRECTION('',(0.,1.));
#14785 = ( GEOMETRIC_REPRESENTATION_CONTEXT(2) 
PARAMETRIC_REPRESENTATION_CONTEXT() REPRESENTATION_CONTEXT('2D SPACE',''
  ) );
#14786 = ORIENTED_EDGE('',*,*,#14787,.T.);
#14787 = EDGE_CURVE('',#14765,#14765,#14788,.T.);
#14788 = SURFACE_CURVE('',#14789,(#14794,#14801),.PCURVE_S1.);
#14789 = CIRCLE('',#14790,1.);
#14790 = AXIS2_PLACEMENT_3D('',#14791,#14792,#14793);
#14791 = CARTESIAN_POINT('',(0.,0.,-7.));
#14792 = DIRECTION('',(0.,1.,0.));
#14793 = DIRECTION('',(0.,-0.,1.));
#14794 = PCURVE('',#13246,#14795);
#14795 = DEFINITIONAL_REPRESENTATION('',(#14796),#14800);
#14796 = LINE('',#14797,#14798);
#14797 = CARTESIAN_POINT('',(0.,0.5));
#14798 = VECTOR('',#14799,1.);
#14799 = DIRECTION('',(1.,0.));
#14800 = ( GEOMETRIC_REPRESENTATION_CONTEXT(2) 
PARAMETRIC_REPRESENTATION_CONTEXT() REPRESENTATION_CONTEXT('2D SPACE',''
  ) );
#14801 = PCURVE('',#14520,#14802);
#14802 = DEFINITIONAL_REPRESENTATION('',(#14803),#14807);
#14803 = CIRCLE('',#14804,1.);
#14804 = AXIS2_PLACEMENT_2D('',#14805,#14806);
#14805 = CARTESIAN_POINT('',(-7.,0.));
#14806 = DIRECTION('',(1.,0.));
#14807 = ( GEOMETRIC_REPRESENTATION_CONTEXT(2) 
PARAMETRIC_REPRESENTATION_CONTEXT() REPRESENTATION_CONTEXT('2D SPACE',''
  ) );
#14808 = ORIENTED_EDGE('',*,*,#14764,.T.);
#14809 = ADVANCED_FACE('',(#14810),#13277,.F.);
#14810 = FACE_BOUND('',#14811,.F.);
#14811 = EDGE_LOOP('',(#14812,#14813,#14836,#14858));
#14812 = ORIENTED_EDGE('',*,*,#13260,.F.);
#14813 = ORIENTED_EDGE('',*,*,#14814,.F.);
#14814 = EDGE_CURVE('',#14815,#13261,#14817,.T.);
#14815 = VERTEX_POINT('',#14816);
#14816 = CARTESIAN_POINT('',(-3.918869757272E-16,0.,1.6));
#14817 = SEAM_CURVE('',#14818,(#14822,#14829),.PCURVE_S1.);
#14818 = LINE('',#14819,#14820);
#14819 = CARTESIAN_POINT('',(-3.918869757272E-16,-0.5,1.6));
#14820 = VECTOR('',#14821,1.);
#14821 = DIRECTION('',(0.,1.,0.));
#14822 = PCURVE('',#13277,#14823);
#14823 = DEFINITIONAL_REPRESENTATION('',(#14824),#14828);
#14824 = LINE('',#14825,#14826);
#14825 = CARTESIAN_POINT('',(6.28318530718,-0.));
#14826 = VECTOR('',#14827,1.);
#14827 = DIRECTION('',(0.,1.));
#14828 = ( GEOMETRIC_REPRESENTATION_CONTEXT(2) 
PARAMETRIC_REPRESENTATION_CONTEXT() REPRESENTATION_CONTEXT('2D SPACE',''
  ) );
#14829 = PCURVE('',#13277,#14830);
#14830 = DEFINITIONAL_REPRESENTATION('',(#14831),#14835);
#14831 = LINE('',#14832,#14833);
#14832 = CARTESIAN_POINT('',(0.,-0.));
#14833 = VECTOR('',#14834,1.);
#14834 = DIRECTION('',(0.,1.));
#14835 = ( GEOMETRIC_REPRESENTATION_CONTEXT(2) 
PARAMETRIC_REPRESENTATION_CONTEXT() REPRESENTATION_CONTEXT('2D SPACE',''
  ) );
#14836 = ORIENTED_EDGE('',*,*,#14837,.T.);
#14837 = EDGE_CURVE('',#14815,#14815,#14838,.T.);
#14838 = SURFACE_CURVE('',#14839,(#14844,#14851),.PCURVE_S1.);
#14839 = CIRCLE('',#14840,1.6);
#14840 = AXIS2_PLACEMENT_3D('',#14841,#14842,#14843);
#14841 = CARTESIAN_POINT('',(0.,0.,0.));
#14842 = DIRECTION('',(0.,1.,0.));
#14843 = DIRECTION('',(0.,-0.,1.));
#14844 = PCURVE('',#13277,#14845);
#14845 = DEFINITIONAL_REPRESENTATION('',(#14846),#14850);
#14846 = LINE('',#14847,#14848);
#14847 = CARTESIAN_POINT('',(0.,0.5));
#14848 = VECTOR('',#14849,1.);
#14849 = DIRECTION('',(1.,0.));
#14850 = ( GEOMETRIC_REPRESENTATION_CONTEXT(2) 
PARAMETRIC_REPRESENTATION_CONTEXT() REPRESENTATION_CONTEXT('2D SPACE',''
  ) );
#14851 = PCURVE('',#14520,#14852);
#14852 = DEFINITIONAL_REPRESENTATION('',(#14853),#14857);
#14853 = CIRCLE('',#14854,1.6);
#14854 = AXIS2_PLACEMENT_2D('',#14855,#14856);
#14855 = CARTESIAN_POINT('',(0.,0.));
#14856 = DIRECTION('',(1.,0.));
#14857 = ( GEOMETRIC_REPRESENTATION_CONTEXT(2) 
PARAMETRIC_REPRESENTATION_CONTEXT() REPRESENTATION_CONTEXT('2D SPACE',''
  ) );
#14858 = ORIENTED_EDGE('',*,*,#14814,.T.);
#14859 = ADVANCED_FACE('',(#14860),#13308,.F.);
#14860 = FACE_BOUND('',#14861,.F.);
#14861 = EDGE_LOOP('',(#14862,#14863,#14886,#14908));
#14862 = ORIENTED_EDGE('',*,*,#13291,.F.);
#14863 = ORIENTED_EDGE('',*,*,#14864,.F.);
#14864 = EDGE_CURVE('',#14865,#13292,#14867,.T.);
#14865 = VERTEX_POINT('',#14866);
#14866 = CARTESIAN_POINT('',(7.,0.,1.));
#14867 = SEAM_CURVE('',#14868,(#14872,#14879),.PCURVE_S1.);
#14868 = LINE('',#14869,#14870);
#14869 = CARTESIAN_POINT('',(7.,-0.5,1.));
#14870 = VECTOR('',#14871,1.);
#14871 = DIRECTION('',(0.,1.,0.));
#14872 = PCURVE('',#13308,#14873);
#14873 = DEFINITIONAL_REPRESENTATION('',(#14874),#14878);
#14874 = LINE('',#14875,#14876);
#14875 = CARTESIAN_POINT('',(6.28318530718,-0.));
#14876 = VECTOR('',#14877,1.);
#14877 = DIRECTION('',(0.,1.));
#14878 = ( GEOMETRIC_REPRESENTATION_CONTEXT(2) 
PARAMETRIC_REPRESENTATION_CONTEXT() REPRESENTATION_CONTEXT('2D SPACE',''
  ) );
#14879 = PCURVE('',#13308,#14880);
#14880 = DEFINITIONAL_REPRESENTATION('',(#14881),#14885);
#14881 = LINE('',#14882,#14883);
#14882 = CARTESIAN_POINT('',(0.,-0.));
#14883 = VECTOR('',#14884,1.);
#14884 = DIRECTION('',(0.,1.));
#14885 = ( GEOMETRIC_REPRESENTATION_CONTEXT(2) 
PARAMETRIC_REPRESENTATION_CONTEXT() REPRESENTATION_CONTEXT('2D SPACE',''
  ) );
#14886 = ORIENTED_EDGE('',*,*,#14887,.T.);
#14887 = EDGE_CURVE('',#14865,#14865,#14888,.T.);
#14888 = SURFACE_CURVE('',#14889,(#14894,#14901),.PCURVE_S1.);
#14889 = CIRCLE('',#14890,1.);
#14890 = AXIS2_PLACEMENT_3D('',#14891,#14892,#14893);
#14891 = CARTESIAN_POINT('',(7.,0.,0.));
#14892 = DIRECTION('',(0.,1.,0.));
#14893 = DIRECTION('',(0.,-0.,1.));
#14894 = PCURVE('',#13308,#14895);
#14895 = DEFINITIONAL_REPRESENTATION('',(#14896),#14900);
#14896 = LINE('',#14897,#14898);
#14897 = CARTESIAN_POINT('',(0.,0.5));
#14898 = VECTOR('',#14899,1.);
#14899 = DIRECTION('',(1.,0.));
#14900 = ( GEOMETRIC_REPRESENTATION_CONTEXT(2) 
PARAMETRIC_REPRESENTATION_CONTEXT() REPRESENTATION_CONTEXT('2D SPACE',''
  ) );
#14901 = PCURVE('',#14520,#14902);
#14902 = DEFINITIONAL_REPRESENTATION('',(#14903),#14907);
#14903 = CIRCLE('',#14904,1.);
#14904 = AXIS2_PLACEMENT_2D('',#14905,#14906);
#14905 = CARTESIAN_POINT('',(0.,7.));
#14906 = DIRECTION('',(1.,0.));
#14907 = ( GEOMETRIC_REPRESENTATION_CONTEXT(2) 
PARAMETRIC_REPRESENTATION_CONTEXT() REPRESENTATION_CONTEXT('2D SPACE',''
  ) );
#14908 = ORIENTED_EDGE('',*,*,#14864,.T.);
#14909 = ADVANCED_FACE('',(#14910),#13412,.T.);
#14910 = FACE_BOUND('',#14911,.T.);
#14911 = EDGE_LOOP('',(#14912,#14913,#14914,#14937,#14958,#14959));
#14912 = ORIENTED_EDGE('',*,*,#13607,.F.);
#14913 = ORIENTED_EDGE('',*,*,#14180,.T.);
#14914 = ORIENTED_EDGE('',*,*,#14915,.T.);
#14915 = EDGE_CURVE('',#14153,#14916,#14918,.T.);
#14916 = VERTEX_POINT('',#14917);
#14917 = CARTESIAN_POINT('',(-34.455,8.4,38.51));
#14918 = SURFACE_CURVE('',#14919,(#14923,#14930),.PCURVE_S1.);
#14919 = LINE('',#14920,#14921);
#14920 = CARTESIAN_POINT('',(-34.455,8.4,5.4));
#14921 = VECTOR('',#14922,1.);
#14922 = DIRECTION('',(0.,0.,1.));
#14923 = PCURVE('',#13412,#14924);
#14924 = DEFINITIONAL_REPRESENTATION('',(#14925),#14929);
#14925 = LINE('',#14926,#14927);
#14926 = CARTESIAN_POINT('',(0.,-2.));
#14927 = VECTOR('',#14928,1.);
#14928 = DIRECTION('',(1.,0.));
#14929 = ( GEOMETRIC_REPRESENTATION_CONTEXT(2) 
PARAMETRIC_REPRESENTATION_CONTEXT() REPRESENTATION_CONTEXT('2D SPACE',''
  ) );
#14930 = PCURVE('',#14168,#14931);
#14931 = DEFINITIONAL_REPRESENTATION('',(#14932),#14936);
#14932 = LINE('',#14933,#14934);
#14933 = CARTESIAN_POINT('',(0.,5.4));
#14934 = VECTOR('',#14935,1.);
#14935 = DIRECTION('',(1.,0.));
#14936 = ( GEOMETRIC_REPRESENTATION_CONTEXT(2) 
PARAMETRIC_REPRESENTATION_CONTEXT() REPRESENTATION_CONTEXT('2D SPACE',''
  ) );
#14937 = ORIENTED_EDGE('',*,*,#14938,.T.);
#14938 = EDGE_CURVE('',#14916,#13397,#14939,.T.);
#14939 = SURFACE_CURVE('',#14940,(#14944,#14951),.PCURVE_S1.);
#14940 = LINE('',#14941,#14942);
#14941 = CARTESIAN_POINT('',(-34.455,8.4,38.51));
#14942 = VECTOR('',#14943,1.);
#14943 = DIRECTION('',(0.,1.,0.));
#14944 = PCURVE('',#13412,#14945);
#14945 = DEFINITIONAL_REPRESENTATION('',(#14946),#14950);
#14946 = LINE('',#14947,#14948);
#14947 = CARTESIAN_POINT('',(33.11,-2.));
#14948 = VECTOR('',#14949,1.);
#14949 = DIRECTION('',(0.,-1.));
#14950 = ( GEOMETRIC_REPRESENTATION_CONTEXT(2) 
PARAMETRIC_REPRESENTATION_CONTEXT() REPRESENTATION_CONTEXT('2D SPACE',''
  ) );
#14951 = PCURVE('',#13440,#14952);
#14952 = DEFINITIONAL_REPRESENTATION('',(#14953),#14957);
#14953 = LINE('',#14954,#14955);
#14954 = CARTESIAN_POINT('',(5.4,0.));
#14955 = VECTOR('',#14956,1.);
#14956 = DIRECTION('',(0.,1.));
#14957 = ( GEOMETRIC_REPRESENTATION_CONTEXT(2) 
PARAMETRIC_REPRESENTATION_CONTEXT() REPRESENTATION_CONTEXT('2D SPACE',''
  ) );
#14958 = ORIENTED_EDGE('',*,*,#13396,.T.);
#14959 = ORIENTED_EDGE('',*,*,#13557,.F.);
#14960 = ADVANCED_FACE('',(#14961),#13440,.F.);
#14961 = FACE_BOUND('',#14962,.F.);
#14962 = EDGE_LOOP('',(#14963,#14964,#14985,#15006));
#14963 = ORIENTED_EDGE('',*,*,#13424,.F.);
#14964 = ORIENTED_EDGE('',*,*,#14965,.T.);
#14965 = EDGE_CURVE('',#13425,#14966,#14968,.T.);
#14966 = VERTEX_POINT('',#14967);
#14967 = CARTESIAN_POINT('',(-37.055,8.4,38.51));
#14968 = SURFACE_CURVE('',#14969,(#14973,#14979),.PCURVE_S1.);
#14969 = LINE('',#14970,#14971);
#14970 = CARTESIAN_POINT('',(-37.055,8.4,38.51));
#14971 = VECTOR('',#14972,1.);
#14972 = DIRECTION('',(0.,-1.,0.));
#14973 = PCURVE('',#13440,#14974);
#14974 = DEFINITIONAL_REPRESENTATION('',(#14975),#14978);
#14975 = B_SPLINE_CURVE_WITH_KNOTS('',1,(#14976,#14977),.UNSPECIFIED.,
  .F.,.F.,(2,2),(-26.,0.),.PIECEWISE_BEZIER_KNOTS.);
#14976 = CARTESIAN_POINT('',(2.8,26.));
#14977 = CARTESIAN_POINT('',(2.8,0.));
#14978 = ( GEOMETRIC_REPRESENTATION_CONTEXT(2) 
PARAMETRIC_REPRESENTATION_CONTEXT() REPRESENTATION_CONTEXT('2D SPACE',''
  ) );
#14979 = PCURVE('',#13468,#14980);
#14980 = DEFINITIONAL_REPRESENTATION('',(#14981),#14984);
#14981 = B_SPLINE_CURVE_WITH_KNOTS('',1,(#14982,#14983),.UNSPECIFIED.,
  .F.,.F.,(2,2),(-26.,0.),.PIECEWISE_BEZIER_KNOTS.);
#14982 = CARTESIAN_POINT('',(35.91,-26.));
#14983 = CARTESIAN_POINT('',(35.91,0.));
#14984 = ( GEOMETRIC_REPRESENTATION_CONTEXT(2) 
PARAMETRIC_REPRESENTATION_CONTEXT() REPRESENTATION_CONTEXT('2D SPACE',''
  ) );
#14985 = ORIENTED_EDGE('',*,*,#14986,.T.);
#14986 = EDGE_CURVE('',#14966,#14916,#14987,.T.);
#14987 = SURFACE_CURVE('',#14988,(#14992,#14999),.PCURVE_S1.);
#14988 = LINE('',#14989,#14990);
#14989 = CARTESIAN_POINT('',(-39.855,8.4,38.51));
#14990 = VECTOR('',#14991,1.);
#14991 = DIRECTION('',(1.,0.,0.));
#14992 = PCURVE('',#13440,#14993);
#14993 = DEFINITIONAL_REPRESENTATION('',(#14994),#14998);
#14994 = LINE('',#14995,#14996);
#14995 = CARTESIAN_POINT('',(0.,0.));
#14996 = VECTOR('',#14997,1.);
#14997 = DIRECTION('',(1.,0.));
#14998 = ( GEOMETRIC_REPRESENTATION_CONTEXT(2) 
PARAMETRIC_REPRESENTATION_CONTEXT() REPRESENTATION_CONTEXT('2D SPACE',''
  ) );
#14999 = PCURVE('',#14168,#15000);
#15000 = DEFINITIONAL_REPRESENTATION('',(#15001),#15005);
#15001 = LINE('',#15002,#15003);
#15002 = CARTESIAN_POINT('',(33.11,0.));
#15003 = VECTOR('',#15004,1.);
#15004 = DIRECTION('',(0.,1.));
#15005 = ( GEOMETRIC_REPRESENTATION_CONTEXT(2) 
PARAMETRIC_REPRESENTATION_CONTEXT() REPRESENTATION_CONTEXT('2D SPACE',''
  ) );
#15006 = ORIENTED_EDGE('',*,*,#14938,.T.);
#15007 = ADVANCED_FACE('',(#15008,#15074),#13468,.T.);
#15008 = FACE_BOUND('',#15009,.T.);
#15009 = EDGE_LOOP('',(#15010,#15031,#15032,#15053,#15072,#15073));
#15010 = ORIENTED_EDGE('',*,*,#15011,.F.);
#15011 = EDGE_CURVE('',#14132,#14966,#15012,.T.);
#15012 = SURFACE_CURVE('',#15013,(#15017,#15024),.PCURVE_S1.);
#15013 = LINE('',#15014,#15015);
#15014 = CARTESIAN_POINT('',(-37.055,8.4,2.6));
#15015 = VECTOR('',#15016,1.);
#15016 = DIRECTION('',(0.,0.,1.));
#15017 = PCURVE('',#13468,#15018);
#15018 = DEFINITIONAL_REPRESENTATION('',(#15019),#15023);
#15019 = LINE('',#15020,#15021);
#15020 = CARTESIAN_POINT('',(0.,0.));
#15021 = VECTOR('',#15022,1.);
#15022 = DIRECTION('',(1.,0.));
#15023 = ( GEOMETRIC_REPRESENTATION_CONTEXT(2) 
PARAMETRIC_REPRESENTATION_CONTEXT() REPRESENTATION_CONTEXT('2D SPACE',''
  ) );
#15024 = PCURVE('',#14168,#15025);
#15025 = DEFINITIONAL_REPRESENTATION('',(#15026),#15030);
#15026 = LINE('',#15027,#15028);
#15027 = CARTESIAN_POINT('',(-2.8,2.8));
#15028 = VECTOR('',#15029,1.);
#15029 = DIRECTION('',(1.,0.));
#15030 = ( GEOMETRIC_REPRESENTATION_CONTEXT(2) 
PARAMETRIC_REPRESENTATION_CONTEXT() REPRESENTATION_CONTEXT('2D SPACE',''
  ) );
#15031 = ORIENTED_EDGE('',*,*,#14131,.T.);
#15032 = ORIENTED_EDGE('',*,*,#15033,.T.);
#15033 = EDGE_CURVE('',#14104,#15034,#15036,.T.);
#15034 = VERTEX_POINT('',#15035);
#15035 = CARTESIAN_POINT('',(-37.055,31.6,13.4));
#15036 = SURFACE_CURVE('',#15037,(#15041,#15047),.PCURVE_S1.);
#15037 = LINE('',#15038,#15039);
#15038 = CARTESIAN_POINT('',(-37.055,31.6,4.));
#15039 = VECTOR('',#15040,1.);
#15040 = DIRECTION('',(0.,0.,1.));
#15041 = PCURVE('',#13468,#15042);
#15042 = DEFINITIONAL_REPRESENTATION('',(#15043),#15046);
#15043 = B_SPLINE_CURVE_WITH_KNOTS('',1,(#15044,#15045),.UNSPECIFIED.,
  .F.,.F.,(2,2),(1.4,9.4),.PIECEWISE_BEZIER_KNOTS.);
#15044 = CARTESIAN_POINT('',(2.8,-23.2));
#15045 = CARTESIAN_POINT('',(10.8,-23.2));
#15046 = ( GEOMETRIC_REPRESENTATION_CONTEXT(2) 
PARAMETRIC_REPRESENTATION_CONTEXT() REPRESENTATION_CONTEXT('2D SPACE',''
  ) );
#15047 = PCURVE('',#14119,#15048);
#15048 = DEFINITIONAL_REPRESENTATION('',(#15049),#15052);
#15049 = B_SPLINE_CURVE_WITH_KNOTS('',1,(#15050,#15051),.UNSPECIFIED.,
  .F.,.F.,(2,2),(1.4,9.4),.PIECEWISE_BEZIER_KNOTS.);
#15050 = CARTESIAN_POINT('',(0.,2.8));
#15051 = CARTESIAN_POINT('',(8.,2.8));
#15052 = ( GEOMETRIC_REPRESENTATION_CONTEXT(2) 
PARAMETRIC_REPRESENTATION_CONTEXT() REPRESENTATION_CONTEXT('2D SPACE',''
  ) );
#15053 = ORIENTED_EDGE('',*,*,#15054,.F.);
#15054 = EDGE_CURVE('',#13453,#15034,#15055,.T.);
#15055 = SURFACE_CURVE('',#15056,(#15060,#15066),.PCURVE_S1.);
#15056 = LINE('',#15057,#15058);
#15057 = CARTESIAN_POINT('',(-37.055,20.,13.4));
#15058 = VECTOR('',#15059,1.);
#15059 = DIRECTION('',(0.,-1.,0.));
#15060 = PCURVE('',#13468,#15061);
#15061 = DEFINITIONAL_REPRESENTATION('',(#15062),#15065);
#15062 = B_SPLINE_CURVE_WITH_KNOTS('',1,(#15063,#15064),.UNSPECIFIED.,
  .F.,.F.,(2,2),(-14.4,-11.6),.PIECEWISE_BEZIER_KNOTS.);
#15063 = CARTESIAN_POINT('',(10.8,-26.));
#15064 = CARTESIAN_POINT('',(10.8,-23.2));
#15065 = ( GEOMETRIC_REPRESENTATION_CONTEXT(2) 
PARAMETRIC_REPRESENTATION_CONTEXT() REPRESENTATION_CONTEXT('2D SPACE',''
  ) );
#15066 = PCURVE('',#13496,#15067);
#15067 = DEFINITIONAL_REPRESENTATION('',(#15068),#15071);
#15068 = B_SPLINE_CURVE_WITH_KNOTS('',1,(#15069,#15070),.UNSPECIFIED.,
  .F.,.F.,(2,2),(-14.4,-11.6),.PIECEWISE_BEZIER_KNOTS.);
#15069 = CARTESIAN_POINT('',(2.8,2.8));
#15070 = CARTESIAN_POINT('',(2.8,0.));
#15071 = ( GEOMETRIC_REPRESENTATION_CONTEXT(2) 
PARAMETRIC_REPRESENTATION_CONTEXT() REPRESENTATION_CONTEXT('2D SPACE',''
  ) );
#15072 = ORIENTED_EDGE('',*,*,#13452,.T.);
#15073 = ORIENTED_EDGE('',*,*,#14965,.T.);
#15074 = FACE_BOUND('',#15075,.T.);
#15075 = EDGE_LOOP('',(#15076));
#15076 = ORIENTED_EDGE('',*,*,#15077,.F.);
#15077 = EDGE_CURVE('',#15078,#15078,#15080,.T.);
#15078 = VERTEX_POINT('',#15079);
#15079 = CARTESIAN_POINT('',(-37.055,23.8,23.9932));
#15080 = SURFACE_CURVE('',#15081,(#15086,#15093),.PCURVE_S1.);
#15081 = CIRCLE('',#15082,2.);
#15082 = AXIS2_PLACEMENT_3D('',#15083,#15084,#15085);
#15083 = CARTESIAN_POINT('',(-37.055,23.8,21.9932));
#15084 = DIRECTION('',(1.,0.,0.));
#15085 = DIRECTION('',(-0.,0.,1.));
#15086 = PCURVE('',#13468,#15087);
#15087 = DEFINITIONAL_REPRESENTATION('',(#15088),#15092);
#15088 = CIRCLE('',#15089,2.);
#15089 = AXIS2_PLACEMENT_2D('',#15090,#15091);
#15090 = CARTESIAN_POINT('',(19.3932,-15.4));
#15091 = DIRECTION('',(1.,0.));
#15092 = ( GEOMETRIC_REPRESENTATION_CONTEXT(2) 
PARAMETRIC_REPRESENTATION_CONTEXT() REPRESENTATION_CONTEXT('2D SPACE',''
  ) );
#15093 = PCURVE('',#15094,#15099);
#15094 = CYLINDRICAL_SURFACE('',#15095,2.);
#15095 = AXIS2_PLACEMENT_3D('',#15096,#15097,#15098);
#15096 = CARTESIAN_POINT('',(-39.855,23.8,21.9932));
#15097 = DIRECTION('',(1.,0.,0.));
#15098 = DIRECTION('',(-0.,0.,1.));
#15099 = DEFINITIONAL_REPRESENTATION('',(#15100),#15104);
#15100 = LINE('',#15101,#15102);
#15101 = CARTESIAN_POINT('',(0.,2.8));
#15102 = VECTOR('',#15103,1.);
#15103 = DIRECTION('',(1.,0.));
#15104 = ( GEOMETRIC_REPRESENTATION_CONTEXT(2) 
PARAMETRIC_REPRESENTATION_CONTEXT() REPRESENTATION_CONTEXT('2D SPACE',''
  ) );
#15105 = ADVANCED_FACE('',(#15106),#13496,.T.);
#15106 = FACE_BOUND('',#15107,.T.);
#15107 = EDGE_LOOP('',(#15108,#15109,#15110,#15131));
#15108 = ORIENTED_EDGE('',*,*,#13480,.F.);
#15109 = ORIENTED_EDGE('',*,*,#15054,.T.);
#15110 = ORIENTED_EDGE('',*,*,#15111,.T.);
#15111 = EDGE_CURVE('',#15034,#14589,#15112,.T.);
#15112 = SURFACE_CURVE('',#15113,(#15117,#15124),.PCURVE_S1.);
#15113 = LINE('',#15114,#15115);
#15114 = CARTESIAN_POINT('',(-39.855,31.6,13.4));
#15115 = VECTOR('',#15116,1.);
#15116 = DIRECTION('',(1.,0.,0.));
#15117 = PCURVE('',#13496,#15118);
#15118 = DEFINITIONAL_REPRESENTATION('',(#15119),#15123);
#15119 = LINE('',#15120,#15121);
#15120 = CARTESIAN_POINT('',(0.,0.));
#15121 = VECTOR('',#15122,1.);
#15122 = DIRECTION('',(1.,0.));
#15123 = ( GEOMETRIC_REPRESENTATION_CONTEXT(2) 
PARAMETRIC_REPRESENTATION_CONTEXT() REPRESENTATION_CONTEXT('2D SPACE',''
  ) );
#15124 = PCURVE('',#14119,#15125);
#15125 = DEFINITIONAL_REPRESENTATION('',(#15126),#15130);
#15126 = LINE('',#15127,#15128);
#15127 = CARTESIAN_POINT('',(8.,0.));
#15128 = VECTOR('',#15129,1.);
#15129 = DIRECTION('',(0.,1.));
#15130 = ( GEOMETRIC_REPRESENTATION_CONTEXT(2) 
PARAMETRIC_REPRESENTATION_CONTEXT() REPRESENTATION_CONTEXT('2D SPACE',''
  ) );
#15131 = ORIENTED_EDGE('',*,*,#14588,.T.);
#15132 = ADVANCED_FACE('',(#15133),#13854,.T.);
#15133 = FACE_BOUND('',#15134,.T.);
#15134 = EDGE_LOOP('',(#15135,#15136,#15137,#15138,#15161,#15184,#15212,
    #15235));
#15135 = ORIENTED_EDGE('',*,*,#13838,.F.);
#15136 = ORIENTED_EDGE('',*,*,#14535,.F.);
#15137 = ORIENTED_EDGE('',*,*,#14637,.F.);
#15138 = ORIENTED_EDGE('',*,*,#15139,.T.);
#15139 = EDGE_CURVE('',#14638,#15140,#15142,.T.);
#15140 = VERTEX_POINT('',#15141);
#15141 = CARTESIAN_POINT('',(37.055,34.4,13.4));
#15142 = SURFACE_CURVE('',#15143,(#15147,#15154),.PCURVE_S1.);
#15143 = LINE('',#15144,#15145);
#15144 = CARTESIAN_POINT('',(31.,34.4,13.4));
#15145 = VECTOR('',#15146,1.);
#15146 = DIRECTION('',(1.,0.,0.));
#15147 = PCURVE('',#13854,#15148);
#15148 = DEFINITIONAL_REPRESENTATION('',(#15149),#15153);
#15149 = LINE('',#15150,#15151);
#15150 = CARTESIAN_POINT('',(10.8,0.));
#15151 = VECTOR('',#15152,1.);
#15152 = DIRECTION('',(0.,1.));
#15153 = ( GEOMETRIC_REPRESENTATION_CONTEXT(2) 
PARAMETRIC_REPRESENTATION_CONTEXT() REPRESENTATION_CONTEXT('2D SPACE',''
  ) );
#15154 = PCURVE('',#14676,#15155);
#15155 = DEFINITIONAL_REPRESENTATION('',(#15156),#15160);
#15156 = LINE('',#15157,#15158);
#15157 = CARTESIAN_POINT('',(0.,2.8));
#15158 = VECTOR('',#15159,1.);
#15159 = DIRECTION('',(1.,0.));
#15160 = ( GEOMETRIC_REPRESENTATION_CONTEXT(2) 
PARAMETRIC_REPRESENTATION_CONTEXT() REPRESENTATION_CONTEXT('2D SPACE',''
  ) );
#15161 = ORIENTED_EDGE('',*,*,#15162,.T.);
#15162 = EDGE_CURVE('',#15140,#15163,#15165,.T.);
#15163 = VERTEX_POINT('',#15164);
#15164 = CARTESIAN_POINT('',(37.055,34.4,38.51));
#15165 = SURFACE_CURVE('',#15166,(#15170,#15177),.PCURVE_S1.);
#15166 = LINE('',#15167,#15168);
#15167 = CARTESIAN_POINT('',(37.055,34.4,2.6));
#15168 = VECTOR('',#15169,1.);
#15169 = DIRECTION('',(0.,0.,1.));
#15170 = PCURVE('',#13854,#15171);
#15171 = DEFINITIONAL_REPRESENTATION('',(#15172),#15176);
#15172 = LINE('',#15173,#15174);
#15173 = CARTESIAN_POINT('',(0.,6.055));
#15174 = VECTOR('',#15175,1.);
#15175 = DIRECTION('',(1.,0.));
#15176 = ( GEOMETRIC_REPRESENTATION_CONTEXT(2) 
PARAMETRIC_REPRESENTATION_CONTEXT() REPRESENTATION_CONTEXT('2D SPACE',''
  ) );
#15177 = PCURVE('',#14369,#15178);
#15178 = DEFINITIONAL_REPRESENTATION('',(#15179),#15183);
#15179 = LINE('',#15180,#15181);
#15180 = CARTESIAN_POINT('',(0.,-26.));
#15181 = VECTOR('',#15182,1.);
#15182 = DIRECTION('',(1.,0.));
#15183 = ( GEOMETRIC_REPRESENTATION_CONTEXT(2) 
PARAMETRIC_REPRESENTATION_CONTEXT() REPRESENTATION_CONTEXT('2D SPACE',''
  ) );
#15184 = ORIENTED_EDGE('',*,*,#15185,.F.);
#15185 = EDGE_CURVE('',#15186,#15163,#15188,.T.);
#15186 = VERTEX_POINT('',#15187);
#15187 = CARTESIAN_POINT('',(34.455,34.4,38.51));
#15188 = SURFACE_CURVE('',#15189,(#15193,#15200),.PCURVE_S1.);
#15189 = LINE('',#15190,#15191);
#15190 = CARTESIAN_POINT('',(34.455,34.4,38.51));
#15191 = VECTOR('',#15192,1.);
#15192 = DIRECTION('',(1.,0.,0.));
#15193 = PCURVE('',#13854,#15194);
#15194 = DEFINITIONAL_REPRESENTATION('',(#15195),#15199);
#15195 = LINE('',#15196,#15197);
#15196 = CARTESIAN_POINT('',(35.91,3.455));
#15197 = VECTOR('',#15198,1.);
#15198 = DIRECTION('',(0.,1.));
#15199 = ( GEOMETRIC_REPRESENTATION_CONTEXT(2) 
PARAMETRIC_REPRESENTATION_CONTEXT() REPRESENTATION_CONTEXT('2D SPACE',''
  ) );
#15200 = PCURVE('',#15201,#15206);
#15201 = PLANE('',#15202);
#15202 = AXIS2_PLACEMENT_3D('',#15203,#15204,#15205);
#15203 = CARTESIAN_POINT('',(34.455,8.4,38.51));
#15204 = DIRECTION('',(0.,0.,1.));
#15205 = DIRECTION('',(1.,0.,0.));
#15206 = DEFINITIONAL_REPRESENTATION('',(#15207),#15211);
#15207 = LINE('',#15208,#15209);
#15208 = CARTESIAN_POINT('',(0.,26.));
#15209 = VECTOR('',#15210,1.);
#15210 = DIRECTION('',(1.,0.));
#15211 = ( GEOMETRIC_REPRESENTATION_CONTEXT(2) 
PARAMETRIC_REPRESENTATION_CONTEXT() REPRESENTATION_CONTEXT('2D SPACE',''
  ) );
#15212 = ORIENTED_EDGE('',*,*,#15213,.T.);
#15213 = EDGE_CURVE('',#15186,#15214,#15216,.T.);
#15214 = VERTEX_POINT('',#15215);
#15215 = CARTESIAN_POINT('',(34.455,34.4,41.31));
#15216 = SURFACE_CURVE('',#15217,(#15221,#15228),.PCURVE_S1.);
#15217 = LINE('',#15218,#15219);
#15218 = CARTESIAN_POINT('',(34.455,34.4,38.51));
#15219 = VECTOR('',#15220,1.);
#15220 = DIRECTION('',(0.,0.,1.));
#15221 = PCURVE('',#13854,#15222);
#15222 = DEFINITIONAL_REPRESENTATION('',(#15223),#15227);
#15223 = LINE('',#15224,#15225);
#15224 = CARTESIAN_POINT('',(35.91,3.455));
#15225 = VECTOR('',#15226,1.);
#15226 = DIRECTION('',(1.,0.));
#15227 = ( GEOMETRIC_REPRESENTATION_CONTEXT(2) 
PARAMETRIC_REPRESENTATION_CONTEXT() REPRESENTATION_CONTEXT('2D SPACE',''
  ) );
#15228 = PCURVE('',#14314,#15229);
#15229 = DEFINITIONAL_REPRESENTATION('',(#15230),#15234);
#15230 = LINE('',#15231,#15232);
#15231 = CARTESIAN_POINT('',(33.11,-28.));
#15232 = VECTOR('',#15233,1.);
#15233 = DIRECTION('',(1.,0.));
#15234 = ( GEOMETRIC_REPRESENTATION_CONTEXT(2) 
PARAMETRIC_REPRESENTATION_CONTEXT() REPRESENTATION_CONTEXT('2D SPACE',''
  ) );
#15235 = ORIENTED_EDGE('',*,*,#15236,.F.);
#15236 = EDGE_CURVE('',#13839,#15214,#15237,.T.);
#15237 = SURFACE_CURVE('',#15238,(#15242,#15249),.PCURVE_S1.);
#15238 = LINE('',#15239,#15240);
#15239 = CARTESIAN_POINT('',(39.855,34.4,41.31));
#15240 = VECTOR('',#15241,1.);
#15241 = DIRECTION('',(-1.,0.,0.));
#15242 = PCURVE('',#13854,#15243);
#15243 = DEFINITIONAL_REPRESENTATION('',(#15244),#15248);
#15244 = LINE('',#15245,#15246);
#15245 = CARTESIAN_POINT('',(38.71,8.855));
#15246 = VECTOR('',#15247,1.);
#15247 = DIRECTION('',(0.,-1.));
#15248 = ( GEOMETRIC_REPRESENTATION_CONTEXT(2) 
PARAMETRIC_REPRESENTATION_CONTEXT() REPRESENTATION_CONTEXT('2D SPACE',''
  ) );
#15249 = PCURVE('',#13882,#15250);
#15250 = DEFINITIONAL_REPRESENTATION('',(#15251),#15255);
#15251 = LINE('',#15252,#15253);
#15252 = CARTESIAN_POINT('',(2.8,26.));
#15253 = VECTOR('',#15254,1.);
#15254 = DIRECTION('',(-1.,0.));
#15255 = ( GEOMETRIC_REPRESENTATION_CONTEXT(2) 
PARAMETRIC_REPRESENTATION_CONTEXT() REPRESENTATION_CONTEXT('2D SPACE',''
  ) );
#15256 = ADVANCED_FACE('',(#15257),#13882,.T.);
#15257 = FACE_BOUND('',#15258,.T.);
#15258 = EDGE_LOOP('',(#15259,#15260,#15261,#15284));
#15259 = ORIENTED_EDGE('',*,*,#13866,.F.);
#15260 = ORIENTED_EDGE('',*,*,#15236,.T.);
#15261 = ORIENTED_EDGE('',*,*,#15262,.T.);
#15262 = EDGE_CURVE('',#15214,#15263,#15265,.T.);
#15263 = VERTEX_POINT('',#15264);
#15264 = CARTESIAN_POINT('',(34.455,6.4,41.31));
#15265 = SURFACE_CURVE('',#15266,(#15270,#15277),.PCURVE_S1.);
#15266 = LINE('',#15267,#15268);
#15267 = CARTESIAN_POINT('',(34.455,34.4,41.31));
#15268 = VECTOR('',#15269,1.);
#15269 = DIRECTION('',(0.,-1.,0.));
#15270 = PCURVE('',#13882,#15271);
#15271 = DEFINITIONAL_REPRESENTATION('',(#15272),#15276);
#15272 = LINE('',#15273,#15274);
#15273 = CARTESIAN_POINT('',(-2.6,26.));
#15274 = VECTOR('',#15275,1.);
#15275 = DIRECTION('',(0.,-1.));
#15276 = ( GEOMETRIC_REPRESENTATION_CONTEXT(2) 
PARAMETRIC_REPRESENTATION_CONTEXT() REPRESENTATION_CONTEXT('2D SPACE',''
  ) );
#15277 = PCURVE('',#14314,#15278);
#15278 = DEFINITIONAL_REPRESENTATION('',(#15279),#15283);
#15279 = LINE('',#15280,#15281);
#15280 = CARTESIAN_POINT('',(35.91,-28.));
#15281 = VECTOR('',#15282,1.);
#15282 = DIRECTION('',(0.,1.));
#15283 = ( GEOMETRIC_REPRESENTATION_CONTEXT(2) 
PARAMETRIC_REPRESENTATION_CONTEXT() REPRESENTATION_CONTEXT('2D SPACE',''
  ) );
#15284 = ORIENTED_EDGE('',*,*,#15285,.T.);
#15285 = EDGE_CURVE('',#15263,#13867,#15286,.T.);
#15286 = SURFACE_CURVE('',#15287,(#15291,#15298),.PCURVE_S1.);
#15287 = LINE('',#15288,#15289);
#15288 = CARTESIAN_POINT('',(34.455,6.4,41.31));
#15289 = VECTOR('',#15290,1.);
#15290 = DIRECTION('',(1.,0.,0.));
#15291 = PCURVE('',#13882,#15292);
#15292 = DEFINITIONAL_REPRESENTATION('',(#15293),#15297);
#15293 = LINE('',#15294,#15295);
#15294 = CARTESIAN_POINT('',(-2.6,-2.));
#15295 = VECTOR('',#15296,1.);
#15296 = DIRECTION('',(1.,0.));
#15297 = ( GEOMETRIC_REPRESENTATION_CONTEXT(2) 
PARAMETRIC_REPRESENTATION_CONTEXT() REPRESENTATION_CONTEXT('2D SPACE',''
  ) );
#15298 = PCURVE('',#13910,#15299);
#15299 = DEFINITIONAL_REPRESENTATION('',(#15300),#15304);
#15300 = LINE('',#15301,#15302);
#15301 = CARTESIAN_POINT('',(35.91,0.));
#15302 = VECTOR('',#15303,1.);
#15303 = DIRECTION('',(0.,1.));
#15304 = ( GEOMETRIC_REPRESENTATION_CONTEXT(2) 
PARAMETRIC_REPRESENTATION_CONTEXT() REPRESENTATION_CONTEXT('2D SPACE',''
  ) );
#15305 = ADVANCED_FACE('',(#15306),#13910,.F.);
#15306 = FACE_BOUND('',#15307,.F.);
#15307 = EDGE_LOOP('',(#15308,#15309,#15330,#15331,#15332));
#15308 = ORIENTED_EDGE('',*,*,#14275,.F.);
#15309 = ORIENTED_EDGE('',*,*,#15310,.T.);
#15310 = EDGE_CURVE('',#14276,#15263,#15311,.T.);
#15311 = SURFACE_CURVE('',#15312,(#15316,#15323),.PCURVE_S1.);
#15312 = LINE('',#15313,#15314);
#15313 = CARTESIAN_POINT('',(34.455,6.4,5.4));
#15314 = VECTOR('',#15315,1.);
#15315 = DIRECTION('',(0.,0.,1.));
#15316 = PCURVE('',#13910,#15317);
#15317 = DEFINITIONAL_REPRESENTATION('',(#15318),#15322);
#15318 = LINE('',#15319,#15320);
#15319 = CARTESIAN_POINT('',(0.,0.));
#15320 = VECTOR('',#15321,1.);
#15321 = DIRECTION('',(1.,0.));
#15322 = ( GEOMETRIC_REPRESENTATION_CONTEXT(2) 
PARAMETRIC_REPRESENTATION_CONTEXT() REPRESENTATION_CONTEXT('2D SPACE',''
  ) );
#15323 = PCURVE('',#14314,#15324);
#15324 = DEFINITIONAL_REPRESENTATION('',(#15325),#15329);
#15325 = LINE('',#15326,#15327);
#15326 = CARTESIAN_POINT('',(0.,0.));
#15327 = VECTOR('',#15328,1.);
#15328 = DIRECTION('',(1.,0.));
#15329 = ( GEOMETRIC_REPRESENTATION_CONTEXT(2) 
PARAMETRIC_REPRESENTATION_CONTEXT() REPRESENTATION_CONTEXT('2D SPACE',''
  ) );
#15330 = ORIENTED_EDGE('',*,*,#15285,.T.);
#15331 = ORIENTED_EDGE('',*,*,#13894,.F.);
#15332 = ORIENTED_EDGE('',*,*,#15333,.F.);
#15333 = EDGE_CURVE('',#14004,#13895,#15334,.T.);
#15334 = SURFACE_CURVE('',#15335,(#15339,#15346),.PCURVE_S1.);
#15335 = LINE('',#15336,#15337);
#15336 = CARTESIAN_POINT('',(34.455,6.4,5.4));
#15337 = VECTOR('',#15338,1.);
#15338 = DIRECTION('',(1.,0.,0.));
#15339 = PCURVE('',#13910,#15340);
#15340 = DEFINITIONAL_REPRESENTATION('',(#15341),#15345);
#15341 = LINE('',#15342,#15343);
#15342 = CARTESIAN_POINT('',(0.,0.));
#15343 = VECTOR('',#15344,1.);
#15344 = DIRECTION('',(0.,1.));
#15345 = ( GEOMETRIC_REPRESENTATION_CONTEXT(2) 
PARAMETRIC_REPRESENTATION_CONTEXT() REPRESENTATION_CONTEXT('2D SPACE',''
  ) );
#15346 = PCURVE('',#13938,#15347);
#15347 = DEFINITIONAL_REPRESENTATION('',(#15348),#15352);
#15348 = LINE('',#15349,#15350);
#15349 = CARTESIAN_POINT('',(0.,0.));
#15350 = VECTOR('',#15351,1.);
#15351 = DIRECTION('',(1.,0.));
#15352 = ( GEOMETRIC_REPRESENTATION_CONTEXT(2) 
PARAMETRIC_REPRESENTATION_CONTEXT() REPRESENTATION_CONTEXT('2D SPACE',''
  ) );
#15353 = ADVANCED_FACE('',(#15354),#13938,.F.);
#15354 = FACE_BOUND('',#15355,.F.);
#15355 = EDGE_LOOP('',(#15356,#15357,#15358,#15359));
#15356 = ORIENTED_EDGE('',*,*,#14026,.F.);
#15357 = ORIENTED_EDGE('',*,*,#15333,.T.);
#15358 = ORIENTED_EDGE('',*,*,#13922,.T.);
#15359 = ORIENTED_EDGE('',*,*,#15360,.F.);
#15360 = EDGE_CURVE('',#14027,#13923,#15361,.T.);
#15361 = SURFACE_CURVE('',#15362,(#15366,#15373),.PCURVE_S1.);
#15362 = LINE('',#15363,#15364);
#15363 = CARTESIAN_POINT('',(34.455,8.4,5.4));
#15364 = VECTOR('',#15365,1.);
#15365 = DIRECTION('',(1.,0.,0.));
#15366 = PCURVE('',#13938,#15367);
#15367 = DEFINITIONAL_REPRESENTATION('',(#15368),#15372);
#15368 = LINE('',#15369,#15370);
#15369 = CARTESIAN_POINT('',(0.,2.));
#15370 = VECTOR('',#15371,1.);
#15371 = DIRECTION('',(1.,0.));
#15372 = ( GEOMETRIC_REPRESENTATION_CONTEXT(2) 
PARAMETRIC_REPRESENTATION_CONTEXT() REPRESENTATION_CONTEXT('2D SPACE',''
  ) );
#15373 = PCURVE('',#13966,#15374);
#15374 = DEFINITIONAL_REPRESENTATION('',(#15375),#15379);
#15375 = LINE('',#15376,#15377);
#15376 = CARTESIAN_POINT('',(2.8,3.455));
#15377 = VECTOR('',#15378,1.);
#15378 = DIRECTION('',(0.,1.));
#15379 = ( GEOMETRIC_REPRESENTATION_CONTEXT(2) 
PARAMETRIC_REPRESENTATION_CONTEXT() REPRESENTATION_CONTEXT('2D SPACE',''
  ) );
#15380 = ADVANCED_FACE('',(#15381),#13966,.F.);
#15381 = FACE_BOUND('',#15382,.F.);
#15382 = EDGE_LOOP('',(#15383,#15384,#15385));
#15383 = ORIENTED_EDGE('',*,*,#13950,.T.);
#15384 = ORIENTED_EDGE('',*,*,#14049,.T.);
#15385 = ORIENTED_EDGE('',*,*,#15360,.T.);
#15386 = ADVANCED_FACE('',(#15387),#14119,.F.);
#15387 = FACE_BOUND('',#15388,.F.);
#15388 = EDGE_LOOP('',(#15389,#15390,#15391,#15392));
#15389 = ORIENTED_EDGE('',*,*,#14103,.F.);
#15390 = ORIENTED_EDGE('',*,*,#15033,.T.);
#15391 = ORIENTED_EDGE('',*,*,#15111,.T.);
#15392 = ORIENTED_EDGE('',*,*,#14611,.F.);
#15393 = ADVANCED_FACE('',(#15394),#14168,.T.);
#15394 = FACE_BOUND('',#15395,.T.);
#15395 = EDGE_LOOP('',(#15396,#15397,#15398,#15399));
#15396 = ORIENTED_EDGE('',*,*,#14152,.F.);
#15397 = ORIENTED_EDGE('',*,*,#15011,.T.);
#15398 = ORIENTED_EDGE('',*,*,#14986,.T.);
#15399 = ORIENTED_EDGE('',*,*,#14915,.F.);
#15400 = ADVANCED_FACE('',(#15401,#15406),#14242,.T.);
#15401 = FACE_BOUND('',#15402,.T.);
#15402 = EDGE_LOOP('',(#15403,#15404,#15405));
#15403 = ORIENTED_EDGE('',*,*,#14457,.T.);
#15404 = ORIENTED_EDGE('',*,*,#14482,.T.);
#15405 = ORIENTED_EDGE('',*,*,#14226,.T.);
#15406 = FACE_BOUND('',#15407,.T.);
#15407 = EDGE_LOOP('',(#15408));
#15408 = ORIENTED_EDGE('',*,*,#15409,.F.);
#15409 = EDGE_CURVE('',#15410,#15410,#15412,.T.);
#15410 = VERTEX_POINT('',#15411);
#15411 = CARTESIAN_POINT('',(-2.449293598295E-16,4.5,8.));
#15412 = SURFACE_CURVE('',#15413,(#15418,#15425),.PCURVE_S1.);
#15413 = CIRCLE('',#15414,1.);
#15414 = AXIS2_PLACEMENT_3D('',#15415,#15416,#15417);
#15415 = CARTESIAN_POINT('',(0.,4.5,7.));
#15416 = DIRECTION('',(0.,1.,0.));
#15417 = DIRECTION('',(0.,-0.,1.));
#15418 = PCURVE('',#14242,#15419);
#15419 = DEFINITIONAL_REPRESENTATION('',(#15420),#15424);
#15420 = CIRCLE('',#15421,1.);
#15421 = AXIS2_PLACEMENT_2D('',#15422,#15423);
#15422 = CARTESIAN_POINT('',(7.,0.));
#15423 = DIRECTION('',(1.,0.));
#15424 = ( GEOMETRIC_REPRESENTATION_CONTEXT(2) 
PARAMETRIC_REPRESENTATION_CONTEXT() REPRESENTATION_CONTEXT('2D SPACE',''
  ) );
#15425 = PCURVE('',#15426,#15431);
#15426 = CYLINDRICAL_SURFACE('',#15427,1.);
#15427 = AXIS2_PLACEMENT_3D('',#15428,#15429,#15430);
#15428 = CARTESIAN_POINT('',(0.,-0.5,7.));
#15429 = DIRECTION('',(0.,1.,0.));
#15430 = DIRECTION('',(0.,-0.,1.));
#15431 = DEFINITIONAL_REPRESENTATION('',(#15432),#15436);
#15432 = LINE('',#15433,#15434);
#15433 = CARTESIAN_POINT('',(0.,5.));
#15434 = VECTOR('',#15435,1.);
#15435 = DIRECTION('',(1.,0.));
#15436 = ( GEOMETRIC_REPRESENTATION_CONTEXT(2) 
PARAMETRIC_REPRESENTATION_CONTEXT() REPRESENTATION_CONTEXT('2D SPACE',''
  ) );
#15437 = ADVANCED_FACE('',(#15438),#14314,.F.);
#15438 = FACE_BOUND('',#15439,.F.);
#15439 = EDGE_LOOP('',(#15440,#15441,#15442,#15465,#15486,#15487));
#15440 = ORIENTED_EDGE('',*,*,#15310,.F.);
#15441 = ORIENTED_EDGE('',*,*,#14298,.T.);
#15442 = ORIENTED_EDGE('',*,*,#15443,.T.);
#15443 = EDGE_CURVE('',#14299,#15444,#15446,.T.);
#15444 = VERTEX_POINT('',#15445);
#15445 = CARTESIAN_POINT('',(34.455,8.4,38.51));
#15446 = SURFACE_CURVE('',#15447,(#15451,#15458),.PCURVE_S1.);
#15447 = LINE('',#15448,#15449);
#15448 = CARTESIAN_POINT('',(34.455,8.4,5.4));
#15449 = VECTOR('',#15450,1.);
#15450 = DIRECTION('',(0.,0.,1.));
#15451 = PCURVE('',#14314,#15452);
#15452 = DEFINITIONAL_REPRESENTATION('',(#15453),#15457);
#15453 = LINE('',#15454,#15455);
#15454 = CARTESIAN_POINT('',(0.,-2.));
#15455 = VECTOR('',#15456,1.);
#15456 = DIRECTION('',(1.,0.));
#15457 = ( GEOMETRIC_REPRESENTATION_CONTEXT(2) 
PARAMETRIC_REPRESENTATION_CONTEXT() REPRESENTATION_CONTEXT('2D SPACE',''
  ) );
#15458 = PCURVE('',#14342,#15459);
#15459 = DEFINITIONAL_REPRESENTATION('',(#15460),#15464);
#15460 = LINE('',#15461,#15462);
#15461 = CARTESIAN_POINT('',(0.,0.));
#15462 = VECTOR('',#15463,1.);
#15463 = DIRECTION('',(1.,0.));
#15464 = ( GEOMETRIC_REPRESENTATION_CONTEXT(2) 
PARAMETRIC_REPRESENTATION_CONTEXT() REPRESENTATION_CONTEXT('2D SPACE',''
  ) );
#15465 = ORIENTED_EDGE('',*,*,#15466,.T.);
#15466 = EDGE_CURVE('',#15444,#15186,#15467,.T.);
#15467 = SURFACE_CURVE('',#15468,(#15472,#15479),.PCURVE_S1.);
#15468 = LINE('',#15469,#15470);
#15469 = CARTESIAN_POINT('',(34.455,8.4,38.51));
#15470 = VECTOR('',#15471,1.);
#15471 = DIRECTION('',(0.,1.,0.));
#15472 = PCURVE('',#14314,#15473);
#15473 = DEFINITIONAL_REPRESENTATION('',(#15474),#15478);
#15474 = LINE('',#15475,#15476);
#15475 = CARTESIAN_POINT('',(33.11,-2.));
#15476 = VECTOR('',#15477,1.);
#15477 = DIRECTION('',(0.,-1.));
#15478 = ( GEOMETRIC_REPRESENTATION_CONTEXT(2) 
PARAMETRIC_REPRESENTATION_CONTEXT() REPRESENTATION_CONTEXT('2D SPACE',''
  ) );
#15479 = PCURVE('',#15201,#15480);
#15480 = DEFINITIONAL_REPRESENTATION('',(#15481),#15485);
#15481 = LINE('',#15482,#15483);
#15482 = CARTESIAN_POINT('',(0.,0.));
#15483 = VECTOR('',#15484,1.);
#15484 = DIRECTION('',(0.,1.));
#15485 = ( GEOMETRIC_REPRESENTATION_CONTEXT(2) 
PARAMETRIC_REPRESENTATION_CONTEXT() REPRESENTATION_CONTEXT('2D SPACE',''
  ) );
#15486 = ORIENTED_EDGE('',*,*,#15213,.T.);
#15487 = ORIENTED_EDGE('',*,*,#15262,.T.);
#15488 = ADVANCED_FACE('',(#15489),#14342,.T.);
#15489 = FACE_BOUND('',#15490,.T.);
#15490 = EDGE_LOOP('',(#15491,#15492,#15493,#15516));
#15491 = ORIENTED_EDGE('',*,*,#14326,.F.);
#15492 = ORIENTED_EDGE('',*,*,#15443,.T.);
#15493 = ORIENTED_EDGE('',*,*,#15494,.T.);
#15494 = EDGE_CURVE('',#15444,#15495,#15497,.T.);
#15495 = VERTEX_POINT('',#15496);
#15496 = CARTESIAN_POINT('',(37.055,8.4,38.51));
#15497 = SURFACE_CURVE('',#15498,(#15502,#15509),.PCURVE_S1.);
#15498 = LINE('',#15499,#15500);
#15499 = CARTESIAN_POINT('',(34.455,8.4,38.51));
#15500 = VECTOR('',#15501,1.);
#15501 = DIRECTION('',(1.,0.,0.));
#15502 = PCURVE('',#14342,#15503);
#15503 = DEFINITIONAL_REPRESENTATION('',(#15504),#15508);
#15504 = LINE('',#15505,#15506);
#15505 = CARTESIAN_POINT('',(33.11,0.));
#15506 = VECTOR('',#15507,1.);
#15507 = DIRECTION('',(0.,1.));
#15508 = ( GEOMETRIC_REPRESENTATION_CONTEXT(2) 
PARAMETRIC_REPRESENTATION_CONTEXT() REPRESENTATION_CONTEXT('2D SPACE',''
  ) );
#15509 = PCURVE('',#15201,#15510);
#15510 = DEFINITIONAL_REPRESENTATION('',(#15511),#15515);
#15511 = LINE('',#15512,#15513);
#15512 = CARTESIAN_POINT('',(0.,0.));
#15513 = VECTOR('',#15514,1.);
#15514 = DIRECTION('',(1.,0.));
#15515 = ( GEOMETRIC_REPRESENTATION_CONTEXT(2) 
PARAMETRIC_REPRESENTATION_CONTEXT() REPRESENTATION_CONTEXT('2D SPACE',''
  ) );
#15516 = ORIENTED_EDGE('',*,*,#15517,.F.);
#15517 = EDGE_CURVE('',#14327,#15495,#15518,.T.);
#15518 = SURFACE_CURVE('',#15519,(#15523,#15530),.PCURVE_S1.);
#15519 = LINE('',#15520,#15521);
#15520 = CARTESIAN_POINT('',(37.055,8.4,2.6));
#15521 = VECTOR('',#15522,1.);
#15522 = DIRECTION('',(0.,0.,1.));
#15523 = PCURVE('',#14342,#15524);
#15524 = DEFINITIONAL_REPRESENTATION('',(#15525),#15529);
#15525 = LINE('',#15526,#15527);
#15526 = CARTESIAN_POINT('',(-2.8,2.6));
#15527 = VECTOR('',#15528,1.);
#15528 = DIRECTION('',(1.,0.));
#15529 = ( GEOMETRIC_REPRESENTATION_CONTEXT(2) 
PARAMETRIC_REPRESENTATION_CONTEXT() REPRESENTATION_CONTEXT('2D SPACE',''
  ) );
#15530 = PCURVE('',#14369,#15531);
#15531 = DEFINITIONAL_REPRESENTATION('',(#15532),#15536);
#15532 = LINE('',#15533,#15534);
#15533 = CARTESIAN_POINT('',(0.,0.));
#15534 = VECTOR('',#15535,1.);
#15535 = DIRECTION('',(1.,0.));
#15536 = ( GEOMETRIC_REPRESENTATION_CONTEXT(2) 
PARAMETRIC_REPRESENTATION_CONTEXT() REPRESENTATION_CONTEXT('2D SPACE',''
  ) );
#15537 = ADVANCED_FACE('',(#15538,#15602),#14369,.F.);
#15538 = FACE_BOUND('',#15539,.F.);
#15539 = EDGE_LOOP('',(#15540,#15541,#15542,#15563,#15582,#15583));
#15540 = ORIENTED_EDGE('',*,*,#15517,.F.);
#15541 = ORIENTED_EDGE('',*,*,#14354,.T.);
#15542 = ORIENTED_EDGE('',*,*,#15543,.T.);
#15543 = EDGE_CURVE('',#14355,#15544,#15546,.T.);
#15544 = VERTEX_POINT('',#15545);
#15545 = CARTESIAN_POINT('',(37.055,31.6,13.4));
#15546 = SURFACE_CURVE('',#15547,(#15551,#15557),.PCURVE_S1.);
#15547 = LINE('',#15548,#15549);
#15548 = CARTESIAN_POINT('',(37.055,31.6,4.));
#15549 = VECTOR('',#15550,1.);
#15550 = DIRECTION('',(0.,0.,1.));
#15551 = PCURVE('',#14369,#15552);
#15552 = DEFINITIONAL_REPRESENTATION('',(#15553),#15556);
#15553 = B_SPLINE_CURVE_WITH_KNOTS('',1,(#15554,#15555),.UNSPECIFIED.,
  .F.,.F.,(2,2),(1.4,9.4),.PIECEWISE_BEZIER_KNOTS.);
#15554 = CARTESIAN_POINT('',(2.8,-23.2));
#15555 = CARTESIAN_POINT('',(10.8,-23.2));
#15556 = ( GEOMETRIC_REPRESENTATION_CONTEXT(2) 
PARAMETRIC_REPRESENTATION_CONTEXT() REPRESENTATION_CONTEXT('2D SPACE',''
  ) );
#15557 = PCURVE('',#14396,#15558);
#15558 = DEFINITIONAL_REPRESENTATION('',(#15559),#15562);
#15559 = B_SPLINE_CURVE_WITH_KNOTS('',1,(#15560,#15561),.UNSPECIFIED.,
  .F.,.F.,(2,2),(1.4,9.4),.PIECEWISE_BEZIER_KNOTS.);
#15560 = CARTESIAN_POINT('',(0.,6.055));
#15561 = CARTESIAN_POINT('',(8.,6.055));
#15562 = ( GEOMETRIC_REPRESENTATION_CONTEXT(2) 
PARAMETRIC_REPRESENTATION_CONTEXT() REPRESENTATION_CONTEXT('2D SPACE',''
  ) );
#15563 = ORIENTED_EDGE('',*,*,#15564,.F.);
#15564 = EDGE_CURVE('',#15140,#15544,#15565,.T.);
#15565 = SURFACE_CURVE('',#15566,(#15570,#15576),.PCURVE_S1.);
#15566 = LINE('',#15567,#15568);
#15567 = CARTESIAN_POINT('',(37.055,20.,13.4));
#15568 = VECTOR('',#15569,1.);
#15569 = DIRECTION('',(0.,-1.,0.));
#15570 = PCURVE('',#14369,#15571);
#15571 = DEFINITIONAL_REPRESENTATION('',(#15572),#15575);
#15572 = B_SPLINE_CURVE_WITH_KNOTS('',1,(#15573,#15574),.UNSPECIFIED.,
  .F.,.F.,(2,2),(-14.4,-11.6),.PIECEWISE_BEZIER_KNOTS.);
#15573 = CARTESIAN_POINT('',(10.8,-26.));
#15574 = CARTESIAN_POINT('',(10.8,-23.2));
#15575 = ( GEOMETRIC_REPRESENTATION_CONTEXT(2) 
PARAMETRIC_REPRESENTATION_CONTEXT() REPRESENTATION_CONTEXT('2D SPACE',''
  ) );
#15576 = PCURVE('',#14676,#15577);
#15577 = DEFINITIONAL_REPRESENTATION('',(#15578),#15581);
#15578 = B_SPLINE_CURVE_WITH_KNOTS('',1,(#15579,#15580),.UNSPECIFIED.,
  .F.,.F.,(2,2),(-14.4,-11.6),.PIECEWISE_BEZIER_KNOTS.);
#15579 = CARTESIAN_POINT('',(6.055,2.8));
#15580 = CARTESIAN_POINT('',(6.055,0.));
#15581 = ( GEOMETRIC_REPRESENTATION_CONTEXT(2) 
PARAMETRIC_REPRESENTATION_CONTEXT() REPRESENTATION_CONTEXT('2D SPACE',''
  ) );
#15582 = ORIENTED_EDGE('',*,*,#15162,.T.);
#15583 = ORIENTED_EDGE('',*,*,#15584,.T.);
#15584 = EDGE_CURVE('',#15163,#15495,#15585,.T.);
#15585 = SURFACE_CURVE('',#15586,(#15590,#15596),.PCURVE_S1.);
#15586 = LINE('',#15587,#15588);
#15587 = CARTESIAN_POINT('',(37.055,8.4,38.51));
#15588 = VECTOR('',#15589,1.);
#15589 = DIRECTION('',(0.,-1.,0.));
#15590 = PCURVE('',#14369,#15591);
#15591 = DEFINITIONAL_REPRESENTATION('',(#15592),#15595);
#15592 = B_SPLINE_CURVE_WITH_KNOTS('',1,(#15593,#15594),.UNSPECIFIED.,
  .F.,.F.,(2,2),(-26.,0.),.PIECEWISE_BEZIER_KNOTS.);
#15593 = CARTESIAN_POINT('',(35.91,-26.));
#15594 = CARTESIAN_POINT('',(35.91,0.));
#15595 = ( GEOMETRIC_REPRESENTATION_CONTEXT(2) 
PARAMETRIC_REPRESENTATION_CONTEXT() REPRESENTATION_CONTEXT('2D SPACE',''
  ) );
#15596 = PCURVE('',#15201,#15597);
#15597 = DEFINITIONAL_REPRESENTATION('',(#15598),#15601);
#15598 = B_SPLINE_CURVE_WITH_KNOTS('',1,(#15599,#15600),.UNSPECIFIED.,
  .F.,.F.,(2,2),(-26.,0.),.PIECEWISE_BEZIER_KNOTS.);
#15599 = CARTESIAN_POINT('',(2.6,26.));
#15600 = CARTESIAN_POINT('',(2.6,0.));
#15601 = ( GEOMETRIC_REPRESENTATION_CONTEXT(2) 
PARAMETRIC_REPRESENTATION_CONTEXT() REPRESENTATION_CONTEXT('2D SPACE',''
  ) );
#15602 = FACE_BOUND('',#15603,.F.);
#15603 = EDGE_LOOP('',(#15604));
#15604 = ORIENTED_EDGE('',*,*,#15605,.F.);
#15605 = EDGE_CURVE('',#15606,#15606,#15608,.T.);
#15606 = VERTEX_POINT('',#15607);
#15607 = CARTESIAN_POINT('',(37.055,23.8,23.9932));
#15608 = SURFACE_CURVE('',#15609,(#15614,#15621),.PCURVE_S1.);
#15609 = CIRCLE('',#15610,2.);
#15610 = AXIS2_PLACEMENT_3D('',#15611,#15612,#15613);
#15611 = CARTESIAN_POINT('',(37.055,23.8,21.9932));
#15612 = DIRECTION('',(1.,0.,0.));
#15613 = DIRECTION('',(-0.,0.,1.));
#15614 = PCURVE('',#14369,#15615);
#15615 = DEFINITIONAL_REPRESENTATION('',(#15616),#15620);
#15616 = CIRCLE('',#15617,2.);
#15617 = AXIS2_PLACEMENT_2D('',#15618,#15619);
#15618 = CARTESIAN_POINT('',(19.3932,-15.4));
#15619 = DIRECTION('',(1.,0.));
#15620 = ( GEOMETRIC_REPRESENTATION_CONTEXT(2) 
PARAMETRIC_REPRESENTATION_CONTEXT() REPRESENTATION_CONTEXT('2D SPACE',''
  ) );
#15621 = PCURVE('',#15622,#15627);
#15622 = CYLINDRICAL_SURFACE('',#15623,2.);
#15623 = AXIS2_PLACEMENT_3D('',#15624,#15625,#15626);
#15624 = CARTESIAN_POINT('',(36.305,23.8,21.9932));
#15625 = DIRECTION('',(1.,0.,0.));
#15626 = DIRECTION('',(-0.,0.,1.));
#15627 = DEFINITIONAL_REPRESENTATION('',(#15628),#15632);
#15628 = LINE('',#15629,#15630);
#15629 = CARTESIAN_POINT('',(0.,0.75));
#15630 = VECTOR('',#15631,1.);
#15631 = DIRECTION('',(1.,0.));
#15632 = ( GEOMETRIC_REPRESENTATION_CONTEXT(2) 
PARAMETRIC_REPRESENTATION_CONTEXT() REPRESENTATION_CONTEXT('2D SPACE',''
  ) );
#15633 = ADVANCED_FACE('',(#15634),#14396,.F.);
#15634 = FACE_BOUND('',#15635,.F.);
#15635 = EDGE_LOOP('',(#15636,#15637,#15638,#15659));
#15636 = ORIENTED_EDGE('',*,*,#14380,.F.);
#15637 = ORIENTED_EDGE('',*,*,#14688,.T.);
#15638 = ORIENTED_EDGE('',*,*,#15639,.T.);
#15639 = EDGE_CURVE('',#14661,#15544,#15640,.T.);
#15640 = SURFACE_CURVE('',#15641,(#15645,#15652),.PCURVE_S1.);
#15641 = LINE('',#15642,#15643);
#15642 = CARTESIAN_POINT('',(31.,31.6,13.4));
#15643 = VECTOR('',#15644,1.);
#15644 = DIRECTION('',(1.,0.,0.));
#15645 = PCURVE('',#14396,#15646);
#15646 = DEFINITIONAL_REPRESENTATION('',(#15647),#15651);
#15647 = LINE('',#15648,#15649);
#15648 = CARTESIAN_POINT('',(8.,0.));
#15649 = VECTOR('',#15650,1.);
#15650 = DIRECTION('',(0.,1.));
#15651 = ( GEOMETRIC_REPRESENTATION_CONTEXT(2) 
PARAMETRIC_REPRESENTATION_CONTEXT() REPRESENTATION_CONTEXT('2D SPACE',''
  ) );
#15652 = PCURVE('',#14676,#15653);
#15653 = DEFINITIONAL_REPRESENTATION('',(#15654),#15658);
#15654 = LINE('',#15655,#15656);
#15655 = CARTESIAN_POINT('',(0.,0.));
#15656 = VECTOR('',#15657,1.);
#15657 = DIRECTION('',(1.,0.));
#15658 = ( GEOMETRIC_REPRESENTATION_CONTEXT(2) 
PARAMETRIC_REPRESENTATION_CONTEXT() REPRESENTATION_CONTEXT('2D SPACE',''
  ) );
#15659 = ORIENTED_EDGE('',*,*,#15543,.F.);
#15660 = ADVANCED_FACE('',(#15661,#15664,#15667,#15670,#15673,#15699),
  #14520,.F.);
#15661 = FACE_BOUND('',#15662,.F.);
#15662 = EDGE_LOOP('',(#15663));
#15663 = ORIENTED_EDGE('',*,*,#14505,.T.);
#15664 = FACE_BOUND('',#15665,.F.);
#15665 = EDGE_LOOP('',(#15666));
#15666 = ORIENTED_EDGE('',*,*,#14737,.F.);
#15667 = FACE_BOUND('',#15668,.F.);
#15668 = EDGE_LOOP('',(#15669));
#15669 = ORIENTED_EDGE('',*,*,#14787,.F.);
#15670 = FACE_BOUND('',#15671,.F.);
#15671 = EDGE_LOOP('',(#15672));
#15672 = ORIENTED_EDGE('',*,*,#14837,.F.);
#15673 = FACE_BOUND('',#15674,.F.);
#15674 = EDGE_LOOP('',(#15675));
#15675 = ORIENTED_EDGE('',*,*,#15676,.F.);
#15676 = EDGE_CURVE('',#15677,#15677,#15679,.T.);
#15677 = VERTEX_POINT('',#15678);
#15678 = CARTESIAN_POINT('',(-2.449293598295E-16,0.,8.));
#15679 = SURFACE_CURVE('',#15680,(#15685,#15692),.PCURVE_S1.);
#15680 = CIRCLE('',#15681,1.);
#15681 = AXIS2_PLACEMENT_3D('',#15682,#15683,#15684);
#15682 = CARTESIAN_POINT('',(0.,0.,7.));
#15683 = DIRECTION('',(0.,1.,0.));
#15684 = DIRECTION('',(0.,-0.,1.));
#15685 = PCURVE('',#14520,#15686);
#15686 = DEFINITIONAL_REPRESENTATION('',(#15687),#15691);
#15687 = CIRCLE('',#15688,1.);
#15688 = AXIS2_PLACEMENT_2D('',#15689,#15690);
#15689 = CARTESIAN_POINT('',(7.,0.));
#15690 = DIRECTION('',(1.,0.));
#15691 = ( GEOMETRIC_REPRESENTATION_CONTEXT(2) 
PARAMETRIC_REPRESENTATION_CONTEXT() REPRESENTATION_CONTEXT('2D SPACE',''
  ) );
#15692 = PCURVE('',#15426,#15693);
#15693 = DEFINITIONAL_REPRESENTATION('',(#15694),#15698);
#15694 = LINE('',#15695,#15696);
#15695 = CARTESIAN_POINT('',(0.,0.5));
#15696 = VECTOR('',#15697,1.);
#15697 = DIRECTION('',(1.,0.));
#15698 = ( GEOMETRIC_REPRESENTATION_CONTEXT(2) 
PARAMETRIC_REPRESENTATION_CONTEXT() REPRESENTATION_CONTEXT('2D SPACE',''
  ) );
#15699 = FACE_BOUND('',#15700,.F.);
#15700 = EDGE_LOOP('',(#15701));
#15701 = ORIENTED_EDGE('',*,*,#14887,.F.);
#15702 = ADVANCED_FACE('',(#15703),#14676,.T.);
#15703 = FACE_BOUND('',#15704,.T.);
#15704 = EDGE_LOOP('',(#15705,#15706,#15707,#15708));
#15705 = ORIENTED_EDGE('',*,*,#15139,.F.);
#15706 = ORIENTED_EDGE('',*,*,#14660,.F.);
#15707 = ORIENTED_EDGE('',*,*,#15639,.T.);
#15708 = ORIENTED_EDGE('',*,*,#15564,.F.);
#15709 = ADVANCED_FACE('',(#15710),#15094,.T.);
#15710 = FACE_BOUND('',#15711,.T.);
#15711 = EDGE_LOOP('',(#15712,#15735,#15762,#15763));
#15712 = ORIENTED_EDGE('',*,*,#15713,.T.);
#15713 = EDGE_CURVE('',#15078,#15714,#15716,.T.);
#15714 = VERTEX_POINT('',#15715);
#15715 = CARTESIAN_POINT('',(-36.305,23.8,23.9932));
#15716 = SEAM_CURVE('',#15717,(#15721,#15728),.PCURVE_S1.);
#15717 = LINE('',#15718,#15719);
#15718 = CARTESIAN_POINT('',(-39.855,23.8,23.9932));
#15719 = VECTOR('',#15720,1.);
#15720 = DIRECTION('',(1.,0.,0.));
#15721 = PCURVE('',#15094,#15722);
#15722 = DEFINITIONAL_REPRESENTATION('',(#15723),#15727);
#15723 = LINE('',#15724,#15725);
#15724 = CARTESIAN_POINT('',(6.28318530718,-0.));
#15725 = VECTOR('',#15726,1.);
#15726 = DIRECTION('',(0.,1.));
#15727 = ( GEOMETRIC_REPRESENTATION_CONTEXT(2) 
PARAMETRIC_REPRESENTATION_CONTEXT() REPRESENTATION_CONTEXT('2D SPACE',''
  ) );
#15728 = PCURVE('',#15094,#15729);
#15729 = DEFINITIONAL_REPRESENTATION('',(#15730),#15734);
#15730 = LINE('',#15731,#15732);
#15731 = CARTESIAN_POINT('',(0.,-0.));
#15732 = VECTOR('',#15733,1.);
#15733 = DIRECTION('',(0.,1.));
#15734 = ( GEOMETRIC_REPRESENTATION_CONTEXT(2) 
PARAMETRIC_REPRESENTATION_CONTEXT() REPRESENTATION_CONTEXT('2D SPACE',''
  ) );
#15735 = ORIENTED_EDGE('',*,*,#15736,.F.);
#15736 = EDGE_CURVE('',#15714,#15714,#15737,.T.);
#15737 = SURFACE_CURVE('',#15738,(#15743,#15750),.PCURVE_S1.);
#15738 = CIRCLE('',#15739,2.);
#15739 = AXIS2_PLACEMENT_3D('',#15740,#15741,#15742);
#15740 = CARTESIAN_POINT('',(-36.305,23.8,21.9932));
#15741 = DIRECTION('',(1.,0.,0.));
#15742 = DIRECTION('',(-0.,0.,1.));
#15743 = PCURVE('',#15094,#15744);
#15744 = DEFINITIONAL_REPRESENTATION('',(#15745),#15749);
#15745 = LINE('',#15746,#15747);
#15746 = CARTESIAN_POINT('',(0.,3.55));
#15747 = VECTOR('',#15748,1.);
#15748 = DIRECTION('',(1.,0.));
#15749 = ( GEOMETRIC_REPRESENTATION_CONTEXT(2) 
PARAMETRIC_REPRESENTATION_CONTEXT() REPRESENTATION_CONTEXT('2D SPACE',''
  ) );
#15750 = PCURVE('',#15751,#15756);
#15751 = PLANE('',#15752);
#15752 = AXIS2_PLACEMENT_3D('',#15753,#15754,#15755);
#15753 = CARTESIAN_POINT('',(-36.305,23.8,21.9932));
#15754 = DIRECTION('',(1.,0.,0.));
#15755 = DIRECTION('',(-0.,0.,1.));
#15756 = DEFINITIONAL_REPRESENTATION('',(#15757),#15761);
#15757 = CIRCLE('',#15758,2.);
#15758 = AXIS2_PLACEMENT_2D('',#15759,#15760);
#15759 = CARTESIAN_POINT('',(0.,0.));
#15760 = DIRECTION('',(1.,0.));
#15761 = ( GEOMETRIC_REPRESENTATION_CONTEXT(2) 
PARAMETRIC_REPRESENTATION_CONTEXT() REPRESENTATION_CONTEXT('2D SPACE',''
  ) );
#15762 = ORIENTED_EDGE('',*,*,#15713,.F.);
#15763 = ORIENTED_EDGE('',*,*,#15077,.T.);
#15764 = ADVANCED_FACE('',(#15765),#15201,.F.);
#15765 = FACE_BOUND('',#15766,.F.);
#15766 = EDGE_LOOP('',(#15767,#15768,#15769,#15770));
#15767 = ORIENTED_EDGE('',*,*,#15185,.F.);
#15768 = ORIENTED_EDGE('',*,*,#15466,.F.);
#15769 = ORIENTED_EDGE('',*,*,#15494,.T.);
#15770 = ORIENTED_EDGE('',*,*,#15584,.F.);
#15771 = ADVANCED_FACE('',(#15772),#15426,.F.);
#15772 = FACE_BOUND('',#15773,.F.);
#15773 = EDGE_LOOP('',(#15774,#15775,#15796,#15797));
#15774 = ORIENTED_EDGE('',*,*,#15409,.F.);
#15775 = ORIENTED_EDGE('',*,*,#15776,.F.);
#15776 = EDGE_CURVE('',#15677,#15410,#15777,.T.);
#15777 = SEAM_CURVE('',#15778,(#15782,#15789),.PCURVE_S1.);
#15778 = LINE('',#15779,#15780);
#15779 = CARTESIAN_POINT('',(-2.449293598295E-16,-0.5,8.));
#15780 = VECTOR('',#15781,1.);
#15781 = DIRECTION('',(0.,1.,0.));
#15782 = PCURVE('',#15426,#15783);
#15783 = DEFINITIONAL_REPRESENTATION('',(#15784),#15788);
#15784 = LINE('',#15785,#15786);
#15785 = CARTESIAN_POINT('',(6.28318530718,-0.));
#15786 = VECTOR('',#15787,1.);
#15787 = DIRECTION('',(0.,1.));
#15788 = ( GEOMETRIC_REPRESENTATION_CONTEXT(2) 
PARAMETRIC_REPRESENTATION_CONTEXT() REPRESENTATION_CONTEXT('2D SPACE',''
  ) );
#15789 = PCURVE('',#15426,#15790);
#15790 = DEFINITIONAL_REPRESENTATION('',(#15791),#15795);
#15791 = LINE('',#15792,#15793);
#15792 = CARTESIAN_POINT('',(0.,-0.));
#15793 = VECTOR('',#15794,1.);
#15794 = DIRECTION('',(0.,1.));
#15795 = ( GEOMETRIC_REPRESENTATION_CONTEXT(2) 
PARAMETRIC_REPRESENTATION_CONTEXT() REPRESENTATION_CONTEXT('2D SPACE',''
  ) );
#15796 = ORIENTED_EDGE('',*,*,#15676,.T.);
#15797 = ORIENTED_EDGE('',*,*,#15776,.T.);
#15798 = ADVANCED_FACE('',(#15799),#15622,.T.);
#15799 = FACE_BOUND('',#15800,.T.);
#15800 = EDGE_LOOP('',(#15801,#15802,#15825,#15852));
#15801 = ORIENTED_EDGE('',*,*,#15605,.F.);
#15802 = ORIENTED_EDGE('',*,*,#15803,.F.);
#15803 = EDGE_CURVE('',#15804,#15606,#15806,.T.);
#15804 = VERTEX_POINT('',#15805);
#15805 = CARTESIAN_POINT('',(36.305,23.8,23.9932));
#15806 = SEAM_CURVE('',#15807,(#15811,#15818),.PCURVE_S1.);
#15807 = LINE('',#15808,#15809);
#15808 = CARTESIAN_POINT('',(36.305,23.8,23.9932));
#15809 = VECTOR('',#15810,1.);
#15810 = DIRECTION('',(1.,0.,0.));
#15811 = PCURVE('',#15622,#15812);
#15812 = DEFINITIONAL_REPRESENTATION('',(#15813),#15817);
#15813 = LINE('',#15814,#15815);
#15814 = CARTESIAN_POINT('',(6.28318530718,-0.));
#15815 = VECTOR('',#15816,1.);
#15816 = DIRECTION('',(0.,1.));
#15817 = ( GEOMETRIC_REPRESENTATION_CONTEXT(2) 
PARAMETRIC_REPRESENTATION_CONTEXT() REPRESENTATION_CONTEXT('2D SPACE',''
  ) );
#15818 = PCURVE('',#15622,#15819);
#15819 = DEFINITIONAL_REPRESENTATION('',(#15820),#15824);
#15820 = LINE('',#15821,#15822);
#15821 = CARTESIAN_POINT('',(0.,-0.));
#15822 = VECTOR('',#15823,1.);
#15823 = DIRECTION('',(0.,1.));
#15824 = ( GEOMETRIC_REPRESENTATION_CONTEXT(2) 
PARAMETRIC_REPRESENTATION_CONTEXT() REPRESENTATION_CONTEXT('2D SPACE',''
  ) );
#15825 = ORIENTED_EDGE('',*,*,#15826,.T.);
#15826 = EDGE_CURVE('',#15804,#15804,#15827,.T.);
#15827 = SURFACE_CURVE('',#15828,(#15833,#15840),.PCURVE_S1.);
#15828 = CIRCLE('',#15829,2.);
#15829 = AXIS2_PLACEMENT_3D('',#15830,#15831,#15832);
#15830 = CARTESIAN_POINT('',(36.305,23.8,21.9932));
#15831 = DIRECTION('',(1.,0.,0.));
#15832 = DIRECTION('',(-0.,0.,1.));
#15833 = PCURVE('',#15622,#15834);
#15834 = DEFINITIONAL_REPRESENTATION('',(#15835),#15839);
#15835 = LINE('',#15836,#15837);
#15836 = CARTESIAN_POINT('',(0.,0.));
#15837 = VECTOR('',#15838,1.);
#15838 = DIRECTION('',(1.,0.));
#15839 = ( GEOMETRIC_REPRESENTATION_CONTEXT(2) 
PARAMETRIC_REPRESENTATION_CONTEXT() REPRESENTATION_CONTEXT('2D SPACE',''
  ) );
#15840 = PCURVE('',#15841,#15846);
#15841 = PLANE('',#15842);
#15842 = AXIS2_PLACEMENT_3D('',#15843,#15844,#15845);
#15843 = CARTESIAN_POINT('',(36.305,23.8,21.9932));
#15844 = DIRECTION('',(1.,0.,0.));
#15845 = DIRECTION('',(-0.,0.,1.));
#15846 = DEFINITIONAL_REPRESENTATION('',(#15847),#15851);
#15847 = CIRCLE('',#15848,2.);
#15848 = AXIS2_PLACEMENT_2D('',#15849,#15850);
#15849 = CARTESIAN_POINT('',(0.,0.));
#15850 = DIRECTION('',(1.,0.));
#15851 = ( GEOMETRIC_REPRESENTATION_CONTEXT(2) 
PARAMETRIC_REPRESENTATION_CONTEXT() REPRESENTATION_CONTEXT('2D SPACE',''
  ) );
#15852 = ORIENTED_EDGE('',*,*,#15803,.T.);
#15853 = ADVANCED_FACE('',(#15854),#15751,.T.);
#15854 = FACE_BOUND('',#15855,.T.);
#15855 = EDGE_LOOP('',(#15856));
#15856 = ORIENTED_EDGE('',*,*,#15736,.T.);
#15857 = ADVANCED_FACE('',(#15858),#15841,.F.);
#15858 = FACE_BOUND('',#15859,.T.);
#15859 = EDGE_LOOP('',(#15860));
#15860 = ORIENTED_EDGE('',*,*,#15826,.F.);
#15861 = ( GEOMETRIC_REPRESENTATION_CONTEXT(3) 
GLOBAL_UNCERTAINTY_ASSIGNED_CONTEXT((#15865)) 
GLOBAL_UNIT_ASSIGNED_CONTEXT((#15862,#15863,#15864)) 
REPRESENTATION_CONTEXT('Context #1',
  '3D Context with UNIT and UNCERTAINTY') );
#15862 = ( LENGTH_UNIT() NAMED_UNIT(*) SI_UNIT(.MILLI.,.METRE.) );
#15863 = ( NAMED_UNIT(*) PLANE_ANGLE_UNIT() SI_UNIT($,.RADIAN.) );
#15864 = ( NAMED_UNIT(*) SI_UNIT($,.STERADIAN.) SOLID_ANGLE_UNIT() );
#15865 = UNCERTAINTY_MEASURE_WITH_UNIT(LENGTH_MEASURE(1.E-07),#15862,
  'distance_accuracy_value','confusion accuracy');
#15866 = CONTEXT_DEPENDENT_SHAPE_REPRESENTATION(#15867,#15869);
#15867 = ( REPRESENTATION_RELATIONSHIP('','',#12395,#10) 
REPRESENTATION_RELATIONSHIP_WITH_TRANSFORMATION(#15868) 
SHAPE_REPRESENTATION_RELATIONSHIP() );
#15868 = ITEM_DEFINED_TRANSFORMATION('','',#11,#27);
#15869 = PRODUCT_DEFINITION_SHAPE('Placement','Placement of an item',
  #15870);
#15870 = NEXT_ASSEMBLY_USAGE_OCCURRENCE('8',
  'Logitech_C270_ScrewlessCradle','',#5,#12390,$);
#15871 = PRODUCT_RELATED_PRODUCT_CATEGORY('part',$,(#12392));
#15872 = MECHANICAL_DESIGN_GEOMETRIC_PRESENTATION_REPRESENTATION('',(
    #15873),#12377);
#15873 = STYLED_ITEM('color',(#15874),#11401);
#15874 = PRESENTATION_STYLE_ASSIGNMENT((#15875));
#15875 = SURFACE_STYLE_USAGE(.BOTH.,#15876);
#15876 = SURFACE_SIDE_STYLE('',(#15877));
#15877 = SURFACE_STYLE_FILL_AREA(#15878);
#15878 = FILL_AREA_STYLE('',(#15879));
#15879 = FILL_AREA_STYLE_COLOUR('',#15880);
#15880 = COLOUR_RGB('',0.950000001282,0.620000000292,0.180000002302);
#15881 = MECHANICAL_DESIGN_GEOMETRIC_PRESENTATION_REPRESENTATION('',(
    #15882),#5393);
#15882 = STYLED_ITEM('color',(#15883),#45);
#15883 = PRESENTATION_STYLE_ASSIGNMENT((#15884));
#15884 = SURFACE_STYLE_USAGE(.BOTH.,#15885);
#15885 = SURFACE_SIDE_STYLE('',(#15886));
#15886 = SURFACE_STYLE_FILL_AREA(#15887);
#15887 = FILL_AREA_STYLE('',(#15888));
#15888 = FILL_AREA_STYLE_COLOUR('',#15889);
#15889 = COLOUR_RGB('',0.27999999963,0.309999994343,0.36000000506);
#15890 = MECHANICAL_DESIGN_GEOMETRIC_PRESENTATION_REPRESENTATION('',(
    #15891),#11382);
#15891 = STYLED_ITEM('color',(#15892),#5412);
#15892 = PRESENTATION_STYLE_ASSIGNMENT((#15893));
#15893 = SURFACE_STYLE_USAGE(.BOTH.,#15894);
#15894 = SURFACE_SIDE_STYLE('',(#15895));
#15895 = SURFACE_STYLE_FILL_AREA(#15896);
#15896 = FILL_AREA_STYLE('',(#15897));
#15897 = FILL_AREA_STYLE_COLOUR('',#15898);
#15898 = COLOUR_RGB('',0.180000002302,0.55000000909,0.920000012397);
#15899 = MECHANICAL_DESIGN_GEOMETRIC_PRESENTATION_REPRESENTATION('',(
    #15900),#15861);
#15900 = STYLED_ITEM('color',(#15901),#12396);
#15901 = PRESENTATION_STYLE_ASSIGNMENT((#15902));
#15902 = SURFACE_STYLE_USAGE(.BOTH.,#15903);
#15903 = SURFACE_SIDE_STYLE('',(#15904));
#15904 = SURFACE_STYLE_FILL_AREA(#15905);
#15905 = FILL_AREA_STYLE('',(#15906));
#15906 = FILL_AREA_STYLE_COLOUR('',#15907);
#15907 = COLOUR_RGB('',0.180000002302,0.819999987296,0.580000000354);
ENDSEC;
END-ISO-10303-21;
